noisy_input,clean_output
मुषे फसली नें गस रहते हा।,मुझे पसली में गैस रहती है।
वययाम करमे पर कमज़ोर लगती है।,व्यायाम करने पर कमजोरी लगती है।
कळाई भें सजन ैह औलर खुजली भ तआी है।,कलाई में सूजन है और खुजली भी आती है।
ोपअर टखा भें ैश होनैरगी है।,दोपहर टखना में रैश होने लगती है।
मुझे हर्निया है और ठोड़ी में भख न लगना होता है।,मुझे हर्निया है और ठोड़ी में भूख न लगना होता है।
कमर ें डर्ड रहा हा।,कमर में दर्द रहता है।
मंशेपशीकी थबचो पर चत आटी है।,मांसपेशी की त्वचा पर चोट आती है।
गड़् दन गुमाने में दिक्कत है।,गर्दन घुमाने में दिक्कत है।
मुझे कूळहा मे उल्टी शूरू होटी है।,मुझे कूल्हा में उल्टी शुरू होती है।
होठ मं शूजऔन है और कमजोरजी भी अती है।,होंठ में सूजन है और कमजोरी भी रहती है।
रधी़ कीतअवाच लणकसील क हो झात है।,रीढ़ की त्वचा पर नकसीर कम हो जाती है।
झुकने पर पलक भें खिंचाव वढ़ जाता है।,झुकने पर पलक में खिंचाव बढ़ जाता है।
लिशड़ में रध्द ड़हतोहा।,शरीर में दर्द रहता है।
छाती मिं दबव महसूस गोता अै।,छाती में दबाव महसूस होता है।
पीठ मां अकड़न है।,पीठ में अकड़न है।
हुंठ प गे हैं।,होंठ फट रहे हैं।
गाना खनोे के बाद ठंड लगना शुरू होता है।,खाना खाने के बाद ठंड लगना शुरू होता है।
गाँसी में खून आता गै।,खाँसी में खून आता है।
मथ को छूने पर क़ाफि फोड़ा आतो है।,माथा को छूने पर काफी फोड़ा आता है।
डॉक्टर ने कहो साइनस है।,डॉक्टर ने कहा साइनस है।
ठद में रीढ़ मे संकअलमणघ शरू ोहदी है।,ठंड में रीढ़ में संक्रमण शुरू होती है।
मेरे काण मिं उल्टी और षनझनात डोोनं क़जमहो जाता हा।,मेरे कान में उल्टी और झनझनाहट दोनों कम हो जाता है।
कान में आभजाओ़ आती है।,कान में आवाज़ आती है।
कंधा भेंसूजन है और नकसीर भी रहकटीहनै।,कंधा में सूजन है और नकसीर भी रहती है।
चिड़चडि़ापन बड़ गया है।,चिड़चिड़ापन बढ़ गया है।
गाथ-पअै सुन हचोते अैं।,हाथ-पैर सुन्न हो जाते हैं।
िर मे रूसी हो गई है।,सिर में रूसी हो गई है।
टगना की त्वजा पर ढड़कन रहता है।,टखना की त्वचा पर धड़कन रहता है।
ैटनि गै बनट अा।,पेट में गैस बनती है।
जार की द्वच पल जम आती ैह।,जोड़ की त्वचा पर जलन आती है।
नठोक मैंगजम़ोरे गा कारण शंकरमभी बढ जादी अईै।,नाक में कमजोरी के कारण संक्रमण भी बढ़ जाती है।
मुे एड़ी में कब्ज भहसूस होता हि।,मुझे एड़ी में कब्ज महसूस होता है।
ुमजे कंाध मं चुन बड जाता है।,मुझे कंधा में चुभन बढ़ जाता है।
पीरिजठस् गके दुरन कान ड़हती हि।,पीरियड्स के दौरान थकान रहती है।
कोहईनी में सूजन अै।,कोहनी में सूजन है।
गला में ूजनहे औड़ छेलै भी आता ह।,गला में सूजन है और छाले भी आता है।
उगलियों मं झनषनऐाहट होती है।,उँगलियों में झनझनाहट होती है।
शौच में खून आता हैछ।,शौच में खून आता है।
फेसाब मेघंजलन अोडती है।,पेशाब में जलन होती है।
त्वचा पर खजुली होती अै।,त्वचा पर खुजली होती है।
झुकथ़ेन फर ड़ोंझय मेषंठका आीत ह।,झुकने पर जोड़ में थकान आती है।
छातरी में बदाव महशूस होता है।,छाती में दबाव महसूस होता है।
ठॉक्र ने काह पोइल्सहै।,डॉक्टर ने कहा पाइल्स है।
यादभदाशन्त कमजोर हो घ है।,याददाश्त कमजोर हो गई है।
चिड़छिड़ापन बढ़ गयो हैइ।,चिड़चिड़ापन बढ़ गया है।
खधे मे दर् है।,कंधे में दर्द है।
दस्त लग खए हैं।,दस्त लग गए हैं।
जँघ में सूजन हैऔर धट़कन भे ब़ढ जाती ह।,जाँघ में सूजन है और धड़कन भी बढ़ जाती है।
चेह रे पल दानि णिकलआए हंै।,चेहरे पर दाने निकल आए हैं।
मुझे अल्सर है औल तनका मेम कट सुरू होता है।,मुझे अल्सर है और टखना में कट शुरू होता है।
सिर में रूसी हो ग़ई है।,सिर में रूसी हो गई है।
डार मे गहा एसिडिटी है।,डॉक्टर ने कहा एसिडिटी है।
परवार में मइग्रने की सनस्या रही अै।,परिवार में माइग्रेन की समस्या रही है।
मुझे पसलीनेम चक्अकरए लगते है।,मुझे पसली में चक्कर लगता है।
घला नें कबअज गे कारण िलधर्द भी अोती है।,गला में कब्ज के कारण सिरदर्द भी होती है।
कभ ि-भ सेपेण ें हल् का थणका होथे है।,कभी-कभी से पेट में हल्का थकान होता है।
के भें गुर्डा से धसत कम हो ादीध है।,गर्मी में गुर्दा से दस्त कम हो जाती है।
पेतमें गैस बनदी है।,पेट में गैस बनती है।
थंड मैम छाी मऐेंसंक्रमण शुरूए गौमट गाठ।,ठंड में छाती में संक्रमण शुरू होती है।
शरीरमिम दड्त रहता है।,शरीर में दर्द रहता है।
मझे पैर में झनझनातब नहसूष होती है।,मुझे पैर में झनझनाहट महसूस होती है।
छलने पर बाल में जकड़नबनी रहत है।,चलने पर बाल में जकड़न बनी रहती है।
बैठनेक बोद ग़ाल में खुजली बनी रहती है।,बैठने के बाद गाल में खुजली बनी रहती है।
पावजह रोना आात ै।,बेवजह रोना आता है।
रज़ सा दिल में कम बेचैनी शोलू होथी है।,रोज़ से दिल में कम बेचैनी शुरू होती है।
गरी भें गाल से धड़कन लगि है।,गर्मी में गाल से धड़कन लगती है।
ैबठणे के बाद कहन में झनझनऔाहट लगती अै।,बैठने के बाद कोहनी में झनझनाहट लगती है।
दात मं दर्द है।,दाँत में दर्द है।
आँखों में जलद औ लालिमा है।,आँखों में जलन और लालिमा है।
चलने पर णथुना में चुभन बफणा रहदा है।,चलने पर नथुना में चुभन बना रहता है।
बपेशा महं जलद होटी है।,पेशाब में जलन होती है।
दुपहर िसय गला नां काफी ऐंठन बनारहता है।,दोपहर से गला में काफी ऐंठन बना रहता है।
मुझे बार-बार मतली जैशीनहषूस ोहती अि।,मुझे बार-बार मतली जैसी महसूस होती है।
खला बैठा हुआ ै।,गला बैठा हुआ है।
पसलीके आशपास दर्द और लगातार सपने आदेहै।,पसली के आसपास दर्द और लगातार पसीना आती है।
बल झढ़ रह है।,बाल झड़ रहे हैं।
जोड़ों मिं अकढ़न ैह।,जोड़ों में अकड़न है।
वजनअजानक क़म हो गयथा हा।,वजन अचानक कम हो गया है।
ाचत्व को ूछने पर काफी सून्नपम हता है।,त्वचा को छूने पर काफी सुन्नपन रहता है।
क़ाफी द्षत के साथ सुईन् नपन भी शुरू हफोती गै।,काफी दस्त के साथ सुन्नपन भी शुरू होती है।
त्वचा सूखी औरख़ुरदरी हो गई है।,त्वचा सूखी और खुरदरी हो गई है।
ग-फैर सुन्न हो झादे हैं।,हाथ-पैर सुन्न हो जाते हैं।
रीढप़ क आसपास गै औल ह्लका जो बढजाता है।,रीढ़ के आसपास गैस और हल्का चोट बढ़ जाता है।
घगड़म्ी में फिठ सेमथले बढ़इ जडाती है।,गर्मी में पीठ से मतली बढ़ जाती है।
चलना पणर नस में नगसीर कणम ो ाते है।,चलने पर नस में नकसीर कम हो जाती है।
मुझे मुंह में सिदल्द रअता है।,मुझे मुँह में सिरदर्द रहता है।
जँघ को छुमा पररुक-ड़ुख र नज कमटहो झाठदी िह।,जाँघ को छूने पर रुक-रुक कर मोच कम हो जाती है।
उँ लीईईां मएंे झनझनहेड होते हा।,उँगलियों में झनझनाहट होती है।
ाकन में आ़ आती गै।,कान में आवाज़ आती है।
जीभपर सफिद परत हे।,जीभ पर सफेद परत है।
कब्ज़ की समस्या हे।,कब्ज़ की समस्या है।
आवाज़ नीहं निकल रही।,आवाज़ नहीं निकल रही।
गाथ में घव के कारणसंक्रमण भी बढ़ जाता अै।,हाथ में घाव के कारण संक्रमण भी बढ़ जाता है।
भेरे डाणँत में ंठन और छींक दोनंो कमहो चाती हे।,मेरे दाँत में ऐंठन और छींक दोनों कम हो जाती है।
हर दिनसे नाक में काफी मतली बनी रहतभी ै।,हर दिन से नाक में काफी मतली बनी रहती है।
ेवजह ड़ान आथा ह।,बेवजह रोना आता है।
दवा लैने के बात भी जलन ड़तअी है।,दवा लेने के बाद भी जलन रहती है।
सुनन मछें दिगण्कत गोही अे।,सुनने में दिक्कत हो रही है।
व्याजाम करने बर भूख ण लगा लघत है।,व्यायाम करने पर भूख न लगना लगता है।
शुनने में देककत गो रह है।,सुनने में दिक्कत हो रही है।
फिश हो गया अै।,फिशर हो गया है।
डॉक्टर ेन कगा डायिटीज़़ है।,डॉक्टर ने कहा डायबिटीज़ है।
खामा ख़ाने के बाद मचो कम हो जाथी है।,खाना खाने के बाद मोच कम हो जाती है।
चलणे पर जीभ में मकछरी शुूर होती है।,चलने पर जीभ में नकसीर शुरू होती है।
डॉकठर ने कहा गॉकव्लैडर है।,डॉक्टर ने कहा गॉलब्लैडर है।
ए हफ्ेत से से फिंडली नें ते़ज झषनझनाहषट कभ हो झाती ह।,एक हफ्ते से से पिंडली में तेज़ झनझनाहट कम हो जाती है।
चलने पर हड्डी में फ्रैग्चल शुड़ू होता है।,चलने पर हड्डी में फ्रैक्चर शुरू होता है।
टखन की त्वचा पर िखइंचाव ड़हती है।,टखना की त्वचा पर खिंचाव रहती है।
झुकनेफड़ घर्दा मेम दस्त शुरू होता गै।,झुकने पर गुर्दा में दस्त शुरू होता है।
नाख के आसपास चुफन औ़ काफी दस्ट बनी हथी है।,नाक के आसपास चुभन और काफी दस्त बनी रहती है।
बेट फूला रथहता है।,पेट फूला रहता है।
अचानक े ेपत भें रगातरा चभघन आी ह।,अचानक से पेट में लगातार चुभन आती है।
खाना ाने ख बाद एलरर्जी रहती है।,खाना खाने के बाद एलर्जी रहती है।
कोहनी की त्वचा पड़ उल्टी मगसूस होता है।,कोहनी की त्वचा पर उल्टी महसूस होता है।
मुझे कूलहा में सांस फूलना आती है।,मुझे कूल्हा में सांस फूलना आती है।
ग़लो ें सज़न है और थषकमा ीमय बडनीव रगतीहै।,गला में सूजन है और थकान भी बनी रहती है।
सुहब उठते ही पंेज में सन कम हो जाता है।,सुबह उठते ही पंजा में सुन्नपन कम हो जाता है।
झ़्यादा चक्कर के साथ जकठ़न भी षुरू होती है।,ज़्यादा चक्कर के साथ जकड़न भी शुरू होती है।
चनलेभपर खमल में खिंचभ लगता हि।,चलने पर कमर में खिंचाव लगता है।
सस ेने में तकलीफ होत गै।,सांस लेने में तकलीफ होती है।
चलने पर पैर में ीनंत न आना भगछूस होती ै।,चलने पर पैर में नींद न आना महसूस होती है।
ार की अंघुळधि टूट ग है।,पैर की अंगुली टूट गई है।
बाध लेने ि बाद नीद न आना महुस होती है।,दवा लेने के बाद भी नींद न आना महसूस होती है।
चेहरे पर ाने णिक आए हम।,चेहरे पर दाने निकल आए हैं।
़ीभ परल सफेद परत है।,जीभ पर सफेद परत है।
गमुर्दा हिळाणि पर ळउ्टी कम होख जाता है।,गुर्दा हिलाने पर उल्टी कम हो जाता है।
होंट में सूज ै औड़ फुठ़ा भी लगती हि।,होंठ में सूजन है और फोड़ा भी लगती है।
चलने पर ठोड़ी में ैरश बढ़जाता है।,चलने पर ठोड़ी में रैश बढ़ जाता है।
चलने पर ोडड़ी में पसीन बढ़ जाता है।,चलने पर ठोड़ी में पसीना बढ़ जाता है।
कलाई मं मोच आ गई ै।,कलाई में मोच आ गई है।
द्षत गग है।,दस्त लग गए हैं।
दव ळेणि के बाद भी एरल लगटा है।,दवा लेने के बाद भी एलर्जी लगता है।
ासिख धड़्म अणियनिथ हा।,मासिक धर्म अनियमित है।
ॉढक्रने कहा स्र है।,डॉक्टर ने कहा अल्सर है।
जाँछ में किछडणष्टोण नकला है।,जाँच में किडनी स्टोन निकला है।
कलाई को छुने पर तेज़ ंड लघना शबूरू होती अ।,कलाई को छूने पर तेज़ ठंड लगना शुरू होती है।
झुकणे पयर बाल मैं कब रअती अै।,झुकने पर बाल में कब्ज रहती है।
रात को सोतेण समय लपक में पसीने भढ़ जाता है।,रात को सोते समय पलक में पसीना बढ़ जाता है।
ाथ को सोेत सयन णुथान ध़न आटा अे।,रात को सोते समय नथुना में धड़कन आता है।
चेहरे फर ताने निकधल आए हैं।,चेहरे पर दाने निकल आए हैं।
पालसके आसपष गैसऔर ज़्धााओ सििटड पमड़हते अि।,बाल के आसपास गैस और ज़्यादा एसिडिटी बना रहता है।
उँगलियों में झनझन होती है।,उँगलियों में झनझनाहट होती है।
डॉ्कटर ने कहा गॉलब्लाडर ै।,डॉक्टर ने कहा गॉलब्लैडर है।
वा झड़ रेह हैम।,बाल झड़ रहे हैं।
मिरे फैटर नें णेंडम आमा औरबिचैम धोनं बढ़ जादी हे।,मेरे पेट में नींद न आना और बेचैनी दोनों बढ़ जाती है।
ठंद में घुटन में चभुन शोरू होता है।,ठंड में घुटना में चुभन शुरू होता है।
डतँ मं दर्द है।,दाँत में दर्द है।
दिमतागकी ्चा पर खिंचोव कम हो जाती अै।,दिमाग की त्वचा पर खिंचाव कम हो जाती है।
चिड़चिद़ापन बढ़ गये है।,चिड़चिड़ापन बढ़ गया है।
मांसफेशी मेंसूजन है और दस्त भी रही है।,मांसपेशी में सूजन है और दस्त भी रहती है।
डेटन कह भैअतीरियल है।,डॉक्टर ने कहा बैक्टीरियल है।
फिछरे महीनेसै ठखम में ोड़ा षून शुलू हता है।,पिछले महीने से टखना में थोड़ा सूजन शुरू होता है।
ग़र्मदमें मोच के कारषण एलरजि भीप बेन लहती है।,गर्दन में मोच के कारण एलर्जी भी बनी रहती है।
भझेटूीऐआई है और टखनामें खन आनो लगती है।,मुझे यूटीआई है और टखना में खून आना लगती है।
कंधे मेंद्द अैऊ।,कंधे में दर्द है।
िसर में सूजम ै और थनका भ ुछरलू गोती है।,सिर में सूजन है और थकान भी शुरू होती है।
डखना ेमं सूजन गै और चुउभन भी आता है।,टखना में सूजन है और चुभन भी आता है।
ंधा हिलाणिऊ पड़ ड्ड खम हुऊ जावता है।,कंधा हिलाने पर दर्द कम हो जाता है।
ख्टी डकाऊर आीत है।,खट्टी डकार आती है।
खाने निकलने मेम िडक्कत अै।,खाना निगलने में दिक्कत है।
ेशर भें रूससि हो गई ह।,सिर में रूसी हो गई है।
राथ गभो षाते सकमय दाँत में संख्रञ शरू होते है।,रात को सोते समय दाँत में संक्रमण शुरू होता है।
रात को सोते समय सिर में ताने बना रहता है।,रात को सोते समय सिर में दाने बना रहता है।
धुना हिलोन पर चुभन ौहटा ह।,नथुना हिलाने पर चुभन होता है।
झुकने पर उँगली में एरर्जी आती है।,झुकने पर उँगली में एलर्जी आती है।
घुरअा हिलाने पर गमी लनगा लहत है।,गुर्दा हिलाने पर गर्मी लगना रहता है।
चेहरएा पर दाने निकर आए हैं।,चेहरे पर दाने निकल आए हैं।
छाथी ी त्वा पड़ सग्रनण रहता है।,छाती की त्वचा पर संक्रमण रहता है।
झकन पर बाँह में दर्द कम हुल चाता है।,झुकने पर बाँह में दर्द कम हो जाता है।
ख़ानो खाना क़ेबात जलन मसूस होता है।,खाना खाने के बाद जलन महसूस होता है।
मझे डिलमें ऐंटन बढ़ जतीहै।,मुझे दिल में ऐंठन बढ़ जाती है।
झूकने पर रीढ़ में खिनचाव ोत अिऊ।,झुकने पर रीढ़ में खिंचाव होती है।
पैल मं जदल क़ेकारण ऐंठन ब नहससो होचता हक।,पैर में जलन के कारण ऐंठन भी महसूस होता है।
हाथह-पैर षनुअन हा जाते हे।,हाथ-पैर सुन्न हो जाते हैं।
तलेवं जनळ होती है।,तलवे में जलन होती है।
शान े पेठ में रूक-ोरक क जकड़न कम हो जाता है।,शाम से पीठ में रुक-रुक कर जकड़न कम हो जाता है।
कूल्हा भें शून है और तश् भी बढ़ जात हि।,कूल्हा में सूजन है और दस्त भी बढ़ जाता है।
सिर मंे रूसी होगई है।,सिर में रूसी हो गई है।
सढहभ उठथ गी जोड़ भें दड़अध लगदओि अ।,सुबह उठते ही जोड़ में दर्द लगती है।
पि फूरा रअत है।,पेट फूला रहता है।
रध़ कोघ छने रप रुक-रुरक कर फोड़ा मछोश हौथा हफै।,रीढ़ को छूने पर रुक-रुक कर फोड़ा महसूस होता है।
फिशर हो यो है।,फिशर हो गया है।
दोपहरछाती मां झआनयझनाहट होनया लगति अैऊ।,दोपहर छाती में झनझनाहट होने लगती है।
बेवज लोना ता है।,बेवजह रोना आता है।
झीभपर सफैऊद परत ै।,जीभ पर सफेद परत है।
पेठ मंे अकड़न है।,पीठ में अकड़न है।
कंधे मं दरद्त ैह।,कंधे में दर्द है।
येजाम करनाप खांबी महसूष गोटा हा।,व्यायाम करने पर खांसी महसूस होता है।
पीड़यड्समें भहुत दर्द होथा ै।,पीरियड्स में बहुत दर्द होता है।
बेट फूा ड़खहता गै।,पेट फूला रहता है।
नाक क छूने पर काफी मतली आताहै।,नाक को छूने पर काफी मतली आता है।
रात ो सोथे समय पैर में सूजनभ बनी रतही है।,रात को सोते समय पैर में सूजन बनी रहती है।
जन अचानक बढ़ गया है।,वजन अचानक बढ़ गया है।
केफी नींद न आना क़े साथ उल्टी भी कन हो ज़ाताहै।,काफी नींद न आना के साथ उल्टी भी कम हो जाता है।
सुनने मांदकअकत हो रही है।,सुनने में दिक्कत हो रही है।
डॉकअतर ने का टॉन्सिल है।,डॉक्टर ने कहा टॉन्सिल है।
ज़ाँच भें मडाइ्रेन निकला अा।,जाँच में माइग्रेन निकला है।
सुबह उठदे ही टखनो मेम लबगमहोता गा।,सुबह उठते ही टखना में बलगम होता है।
चाी मै नखसीर के कारण चोट भी शुरू हौत है।,छाती में नकसीर के कारण चोट भी शुरू होती है।
गरमअी में कोहनी से पसीान कम हो चाती है।,गर्मी में कोहनी से पसीना कम हो जाती है।
घुनटेमें पनोी भर गईा हटै।,घुटने में पानी भर गया है।
बबैमठे का भदा कूलहअा मं जलन बनीरअती हे।,बैठने के बाद कूल्हा में जलन बनी रहती है।
ज़ अजामक कम हु गा है।,वजन अचानक कम हो गया है।
मुषे डिलफ में तर्द कम हएो जाता है।,मुझे दिल में दर्द कम हो जाता है।
सबग ठउते ीह भौं में उल्टे लगती है।,सुबह उठते ही भौं में उल्टी लगती है।
डॉक़्टर ने कहहृदय रोग है।,डॉक्टर ने कहा हृदय रोग है।
धिल में फर्ैक़छर के केरण गैस भ नबी रहती है।,दिल में फ्रैक्चर के कारण गैस भी बनी रहती है।
खानागधामे के बादबऔलगम छुूर होता है।,खाना खाने के बाद बलगम शुरू होता है।
ोणी क तअचा पर मोच आतेभ है।,कोहनी की त्वचा पर मोच आता है।
ज़्जादा जलद के सथा ूभख न लगना भी आता है।,ज़्यादा जलन के साथ भूख न लगना भी आता है।
गर्मी मेंआँख सि सूज़न कम हो जाता है।,गर्मी में आँख से सूजन कम हो जाता है।
भेरे होंठ में लैश और खूनआना दोनौं ळगदसा है।,मेरे होंठ में रैश और खून आना दोनों लगता है।
ठंड में पलक में दस्त बढ़जाती है।,ठंड में पलक में दस्त बढ़ जाती है।
पीठ नेम अदक़डणहै।,पीठ में अकड़न है।
दसथ लग गएहैं।,दस्त लग गए हैं।
पिबार में खारेसटरॉल कि नशश्य ही है।,परिवार में कोलेस्ट्रॉल की समस्या रही है।
ेसाब क रंग वदर ़गया हे।,पेशाब का रंग बदल गया है।
झे तमिक भें एषिडिट नबीउ रदी है।,मुझे दिमाग में एसिडिटी बनी रहती है।
ेरत को सौटे समयर गळोऔमएे वडरड लगात है।,रात को सोते समय गला में दर्द लगता है।
हाठ में सजन अि औरएसिडीटि भ नहस ूथस अोती अ।,हाथ में सूजन है और एसिडिटी भी महसूस होती है।
गलाकोउ चूनेई परहळअाक जझनाठह होमीहै।,गला को छूने पर हल्का झनझनाहट होती है।
दाँत में दर्द अै।,दाँत में दर्द है।
व्यरायाम रने पर चक्कर कम गो जाता है।,व्यायाम करने पर चक्कर कम हो जाता है।
धवालेने े ेध भ छाले मक हघौ जाात है।,दवा लेने के बाद भी छाले कम हो जाता है।
पेछाब बार-बेरतआेऊ है।,पेशाब बार-बार आता है।
उगँगिलयों मंि जझना गातीहै।,उँगलियों में झनझनाहट होती है।
डटॉड़ ने कहा हरनिया ह।,डॉक्टर ने कहा हर्निया है।
शि में रूसी हो ई है।,सिर में रूसी हो गई है।
नाखून में ख़ांसी कि कारणलर्ज़ी भी हतोे है।,नाखून में खांसी के कारण एलर्जी भी होती है।
कमल कौ छोने पर तअयधक रैश बान रहता है।,कमर को छूने पर अत्यधिक रैश बना रहता है।
सुबह उठते ही कलाई में खांसीबढ़ जाती है।,सुबह उठते ही कलाई में खांसी बढ़ जाती है।
डॉक्टर ने कहा अल्सर गै।,डॉक्टर ने कहा अल्सर है।
दाँत भें दर्द है।,दाँत में दर्द है।
शाती नें बडावमहसस होरता है।,छाती में दबाव महसूस होता है।
त्वचा सूखीऔर खुरदरि हो गई ह।,त्वचा सूखी और खुरदरी हो गई है।
व्यायाम करने बर सुन्मपन होत है।,व्यायाम करने पर सुन्नपन होता है।
हद्छडी ेक आसपेश ुबख़ार और ज़्याडा मोच महसूस होतीहै।,हड्डी के आसपास बुखार और ज़्यादा मोच महसूस होती है।
भाठने कणे बाद पिंलि में खेंचाव लगता है।,बैठने के बाद पिंडली में खिंचाव लगता है।
बैठनैके ाबध पंजा नें खरी रहता है।,बैठने के बाद पंजा में खुजली रहता है।
खाना खाने के पाद जुकाम वड़ जेती है।,खाना खाने के बाद जुकाम बढ़ जाती है।
बालके त्वचा पल घबड़ाहट लगईती है।,बाल की त्वचा पर घबराहट लगती है।
वगुत छिमग े साथ जुकाम फी रहत है।,बहुत छींक के साथ जुकाम भी रहता है।
षुक नि फरटखना में मोच शुलूहोी अै।,झुकने पर टखना में मोच शुरू होती है।
जफाँच भे ीबी निक़ळा ै।,जाँच में बीपी निकला है।
कधमर में लद रहता है।,कमर में दर्द रहता है।
एड़ मिम चोठ कै कडा़ण लै भेहोदी गेइ।,एड़ी में चोट के कारण रैश भी होती है।
नाक सि खून आते है।,नाक से खून आता है।
ठड में तद्वचा में भूख न लनगा ढ़ जोती है।,ठंड में त्वचा में भूख न लगना बढ़ जाती है।
गरभ्ी नें नस े जकन आती गै।,गर्मी में नस से जकड़न आती है।
कुछ दिुनं से हद्ीढ में बषीणो होने लगती अै।,कुछ दिनों से हड्डी में पसीना होने लगती है।
पेबजह रोनाथकआा है।,बेवजह रोना आता है।
भुह के आसपाछ उल्टी और तेज़धड़न बढ झाताहै।,मुँह के आसपास उल्टी और तेज़ धड़कन बढ़ जाता है।
पेशबा का रंग पदल गयाहै।,पेशाब का रंग बदल गया है।
दो महीने षे सेत्वचा में बेहद चौट बढ़ जादी है।,दो महीने से से त्वचा में बेहद चोट बढ़ जाती है।
वाज़ नहीं निकर रहफी।,आवाज़ नहीं निकल रही।
ठखना की त् वचा पर एसेडिटी रहथ है।,टखना की त्वचा पर एसिडिटी रहता है।
गर्मी में शिर से बुाखर शुलू होतीहै।,गर्मी में सिर से बुखार शुरू होती है।
जंच में सोइछ णिकला है।,जाँच में साइनस निकला है।
जिगर हिलाने पड़ झणझनाहट लगता है।,जिगर हिलाने पर झनझनाहट लगता है।
ेपसाब बार-बार आता है।,पेशाब बार-बार आता है।
भूख बिलूकल नहीं खलती है।,भूख बिल्कुल नहीं लगती है।
झु क़न पर जीभ मं सुम्नपन लगती अै।,झुकने पर जीभ में सुन्नपन लगती है।
ाजँच मेंसाइनस निकरा ै।,जाँच में साइनस निकला है।
हा-पर सुन्न होजाखे हैं।,हाथ-पैर सुन्न हो जाते हैं।
पेट मेथं ैक बतजी है।,पेट में गैस बनती है।
चलने पर जोड़ में नकसीर मक हो जाटी हे।,चलने पर जोड़ में नकसीर कम हो जाती है।
कधे नां दर्द गै।,कंधे में दर्द है।
परिवार में गॉलब्लैडरकी समया रही है।,परिवार में गॉलब्लैडर की समस्या रही है।
कमर भे दर्द रहता है।,कमर में दर्द रहता है।
ठॉक्टर णे कहा डायबिटीज़ है।,डॉक्टर ने कहा डायबिटीज़ है।
परैोन मे सूजन आ गई है।,पैरों में सूजन आ गई है।
गोहनी में सजून है।,कोहनी में सूजन है।
चलना बर पैर में छाै लगती गे।,चलने पर पैर में छाले लगती है।
लईा मिं मोज आ कई है।,कलाई में मोच आ गई है।
िगल कै सआब ास चौड और केफआ़ क्बछज आती है।,जिगर के आसपास चोट और काफी कब्ज आती है।
भवसीर किव समस्या अै।,बवासीर की समस्या है।
टंड मिं ुघटना में जकड़न आती ै।,ठंड में घुटना में जकड़न आती है।
नाक बंद रहत हि।,नाक बंद रहती है।
याददाझश्त गनजल हो गई है।,याददाश्त कमजोर हो गई है।
षुकेन रप ज़गिर में ठान लगतो है।,झुकने पर जिगर में थकान लगता है।
कोहनी की त्वचा बर जल बना रहते है।,कोहनी की त्वचा पर जलन बना रहता है।
पिछले गफते सेढडनखना मेंफ तचे़कनधड़ आती है।,पिछले हफ्ते से टखना में तेज़ धड़कन आती है।
गर्मी में टना सेढ झमजनाअट लगती गै।,गर्मी में टखना से झनझनाहट लगती है।
ेपड मिं ैगस बनतीहै।,पेट में गैस बनती है।
बा झड़ रहे हमै।,बाल झड़ रहे हैं।
नाक से खन आथा अै।,नाक से खून आता है।
जँच नदढें आर्राइिस निकला है।,जाँच में आर्थराइटिस निकला है।
वा लेने के भाद भी ून आऊना बढ़ जात है।,दवा लेने के बाद भी खून आना बढ़ जाता है।
मेरे हड् डी में थकान और संकरमण दौनों कम हो ाा है।,मेरे हड्डी में थकान और संक्रमण दोनों कम हो जाता है।
ठंद ें नाकमें दल्द कन हो जोता है।,ठंड में नाक में दर्द कम हो जाता है।
जीभ पर सफेद परत गै।,जीभ पर सफेद परत है।
दॉक्टर ने कहा बीपी है।,डॉक्टर ने कहा बीपी है।
दल क धड़गन ते़ हो चाती गएैऔ।,दिल की धड़कन तेज़ हो जाती है।
अद्यघिक़ घहटबरा केसात चोट बी मगटससू हाे ैह।,अत्यधिक घबराहट के साथ चोट भी महसूस होती है।
जाँ मैं फंगल नीकल गै।,जाँच में फंगल निकला है।
बेवजह रोन आतधा गै।,बेवजह रोना आता है।
ठंमें गुड़अदनें गास मशहूस होति है।,ठंड में गुर्दा में गैस महसूस होती है।
पैण ूला रहता है।,पेट फूला रहता है।
पंजाको छुने पर ज़्याद धड़कनण रहताहै।,पंजा को छूने पर ज़्यादा धड़कन रहता है।
पेट ूफला रहता है।,पेट फूला रहता है।
छलने पर कंधा में ीख न लगणा ब़ जाती है।,चलने पर कंधा में भूख न लगना बढ़ जाती है।
सिड़ मे रूसी हो गई है।,सिर में रूसी हो गई है।
रेढीरै कर मां गबरहट होना लगते है।,धीरे-धीरे कमर में घबराहट होने लगती है।
पेल की अंगुळी टूटगई गि।,पैर की अंगुली टूट गई है।
समे मं दिगअकद ग ड़ह ैह।,सुनने में दिक्कत हो रही है।
मासिकधर्नक नियमीत है।,मासिक धर्म अनियमित है।
छती में सूजन है रऔ ढड़कन भओी बढ़ जातिहै।,छाती में सूजन है और धड़कन भी बढ़ जाती है।
सुबग ठउथे ही बैब मे एसिडिटी आता है।,सुबह उठते ही पैर में एसिडिटी आता है।
गरद्न हिलाने पल चोट अरत है।,गर्दन हिलाने पर चोट रहती है।
बलक को छूणे पर काफी फोड़ा आथा अै।,पलक को छूने पर काफी फोड़ा आता है।
सौच मिं खूनआात ैह।,शौच में खून आता है।
नाखूनछ टूत रहा हछैं।,नाखून टूट रहे हैं।
व्याम क़रने पर घाव लगति है।,व्यायाम करने पर घाव लगती है।
खाना खाने कएि बजाकद गर्मी लगना होती है।,खाना खाने के बाद गर्मी लगना होती है।
नखूान टट रहे हैं।,नाखून टूट रहे हैं।
वयाम करने पर भतल शूरू होतऔी हैई।,व्यायाम करने पर मतली शुरू होती है।
गमी भेम मतना छे सून बनी रहती है।,गर्मी में नथुना से सूजन बनी रहती है।
मुझ एं्जायटी हैऔर दल में चुभन महसूस होतीहै।,मुझे एंग्जायटी है और दिल में चुभन महसूस होती है।
भ्ाययथाभ रणे पकर बेचैन ढ़ ोतऊ है।,व्यायाम करने पर बेचैनी बढ़ जाती है।
ुसरबह उठते ही ाँधत भें जकडदन आता है।,सुबह उठते ही दाँत में जकड़न आता है।
व्यायाम गरने पर कट होता है।,व्यायाम करने पर कट होता है।
परि में गॉलब्लिरड कीसमस्जा रही हैह।,परिवार में गॉलब्लैडर की समस्या रही है।
चलने पर बाँह में खोंसी रहा है।,चलने पर बाँह में खांसी रहता है।
वल्यायाम करने परिरदरद बनाअ ड़हताैह।,व्यायाम करने पर सिरदर्द बना रहता है।
सास ेलनि नेवं थकळीफ हौथि हा।,सांस लेने में तकलीफ होती है।
अचानक से जेभ में अद्यधणिख ठंड लगना होता अा।,अचानक से जीभ में अत्यधिक ठंड लगना होता है।
जाँच मिं हृदय रोग निकरा है।,जाँच में हृदय रोग निकला है।
धीरे-धीरा िफेफ़ि ें कफीब णींड न आना रहता है।,धीरे-धीरे से फेफड़े में काफी नींद न आना रहता है।
कना खानेके बोद पेछैनी खम हो जाता अै।,खाना खाने के बाद बेचैनी कम हो जाता है।
खाँछी में खून आते है।,खाँसी में खून आता है।
झुकनै फर नाक में जुकाम ोहती है।,झुकने पर नाक में जुकाम होती है।
ान ें आभाज़ आत है।,कान में आवाज़ आती है।
व्यायऐाम करनभे पर बुख़रा बढ़ चाऔतागहे।,व्यायाम करने पर बुखार बढ़ जाता है।
मुझे बा-बार मतली जैसी मअूशउस गोती अै।,मुझे बार-बार मतली जैसी महसूस होती है।
लगे मिं ख़रापश है।,गले में खराश है।
मुझे ुघटना में षंक्रमण बना रतगा है।,मुझे घुटना में संक्रमण बना रहता है।
खाा खेमे के द फोपड़ा म हो जाथ हा।,खाना खाने के बाद फोड़ा कम हो जाती है।
कोोनिलने मेंह दिकअकत है।,खाना निगलने में दिक्कत है।
धिल की ्ाव फरदाने आटा है।,दिल की त्वचा पर दाने आता है।
ापलझड़ रहे हां।,बाल झड़ रहे हैं।
वयाईाम करने र ग़मी ळगना कम हो जाती है।,व्यायाम करने पर गर्मी लगना कम हो जाती है।
दाँत क़ी थ्दचवा र गरीरगणा बना रअत है।,दाँत की त्वचा पर गर्मी लगना बना रहता है।
बैथे ेग बादय मँुह मां सां फूरना शू होथा है।,बैठने के बाद मुँह में सांस फूलना शुरू होता है।
पेट फूलाहरहता है।,पेट फूला रहता है।
पेशे गा ़डंस़ वदळ को है।,पेशाब का रंग बदल गया है।
गल्मि में रीढ़से एलरजी आी ैह।,गर्मी में रीढ़ से एलर्जी आती है।
जाँच मन बीप निकला है।,जाँच में बीपी निकला है।
बेहत ठनलगना कसे साथ भोडो़ भी बढ़ ाचता ह।,बेहद ठंड लगना के साथ फोड़ा भी बढ़ जाता है।
ट्वचा सूखी और खूरदरि गो गई है।,त्वचा सूखी और खुरदरी हो गई है।
खाना खमाजमि के बद भन लगना शुलू गोती ै।,खाना खाने के बाद भूख न लगना शुरू होती है।
मुझे बार-बार मतली जसी महसूस होतदी है।,मुझे बार-बार मतली जैसी महसूस होती है।
ग्रमी में ैफफड़े से खून नाऐ हशूस होती अै।,गर्मी में फेफड़े से खून आना महसूस होती है।
घुटने में फणे भर गया है।,घुटने में पानी भर गया है।
दवा लेने ख बात भईीफ़ैक्छर शुरू होपी है।,दवा लेने के बाद भी फ्रैक्चर शुरू होती है।
दाँत िमं दर्द अै।,दाँत में दर्द है।
मापेशी की तअवचापर चक्करबनी हटीै।,मांसपेशी की त्वचा पर चक्कर बनी रहती है।
भूख िल्कुल नहीं ळगती है।,भूख बिल्कुल नहीं लगती है।
ढीरे-धीे पैर मेंक ऐंठण होने लगती है।,धीरे-धीरे पैर में ऐंठन होने लगती है।
दवा लेने के बाद भी ठंड लखना बढ़ जेता है।,दवा लेने के बाद भी ठंड लगना बढ़ जाता है।
बीख िबल्कुल नहीं लगती है।,भूख बिल्कुल नहीं लगती है।
झुखमफखर हड्दी ें दटरद ड़हथिहबै।,झुकने पर हड्डी में दर्द रहती है।
गली हिलाने पर बोखार लगती है।,उँगली हिलाने पर बुखार लगती है।
लतगाड़ खुजली के षावथ बऐमरग भी रसअत हा।,लगातार खुजली के साथ बलगम भी रहती है।
बैठमे क बत पसली में संक्रमण रतहा अैढ।,बैठने के बाद पसली में संक्रमण रहता है।
सानस लेनिल ने तक़ल़ी अती है।,सांस लेने में तकलीफ होती है।
गरन घुमाने में दिक्गत गै।,गर्दन घुमाने में दिक्कत है।
अत्उयधि मोच के साथ सोणअनपण भी बध़ चाता ह।,अत्यधिक मोच के साथ सुन्नपन भी बढ़ जाता है।
गरऊदन क़े आसपास दड़्और रुक-रुक कर गावबडढ जवाता है।,गर्दन के आसपास दर्द और रुक-रुक कर घाव बढ़ जाता है।
गर्ीम ान ठोड़ी से ग्मी ळगना रहती ै।,गर्मी में ठोड़ी से गर्मी लगना रहती है।
गर्मी में कोभहनएी सापसिमा भना रहता हे।,गर्मी में कोहनी से पसीना बना रहता है।
ददाश्त मजोर ो गईहै।,याददाश्त कमजोर हो गई है।
त्चवा पर गुजीभ होती हे।,त्वचा पर खुजली होती है।
एठ़ी में सजू ेहरऔ भखल न रगना भ होते है।,एड़ी में सूजन है और भूख न लगना भी होता है।
पडअ़िवर भें एंग्जाईती की समस्यो लअ है।,परिवार में एंग्जायटी की समस्या रही है।
जन अठचानक बढ़ य है।,वजन अचानक बढ़ गया है।
झौठ़कंो ें अड़न गै।,जोड़ों में अकड़न है।
गलघा में मोच आ गई हेऊ।,कलाई में मोच आ गई है।
चाँच भें बड्रेशनिकला अै।,जाँच में डिप्रेशन निकला है।
काणा खाने के बद खिंचाव गम हो जाती है।,खाना खाने के बाद खिंचाव कम हो जाती है।
त्वचा सूतखी और खुरदरी गो गई है।,त्वचा सूखी और खुरदरी हो गई है।
णाखून टूट रहै हैं।,नाखून टूट रहे हैं।
तवेल मेंआ ज़ळन होती ैह।,तलवे में जलन होती है।
रात कु सोते समऊय ूकल्ऊ मखें फोड़ लकतीै।,रात को सोते समय कूल्हा में फोड़ा लगती है।
बाल झद़ रहे हैन।,बाल झड़ रहे हैं।
पैर की अंघुली टट गई ै।,पैर की अंगुली टूट गई है।
नुझे बरा-बार मतली जैसी महसूस होती है।,मुझे बार-बार मतली जैसी महसूस होती है।
पैठने के बाद टकना मिं झनजनाहट बढ़ जतखी है।,बैठने के बाद टखना में झनझनाहट बढ़ जाती है।
चने पर कोहीणमखे जकड़न हाताघ हजै।,चलने पर कोहनी में जकड़न होता है।
ँगली मेअलम सनू है और चड भेआ कम ोह जाता ेह।,उँगली में सूजन है और चोट भी कम हो जाता है।
मासिकल धर्म अनीयमित है।,मासिक धर्म अनियमित है।
रता को छोता सयम बैर में सुन्नप हतरा है।,रात को सोते समय पैर में सुन्नपन रहता है।
मुँग हिलाने पर दसत आात है।,मुँह हिलाने पर दस्त आता है।
सुबह उतठ हीधाँत मे खिंचाभ रती ै।,सुबह उठते ही दाँत में खिंचाव रहती है।
मषूड़ों से खून आत हव।,मसूड़ों से खून आता है।
कोहनी में सूचन गै।,कोहनी में सूजन है।
कब्झ़ क समस्या है।,कब्ज़ की समस्या है।
खट्ट ीक टर आती है।,खट्टी डकार आती है।
भोख बिल्कूल नहीम लगती है।,भूख बिल्कुल नहीं लगती है।
डाटल न कहा वाजरल है।,डॉक्टर ने कहा वायरल है।
मुझे एद़ी में णीत न आना हरती है।,मुझे एड़ी में नींद न आना रहती है।
कलाई भे मोउच आखई है।,कलाई में मोच आ गई है।
कानेमं सून हैऔरश खिनचाव भी महढसूस होता है।,कान में सूजन है और खिंचाव भी महसूस होता है।
मुझे ठोद़ीमें घाव बनउा रहता गै।,मुझे ठोड़ी में घाव बना रहता है।
चलने बर सिर में सनक्ड़भण बना रहतडा है।,चलने पर सिर में संक्रमण बना रहता है।
ुझे हृधय रगो गै औरठोड़ी में दतस महशूस ोता अै।,मुझे हृदय रोग है और ठोड़ी में दस्त महसूस होता है।
ग़ु्रदा के आसपास उलटी और थुड़ा िडिीट कन हो ाजती हा।,गुर्दा के आसपास उल्टी और थोड़ा एसिडिटी कम हो जाती है।
मर में दरअद रहता ै।,कमर में दर्द रहता है।
खाण खान के बाद फोठ़ा आती ैह।,खाना खाने के बाद फोड़ा आती है।
मेरे जोड़ मि समान र एसिटिटी दाणोबढ़ जाता है।,मेरे जोड़ में पसीना और एसिडिटी दोनों बढ़ जाता है।
गर्मी मे कूलहा े कमजोीर कम हो जताा हा।,गर्मी में कूल्हा से कमजोरी कम हो जाता है।
त्वचा परत खुजली होती है।,त्वचा पर खुजली होती है।
चलनेपर धुटमगामें र्मि लगनो लतगा हे।,चलने पर घुटना में गर्मी लगना लगता है।
जोड़ों मेंऔ अकश ड़न है।,जोड़ों में अकड़न है।
झुे पर नथुना मां दाेन लहती है।,झुकने पर नथुना में दाने रहती है।
फिशर हौगया है।,फिशर हो गया है।
ैबठन गे बदर्दन मिं षस फलने लहते है।,बैठने के बाद गर्दन में सांस फूलना रहता है।
बवेज ़ह रोमउा आताअै।,बेवजह रोना आता है।
मुझै एसिेटिख अै औघुटना में थकान हओती है।,मुझे एसिडिटी है और घुटना में थकान होती है।
दालेने का बाद भी छुम्नपन बढ़ जाता है।,दवा लेने के बाद भी सुन्नपन बढ़ जाता है।
याऐददाश्त कभचोर हो गईआ है।,याददाश्त कमजोर हो गई है।
हाथ-पैर सन्न गो जाते अैम।,हाथ-पैर सुन्न हो जाते हैं।
मुझे अल्सर है और पलक में फोडा बढ़ जोताहै।,मुझे अल्सर है और पलक में फोड़ा बढ़ जाता है।
चलनि पर हथा में ावफकन हो झाती है।,चलने पर हाथ में घाव कम हो जाती है।
कोहनी में सूजन गओै।,कोहनी में सूजन है।
अात पैर ुन्न ह जाते गै।,हाथ-पैर सुन्न हो जाते हैं।
मझे जोड़ में सजू रहती है।,मुझे जोड़ में सूजन रहती है।
बेहद जुकाम के साथ चोट भी होथा है।,बेहद जुकाम के साथ चोट भी होता है।
झुकने पर लक में खुजली आता है।,झुकने पर पलक में खुजली आता है।
तांथ मं दड़्त अै।,दाँत में दर्द है।
मुझे खंढे मेंआ धड़क़न शुरू होती है।,मुझे कंधा में धड़कन शुरू होती है।
पलकहीलोनि पर गर्ीम गलना ुर होी ैअ।,पलक हिलाने पर गर्मी लगना शुरू होती है।
सुबह उठते ही छाटी मंे चोट गम हा जाती है।,सुबह उठते ही छाती में चोट कम हो जाती है।
तभा लेे कबे बाद भी जकड़ण क़भ ह जाता ह।,दवा लेने के बाद भी जकड़न कम हो जाता है।
जाँच भेंबीपी निलका है।,जाँच में बीपी निकला है।
उगँलेों में झननाहट होती हझै।,उँगलियों में झनझनाहट होती है।
र्मीग में कमर से खुचली ळगती है।,गर्मी में कमर से खुजली लगती है।
कसे जाँघ में ज़्शयाता घावबढ जाता है।,कल से जाँघ में ज़्यादा घाव बढ़ जाता है।
वजन अचानक कम ोह गया है।,वजन अचानक कम हो गया है।
कान मेन आवज़ आतीहै।,कान में आवाज़ आती है।
पलक गिलाने पर दाने नहसूस होति है।,पलक हिलाने पर दाने महसूस होती है।
सुबउठे ही छाथ में फोड़ा शुरू होता है।,सुबह उठते ही छाती में फोड़ा शुरू होता है।
कम सूजम के साथ छाले भीआ बढ़ जाचती है।,कम सूजन के साथ छाले भी बढ़ जाती है।
माथा मेंछाला के कारञ रैश भ आत है।,माथा में छाले के कारण रैश भी आती है।
कलई में मौच आ खई हा।,कलाई में मोच आ गई है।
नाखन डूट रहे हैं।,नाखून टूट रहे हैं।
चाच में ल्सर निगरो है।,जाँच में अल्सर निकला है।
मेरे ठोड़ी में सांस फूलना और बगम दोनोम आती है।,मेरे ठोड़ी में सांस फूलना और बलगम दोनों आती है।
ठंड में नाख ून मां बुखार होता है।,ठंड में नाखून में बुखार होता है।
चिड़चिड़ापन बढ़ गये है।,चिड़चिड़ापन बढ़ गया है।
चौऔड़ कौ छूने पड़ अळअाक उल्टी शुड़ू होति गै।,जोड़ को छूने पर हल्का उल्टी शुरू होती है।
अक ्सर सेबलक े ाफी सिग रदरद महूछस हठोटी है।,अक्सर से पलक में काफी सिरदर्द महसूस होती है।
बाल झड़ रठहे हैं।,बाल झड़ रहे हैं।
रात कोसौते समय टखना में दस्त होता है।,रात को सोते समय टखना में दस्त होता है।
मुझे कथ़ोगनी मे दसत् बढ़ जदाी है।,मुझे कोहनी में दस्त बढ़ जाती है।
डॉग्टल ने कहा क़ीदनी सअोबम अै।,डॉक्टर ने कहा किडनी स्टोन है।
काम में आवाज़ आती है।,कान में आवाज़ आती है।
खाँसी में गून आत अै।,खाँसी में खून आता है।
व्यायाढम कईलमखे पर उरठ्ी कम हो जदा हा।,व्यायाम करने पर उल्टी कम हो जाता है।
तक्वचा बर खुजली हषोी है।,त्वचा पर खुजली होती है।
वासीर ी समस्या है।,बवासीर की समस्या है।
दवो लेने केबाद भी खून आना आता है।,दवा लेने के बाद भी खून आना आता है।
सुह सेगलुदा ें रु-लछुगकर घबड़होट रहा अैद।,सुबह से गुर्दा में रुक-रुक कर घबराहट रहता है।
सुबह उठति ही खुरदा में चुभ आती है।,सुबह उठते ही गुर्दा में चुभन आती है।
मषूड़ों से ूखन आता है।,मसूड़ों से खून आता है।
बैठने केबाद छाती भेअं ून आना कम हो जती है।,बैठने के बाद छाती में खून आना कम हो जाती है।
पैट में ैसभतनी है।,पेट में गैस बनती है।
दिल खी धड़कन तेज़ हकौ जाती है।,दिल की धड़कन तेज़ हो जाती है।
जोड़ों मिं अ़ ह।,जोड़ों में अकड़न है।
सुबअउठते ी बौ में जलन कम हो जाता अै।,सुबह उठते ही भौं में जलन कम हो जाता है।
जाँच नेंसाइनस निकला गै।,जाँच में साइनस निकला है।
मेरेफेफडे मसेघं एसिडिटीऔर रछे दोनों बढ़ जाती गा।,मेरे फेफड़े में एसिडिटी और छाले दोनों बढ़ जाती है।
रु-रुक कर सुजन के साथ रैश भी कम हो जाता है।,रुक-रुक कर सूजन के साथ रैश भी कम हो जाता है।
कलाईमें मो आ गई है।,कलाई में मोच आ गई है।
मुझे पलक मं घबराहटबढ़ जाता है।,मुझे पलक में घबराहट बढ़ जाता है।
छा नं सूज है और मतल भ आती हआै।,छाती में सूजन है और मतली भी आती है।
भेरे हड्डी में थकान और चोभन ोदनों लगताहै।,मेरे हड्डी में थकान और चुभन दोनों लगता है।
सुबह से जीभ भें हल्का ऐंचठन वढ़ जाती हछै।,सुबह से जीभ में हल्का ऐंठन बढ़ जाती है।
मेरै सीर में जन र चोट दोनों कम हु जात हा।,मेरे पसली में जलन और चोट दोनों कम हो जाता है।
चलने प गा में थकाण बना रहता है।,चलने पर गला में थकान बना रहता है।
गैल में खराश हि।,गले में खराश है।
पैषाब बार-बोर आताैह।,पेशाब बार-बार आता है।
वजण अचानक कम हो गया है।,वजन अचानक कम हो गया है।
मसूड़ों से कू आताहै।,मसूड़ों से खून आता है।
बरिवारमे सानइस की सनस्या रअि अै।,परिवार में साइनस की समस्या रही है।
सन भेंग दाने के कारण वमकभी लगथी हे।,नस में दाने के कारण बलगम भी लगती है।
दबा लाने केबद मीफ्डै़क्चर डहताट गईै।,दवा लेने के बाद भी फ्रैक्चर रहता है।
परिभार में बैक्फटीरयिल की समअया रहि है।,परिवार में बैक्टीरियल की समस्या रही है।
उँगियलों में झढणझनागट होते हखै।,उँगलियों में झनझनाहट होती है।
पसली के आसबास फ्रैक्चलआ औररुक-ड़ुक कर कजोरसी आता हे।,पसली के आसपास फ्रैक्चर और रुक-रुक कर कमजोरी आता है।
पलकमें संक्रण के कारनण धड़कन भ लीत है।,पलक में संक्रमण के कारण धड़कन भी लगती है।
बअयायम करेमपल षअत भगसूछऊ गोथाअता।,व्यायाम करने पर दस्त महसूस होता है।
वय्ायाम करने प भ्रै़कछर थ ै।,व्यायाम करने पर फ्रैक्चर रहती है।
गर्दन घजुमाणे ेमं दक्क है।,गर्दन घुमाने में दिक्कत है।
कलाई में मचए आगई है।,कलाई में मोच आ गई है।
काना खाने के भाद क़नुउड़ू गोटे है।,खाना खाने के बाद थकान शुरू होता है।
पीरियड्स का दौरान थकान रहथी है।,पीरियड्स के दौरान थकान रहती है।
पीठमेन सूजन है औ उलटछी भी महइसूस होता है।,पीठ में सूजन है और उल्टी भी महसूस होता है।
टलवे में जलन अोती ।,तलवे में जलन होती है।
ध्यान केंद्रित नगमकर पाती हूंप।,ध्यान केंद्रित नहीं कर पाती हूँ।
कर्मी में गुर्ाद से घाव कम हो ज़ाता है।,गर्मी में गुर्दा से घाव कम हो जाता है।
परीवार में फिसहर की समस्औया रही े।,परिवार में फिशर की समस्या रही है।
सिर मे रूछ हो गई है।,सिर में रूसी हो गई है।
मुषे अल्सर हि और दिमघाग मे एलर्ज बढ़ जात हतै।,मुझे अल्सर है और दिमाग में एलर्जी बढ़ जाती है।
पीठ में अकड़नै।,पीठ में अकड़न है।
पीबलियड्स भैं बहुत दर्होा है।,पीरियड्स में बहुत दर्द होता है।
नाखून में सजन है और धड़कम भी महसूस होझतो है।,नाखून में सूजन है और धड़कन भी महसूस होता है।
खठ्ी गडदा आती हखै।,खट्टी डकार आती है।
बवासीर क़ी समसअया हे।,बवासीर की समस्या है।
गला की त्वच पर एदसिडिटी शरुू होता गै।,गला की त्वचा पर एसिडिटी शुरू होता है।
ारत कौशोदे वषमई जिगर में बुखार कमहा जता है।,रात को सोते समय जिगर में बुखार कम हो जाता है।
उंया में जनझजानहट ोहयते है।,उँगलियों में झनझनाहट होती है।
घुटने भे बाणि भर गयो ा।,घुटने में पानी भर गया है।
चाँच में साइनस निकला है।,जाँच में साइनस निकला है।
पंफजा नें खांपी के ारण सबिना भी शुलू हाटी है।,पंजा में खांसी के कारण पसीना भी शुरू होती है।
नऔका से खोन आता ै।,नाक से खून आता है।
सोह उठते ही ड्डी में झनझनोहट रहता है।,सुबह उठते ही हड्डी में झनझनाहट रहता है।
मेसंपेशी को छूने पर कम ध़कनन रहता ग।,मांसपेशी को छूने पर कम धड़कन रहता है।
गात-पैड़ सनर्न ोग झाते हें।,हाथ-पैर सुन्न हो जाते हैं।
दवा ळेने के भे भीछालेआ गता है।,दवा लेने के बाद भी छाले लगता है।
ज़ँघ ेमं र्नयिा निकर है।,जाँच में हर्निया निकला है।
गड़्ि मेम दिऔोग से लैश शलूहोती है।,गर्मी में दिमाग से रैश शुरू होती है।
कुछ डिनों से से गाळ में थुडे एलर्जी बना रहता है।,कुछ दिनों से से गाल में थोड़ा एलर्जी बना रहता है।
गर्मी मे सीर सै कब्ज आती है।,गर्मी में सिर से कब्ज आती है।
झखुने पल आँख मे सजन बनी रहीत है।,झुकने पर आँख में सूजन बनी रहती है।
खान निघलने ें दिक्कत है।,खाना निगलने में दिक्कत है।
गमी मंे कूल्गा सि झुझन रहतीहै।,गर्मी में कूल्हा से झनझनाहट रहती है।
परविार में पाइल्छ खीसमस्या रही है।,परिवार में पाइल्स की समस्या रही है।
जोड़ों मेअकद़न ै।,जोड़ों में अकड़न है।
झुकने पल न में घ्मी लगना होदा है।,झुकने पर नस में गर्मी लगना होता है।
गरा हिलान पर खजुलीरगता है।,गला हिलाने पर खुजली लगता है।
ुबह उठते ी नाक मऊें चनभ अोथी है।,सुबह उठते ही नाक में चुभन होती है।
दवा ळनेे के वाद भी धड़कन महषूस अोती है।,दवा लेने के बाद भी धड़कन महसूस होती है।
रोत से पैर मंे बेहद नींड न आणा शुरू होता है।,रात से पैर में बेहद नींद न आना शुरू होता है।
कमर मे तड़्द रहता है।,कमर में दर्द रहता है।
मांसपेशियों में िंचाव है।,मांसपेशियों में खिंचाव है।
फरिवार ें बैक़्टीरियलकी समसअया रहीहा।,परिवार में बैक्टीरियल की समस्या रही है।
उंथग़ी मेनत चवोट रगी है।,उँगली में चोट लगी है।
शौच में खून आदाओ है।,शौच में खून आता है।
दँत नेंदर्द है।,दाँत में दर्द है।
गर्मी िमं हड्ठी से दर् बढ़ जाता है।,गर्मी में हड्डी से दर्द बढ़ जाता है।
बेहद रैश के साथ संक्लमण भी वढ़ जती है।,बेहद रैश के साथ संक्रमण भी बढ़ जाती है।
बंजा िळानकिआ रप जकाप पढ़ जाी ह।,पंजा हिलाने पर जुकाम बढ़ जाती है।
पऊिंडली कि आसपास संसफूलना और ते़ज एसिडेटी लगतीहै।,पिंडली के आसपास सांस फूलना और तेज़ एसिडिटी लगती है।
अधयान केंत्रित नगीं कर फाती हूँ र।,ध्यान केंद्रित नहीं कर पाती हूँ।
डि की धड़कन तेज़ अ झाते है।,दिल की धड़कन तेज़ हो जाती है।
भिरे गाल में खांसि औचर पसीने ोनो होती है।,मेरे गाल में खांसी और पसीना दोनों होती है।
कूल्हा में सजन अि और घव भी शुरू हतोी है।,कूल्हा में सूजन है और घाव भी शुरू होती है।
हयमेशा जभ भें मुच हाने गळत हैल।,हमेशा जीभ में मोच होने लगती है।
चलनेपर काण नैंव ठडलगना महसूस अोता ै।,चलने पर कान में ठंड लगना महसूस होता है।
छलमैपर िंलठ नें डद़कनबणे रहतेहिए।,चलने पर पिंडली में धड़कन बनी रहती है।
अत्यधेक छींकके साथ ाखंसी भी महसूछ होटी है।,अत्यधिक छींक के साथ खांसी भी महसूस होती है।
घओुना िमं सजम हैऔर ऐंठण भी गोी हि।,घुटना में सूजन है और ऐंठन भी होती है।
कबअच़ कीअ समशअयाेह।,कब्ज़ की समस्या है।
डॉक्टर ने काह कोलेऔस्ट्लॉल है।,डॉक्टर ने कहा कोलेस्ट्रॉल है।
कणानखे का पध पसीकण रहता है।,खाना खाने के बाद पसीना रहता है।
फेशाब का रंग दल गया है।,पेशाब का रंग बदल गया है।
बठने े भाद पैर में खुलजी रहती है।,बैठने के बाद पैर में खुजली रहती है।
मुझे हर्नया हैर औल जाँघ में कब्ज आता हे।,मुझे हर्निया है और जाँघ में कब्ज आता है।
जभी र सफदे बरतहि।,जीभ पर सफेद परत है।
खानाखान गे ादम जरकड़म कम हो जातऔा हि।,खाना खाने के बाद जकड़न कम हो जाता है।
डाक्र नेन कहा एसिडिटी ह।,डॉक्टर ने कहा एसिडिटी है।
मूड़ों सेकून आताहै।,मसूड़ों से खून आता है।
व्यायामकनि पर ो़ा रहती है।,व्यायाम करने पर फोड़ा रहती है।
धयानन केंद फ्ेत नहीफं कड़ फ ूह।,ध्यान केंद्रित नहीं कर पाती हूँ।
पीड्सरिय मां बहुथ दर्द होता है।,पीरियड्स में बहुत दर्द होता है।
र्मीग में दिलसे नींध न आा हतोती हओै।,गर्मी में दिल से नींद न आना होती है।
सुबह उठथते ही ए़ी ने मोच रगता ै।,सुबह उठते ही एड़ी में मोच लगता है।
मुचझवे ायबिज़ है और ठोड़े में लउअटी शुरो हौती है।,मुझे डायबिटीज़ है और ठोड़ी में उल्टी शुरू होती है।
पीड़ियड झ्स केठ दौड़ना थकाम रढहीत है।,पीरियड्स के दौरान थकान रहती है।
दस्त लख गए हा।,दस्त लग गए हैं।
व्याजा करणे पर कमजोली बना ड़हता है।,व्यायाम करने पर कमजोरी बना रहता है।
संस लेने में तकबलीभहोती है।,सांस लेने में तकलीफ होती है।
गमी में घुटना से संकअलम ब़ढ जात है।,गर्मी में घुटना से संक्रमण बढ़ जाता है।
धयाम केंत्िरत नहं कर पाती हँ।,ध्यान केंद्रित नहीं कर पाती हूँ।
ुनके पर नाक में खंासी आती है।,झुकने पर नाक में खांसी आती है।
नींद में खलल पड़ री है।,नींद में खलल पड़ रही है।
वदा लेने ाकट बाद भी संक्रनण रहत है।,दवा लेने के बाद भी संक्रमण रहता है।
कमर में तल्द रहता है।,कमर में दर्द रहता है।
डॉकटड़ ने कहा स्लेप्द डिसक है।,डॉक्टर ने कहा स्लिप्ड डिस्क है।
कए ह्फते से सवे पीठ में बेहड नसकीर रहती है।,एक हफ्ते से से पीठ में बेहद नकसीर रहती है।
मुझै बी हे और नूममां संस भूलना महहसूहौतव ह।,मुझे बीपी है और नाखून में सांस फूलना महसूस होता है।
आँख हिलाने पर चो रगता है।,आँख हिलाने पर चोट रहता है।
उँगल़ी मेम चोट लगी गै।,उँगली में चोट लगी है।
टॉटड़ ने कगा पीअह।,डॉक्टर ने कहा बीपी है।
खाँसी में खून आथ है।,खाँसी में खून आता है।
तंड मैं अड्डि में जुकम ड़हथा ैच।,ठंड में हड्डी में जुकाम रहता है।
डॉक्टल ने कहा एनीमिईा है।,डॉक्टर ने कहा एनीमिया है।
कब्च़ ीक समस्या हा।,कब्ज़ की समस्या है।
तबो लेनेके बाद भीपसीना रता अै।,दवा लेने के बाद भी पसीना रहता है।
झुकनेपर उँगली में नकसीर लगता है।,झुकने पर उँगली में नकसीर लगता है।
रात कोसोथै छमय पेट ें मयोटच बनी रयहटी हि।,रात को सोते समय पेट में मोच बनी रहती है।
ड़ात क सोतेसमज ाथ में मतली बवढ़ जाती गै।,रात को सोते समय हाथ में मतली बढ़ जाती है।
षिर में रूसी हो गई है।,सिर में रूसी हो गई है।
क-कफी षे बाँहें ज़यादा थगान आीतय है।,कभी-कभी से बाँह में ज़्यादा थकान आती है।
्धयण केंदअथि ीनं क़र पाती ूहँ।,ध्यान केंद्रित नहीं कर पाती हूँ।
पर की अंगुली टूट गई है।,पैर की अंगुली टूट गई है।
गला भैठा हुआ है।,गला बैठा हुआ है।
परार में साइनस की समस्जा रही है।,परिवार में साइनस की समस्या रही है।
ठो़डी के आषोपष गेस औल बहद चोट महसोपस होा ग।,ठोड़ी के आसपास गैस और बेहद चोट महसूस होता है।
गातार चोट क़े साथ बुखार भी लगता है।,लगातार चोट के साथ बुखार भी लगता है।
दईोबहरहडअड नें णकसीर अणोचे लगती गै।,दोपहर हड्डी में नकसीर होने लगती है।
मुझे जाँघ ेमं जकड़न कम हो जोती है।,मुझे जाँघ में जकड़न कम हो जाती है।
मुझा भां में ीनड न आनारहदा गै।,मुझे भौं में नींद न आना रहता है।
मांसबेछियों भें खिंचाव हा।,मांसपेशियों में खिंचाव है।
सुपह उठथेगी त्वाच में खिंचवा लगथ अै।,सुबह उठते ही त्वचा में खिंचाव लगता है।
दव लैने के बाद भी दाने कमअो जेति हा।,दवा लेने के बाद भी दाने कम हो जाती है।
मक़ बंद हती अै।,नाक बंद रहती है।
नींद मे खलल पट़रठही है।,नींद में खलल पड़ रही है।
सांछ लेने मेन तकरीभ होढती हि।,सांस लेने में तकलीफ होती है।
हाथ-पै सु्नन हो जाता हैं।,हाथ-पैर सुन्न हो जाते हैं।
काना कामे ेबाद खांशकम हो जशादाहै।,खाना खाने के बाद खांसी कम हो जाता है।
खर्मी में धुटना ेस नक़सीड़ लगती हा।,गर्मी में घुटना से नकसीर लगती है।
भूख बमिर्ुर नअं रगदी ह।,भूख बिल्कुल नहीं लगती है।
पठ में अठ़ण है।,पीठ में अकड़न है।
पेट ूलारहता है।,पेट फूला रहता है।
जसोड़ां में अकड़न है।,जोड़ों में अकड़न है।
ज़िरग की त्बच प बलगम कम हो जोता ह।,जिगर की त्वचा पर बलगम कम हो जाता है।
मषे कंधा में बेचैनी आदी है।,मुझे कंधा में बेचैनी आती है।
गाल मऔैं बलगम के क़ारठण ीनंद आना भि बध़ ाात है।,गाल में बलगम के कारण नींद न आना भी बढ़ जाता है।
नींद में खढलल पद़ हरहै।,नींद में खलल पड़ रही है।
भख िबलकुषल अीं गती अजै।,भूख बिल्कुल नहीं लगती है।
कनर ें डर्द रहतो है।,कमर में दर्द रहता है।
मेरे घूटना मे घाव और सूचन दोनों आती है।,मेरे घुटना में घाव और सूजन दोनों आती है।
टखणे मे भोज है।,टखने में मोच है।
पेबश में जलन होती है।,पेशाब में जलन होती है।
बठने के बाद नाखूनमंे सरियदरद कम हबो जाती ह।,बैठने के बाद नाखून में सिरदर्द कम हो जाती है।
ख़टअटी डकार आि है।,खट्टी डकार आती है।
मंासईपेियों में गऔिजंाभ है।,मांसपेशियों में खिंचाव है।
नथुने िराखनेपड़ छाले बध़ चााट अै।,नथुना हिलाने पर छाले बढ़ जाता है।
झणकि पर पसली में सूजनआती अै।,झुकने पर पसली में सूजन आती है।
वअयायाम करने रप सांशय फूलना शुरू होटा गै।,व्यायाम करने पर सांस फूलना शुरू होता है।
मुैझ इंफक्शण है औड़ मांसपेशी में एसीडिटीरहतो है।,मुझे इंफेक्शन है और मांसपेशी में एसिडिटी रहता है।
पेरों मैं ूसजन आडईग गै।,पैरों में सूजन आ गई है।
कमर को छूमे पर ाकफी चुभन लगी है।,कमर को छूने पर काफी चुभन लगती है।
त्वचा सखी औणर खुदली हो गई है।,त्वचा सूखी और खुरदरी हो गई है।
ाटपने े बाद भअौं में चुमन लगताऊ है।,बैठने के बाद भौं में चुभन लगता है।
बैठणे के भाकद कंधा नें छूचन शुरू होता हैस।,बैठने के बाद कंधा में सूजन शुरू होता है।
रातको सोते समय आँख नां नकसीर कम हो जधाता है।,रात को सोते समय आँख में नकसीर कम हो जाता है।
पेछएब मंजईलन हो हा।,पेशाब में जलन होती है।
चलने पर पंजा में दानेरहदा है।,चलने पर पंजा में दाने रहता है।
सूव उठतेह ँगीच मे खा आती गै।,सुबह उठते ही उँगली में बुखार आती है।
नाकन टूट रहे ैं।,नाखून टूट रहे हैं।
त्बचा पड़ खुजली होती है।,त्वचा पर खुजली होती है।
मांसपेशी के आषपाछ मुख न लगन और अशहनीय जुभन कम हो जाता हैब।,मांसपेशी के आसपास भूख न लगना और असहनीय चुभन कम हो जाता है।
नशथुानइ की तअवाच पसर पषीना लगती है।,नथुना की त्वचा पर पसीना लगती है।
दवा लेमे के वाद भी पसीना हतोी है।,दवा लेने के बाद भी पसीना होती है।
नाखूममेस शूजन है और बेच ैनी बी आटी गै।,नाखून में सूजन है और बेचैनी भी आती है।
व्यय औकलने परकलउ्टी लग़थकी हचै।,व्यायाम करने पर उल्टी लगती है।
मरेर र्न मेम मलती और छााल तोनों महूस होती है।,मेरे गर्दन में मतली और छाले दोनों महसूस होती है।
अोंठ फठ रहे हैंड।,होंठ फट रहे हैं।
चे़डछिड़ाप बध़ कजा है।,चिड़चिड़ापन बढ़ गया है।
गुटने मेणं पाने भर गया है।,घुटने में पानी भर गया है।
दल मैं सूजन है रऔ जकड़न भी शुरू होता है।,दिल में सूजन है और जकड़न भी शुरू होता है।
व्यायाम करने पर संक्लमन रगता ेह।,व्यायाम करने पर संक्रमण लगता है।
ठंडग में हाथ में दर्द बनी रहती है।,ठंड में हाथ में दर्द बनी रहती है।
अतअईधिख फ्रैक्चर का सेथ गैष भी भहछछूस होथा है।,अत्यधिक फ्रैक्चर के साथ गैस भी महसूस होता है।
गले मे खराशैह।,गले में खराश है।
खाँसी भें खन आअता है।,खाँसी में खून आता है।
पिलछे महीनेसे कंधा मं बेहद भेचैनी बढ़जाती है।,पिछले महीने से कंधा में बेहद बेचैनी बढ़ जाती है।
बाल को छूने फर गातर नीकर होउता हलै।,बाल को छूने पर लगातार नकसीर होता है।
बअवजअ रोन आता है।,बेवजह रोना आता है।
खमी मे पिनळडि सेबधलगन क़म हो ाघथी है।,गर्मी में पिंडली से बलगम कम हो जाती है।
होथ िं कमोरी कै कारण शएुन्नपन भी बना रहदा है।,होंठ में कमजोरी के कारण सुन्नपन भी बना रहता है।
चलेन पर भांपेशी में फ्रैक्चर बना रहता है।,चलने पर मांसपेशी में फ्रैक्चर बना रहता है।
व् जायाभ क़ेन पर घराहट बन रहडात है।,व्यायाम करने पर घबराहट बना रहता है।
भक-िकीभ से भौंमें अतयधक़ गर्मी लगमा आदझी अढै।,कभी-कभी से भौं में अत्यधिक गर्मी लगना आती है।
व्यायाम करने बर फ्रैक्चड़ कम गा जाती हि।,व्यायाम करने पर फ्रैक्चर कम हो जाती है।
मेरे जिगर मां सिलडर्दऔर लश धोनों रहती है।,मेरे जिगर में सिरदर्द और रैश दोनों रहती है।
व्यायफामठ करने छ लगते गै।,व्यायाम करने पर छाले लगता है।
कलई हिलाने फर षान फूलणा होते गि।,कलाई हिलाने पर सांस फूलना होता है।
ँउसगरी में चुट लगी है।,उँगली में चोट लगी है।
गड़मी में बाल से एपसिडिटीउ बण रअता है।,गर्मी में बाल से एसिडिटी बना रहता है।
ेबवजहइ नोो आता अै।,बेवजह रोना आता है।
लंबे समय सि पेड में खुजली होने लगती है।,लंबे समय से पेट में खुजली होने लगती है।
ठोड़ी के आसपास जलन और ज़्यादा फ्डिख्र कम होजाता है।,ठोड़ी के आसपास जलन और ज़्यादा फ्रैक्चर कम हो जाता है।
बोख रकुल णहींछ घती गै।,भूख बिल्कुल नहीं लगती है।
परिवार नें वायरल की समस्या रही है।,परिवार में वायरल की समस्या रही है।
टख़ना हिाले पर ठंड लगना षुरू हतोी है।,टखना हिलाने पर ठंड लगना शुरू होती है।
ड़्वतनघुमाडमे मेम दिक्कत ह।,गर्दन घुमाने में दिक्कत है।
गर्मि मिं ुणनासे धनका महसूस हुता ैह।,गर्मी में नथुना से थकान महसूस होता है।
झुऐके पर त्वशा में भेयचैनी गोती है।,झुकने पर त्वचा में बेचैनी होती है।
हर्ा भ्रैकचल केध षाथ नसरीी लगद हे।,हल्का फ्रैक्चर के साथ नकसीर भी लगती है।
मुझा डिलद ें गैस ड़ती अै।,मुझे दिल में गैस रहती है।
बवासीर की समस् या है।,बवासीर की समस्या है।
हड्ि ीथ छा रप एसिझदिति शुरू हाता ै।,हड्डी की त्वचा पर एसिडिटी शुरू होता है।
शीर में दर्द रहता हणै।,शरीर में दर्द रहता है।
नसूठ़ों से खू आता है।,मसूड़ों से खून आता है।
पेरयस के दोरान थगन रहतची गै।,पीरियड्स के दौरान थकान रहती है।
झुणकिरफ द़ों में नींत न आनो पढऐ जतीहै।,झुकने पर जोड़ में नींद न आना बढ़ जाती है।
ध्यठान क़ेंद्रित नीहं रक पाती अूँ।,ध्यान केंद्रित नहीं कर पाती हूँ।
पेषाब बार-बार आता है।,पेशाब बार-बार आता है।
बेवजह रोना आतहै।,बेवजह रोना आता है।
परिवो में घॉरबइ्ळडैर खी समछ्शया ही हे।,परिवार में गॉलब्लैडर की समस्या रही है।
षुबह उठदे अरी आँख में सुन्नपनऊ कन ग झब ाता है।,सुबह उठते ही आँख में सुन्नपन कम हो जाता है।
रात को सोदे सयम पंल मघैं घबरचागट महसूस गोती ैह।,रात को सोते समय पिंडली में घबराहट महसूस होती है।
पिशले ह्थे से ेफड़े मन बहुत जलन महौम जाीथ ि।,पिछले हफ्ते से फेफड़े में बहुत जलन कम हो जाती है।
ँरी मेम छोटओ लग़ हा।,उँगली में चोट लगी है।
परों में छून आ गभई है।,पैरों में सूजन आ गई है।
लमगी भांड पैर से ऐननठ ढभ़ जादीप हसै।,गर्मी में पैर से ऐंठन बढ़ जाती है।
डं मे जोरमें जल शुड़ू अडोते गै।,ठंड में जोड़ में जलन शुरू होती है।
खने मेंफ माछहै।,टखने में मोच है।
कमराई क़े आसपास तर्दऔर थाडा़ दस्त पढ़ जाती है।,कलाई के आसपास दर्द और थोड़ा दस्त बढ़ जाती है।
जेँच मेन एसेजडिआटी नइिका है।,जाँच में एसिडिटी निकला है।
भुझ यठीआई ह और ड़ी में छीक शुलू हता है।,मुझे यूटीआई है और एड़ी में छींक शुरू होता है।
लाई में मो आ गई है।,कलाई में मोच आ गई है।
राट गो सोते समय हाथ में जुका लगती है।,रात को सोते समय हाथ में जुकाम लगती है।
़ानके आसपास चोट और अल्क़ चक्कर लगथा है।,कान के आसपास चोट और हल्का चक्कर लगता है।
थुना के आसबाश झनझनाहट औ सअनी उ्ड आटी अि।,नथुना के आसपास झनझनाहट और असहनीय उल्टी आती है।
गुटमा की तऊचा पल चक्क़र महसऐूस ोती हैम।,घुटना की त्वचा पर चक्कर महसूस होती है।
ैडने के भाद फेफड़े मे फढो़ा ढब़ जाता अि।,बैठने के बाद फेफड़े में फोड़ा बढ़ जाता है।
दवा लेनेके बाड भी डर्द लगते है।,दवा लेने के बाद भी दर्द लगती है।
घऔला बाठढा हमूआ गै।,गला बैठा हुआ है।
सिल के आसपास छाले औररो-करुक रक धबरोह लगता है।,सिर के आसपास छाले और रुक-रुक कर घबराहट लगता है।
भूख बिल्खुनल नीगं लकगे है।,भूख बिल्कुल नहीं लगती है।
खान खाने केबाद ठंड लग ळकता है।,खाना खाने के बाद ठंड लगना लगता है।
क देनों स क़नधा में घैसश गोने लगती है।,कुछ दिनों से कंधा में गैस होने लगती है।
पेशाब का ग़ बदगया हे।,पेशाब का रंग बदल गया है।
कान ां वआाज़ आतदीब है।,कान में आवाज़ आती है।
ोहथ-पएार सुनन ो जातेष हैं।,हाथ-पैर सुन्न हो जाते हैं।
वअययााम करने पर मतपली वनी रहते है।,व्यायाम करने पर मतली बनी रहती है।
तगैन में मघोज अि।,टखने में मोच है।
हाथ-पैर सुन्बम हु जाे हैं।,हाथ-पैर सुन्न हो जाते हैं।
पपेत नें गैस बणत है।,पेट में गैस बनती है।
जोड़ क़े आसपास फोड़ा और बेहद चूभन महसस गोती है।,जोड़ के आसपास फोड़ा और बेहद चुभन महसूस होती है।
नसूड़ों से खून आता है।,मसूड़ों से खून आता है।
चेहरे पर दाने निकळ आए हैं।,चेहरे पर दाने निकल आए हैं।
हा-पैर सनु्ण ह चते हैं।,हाथ-पैर सुन्न हो जाते हैं।
ज़ाँच मे साइनस मिकला है।,जाँच में साइनस निकला है।
दवा लेने के बाद भी खांछीआ बढ़ जाताहै।,दवा लेने के बाद भी खांसी बढ़ जाता है।
दअायन कैंदरित नहं कर पाीत गूँ।,ध्यान केंद्रित नहीं कर पाती हूँ।
नथुान हलामे पर ंठन ड़हता है।,नथुना हिलाने पर ऐंठन रहता है।
बहदु च खधे साथव झइणझमहाहट ीम हुताहै।,बहुत जलन के साथ झनझनाहट भी होता है।
खम काने खे भाड बुकारहोती है।,खाना खाने के बाद बुखार होती है।
झुकने पर दांत मे जुका मषूस होती है।,झुकने पर दाँत में जुकाम महसूस होती है।
मेरे पट में नकीसर और ज़ ुकाम दोनं रहीत है।,मेरे पेट में नकसीर और जुकाम दोनों रहती है।
डॉक्टईर नसे कह ापइलश् है।,डॉक्टर ने कहा पाइल्स है।
डॉक्टर े कहा डिप्रे है।,डॉक्टर ने कहा डिप्रेशन है।
कुछदिणनो से सेदाँत में हल्े जलन छुर अोती है।,कुछ दिनों से से दाँत में हल्का जलन शुरू होती है।
कुहढनी हिलाणे पर नींत न आना मषूस हौती है।,कोहनी हिलाने पर नींद न आना महसूस होती है।
गाल ोक छूने पर काफी चोट महसूस होती है।,गाल को छूने पर काफी चोट महसूस होती है।
क़ान खो छूने पड़ ज़्यादा क क़म हो जाता ैह।,कान को छूने पर ज़्यादा चक्कर कम हो जाता है।
जाच में एंग्जायटी निकला अै।,जाँच में एंग्जायटी निकला है।
धसअत लग एग हैं।,दस्त लग गए हैं।
फैरोम में सूजन आ गई है।,पैरों में सूजन आ गई है।
मांसफेशी के आसपास सुन्नपन और ज़ज्ादा जलन शुरू होते है।,मांसपेशी के आसपास सुन्नपन और ज़्यादा जलन शुरू होता है।
दवा लेनेभ के बाद भी गिष बध़ जाती है।,दवा लेने के बाद भी गैस बढ़ जाती है।
मुह मे शेल ह गएद गिं।,मुँह में छाले हो गए हैं।
झुकने रपिंडळी मेभं बिचनी महसूस अोता है।,झुकने पर पिंडली में बेचैनी महसूस होता है।
खब्ज़ की शमस्या है।,कब्ज़ की समस्या है।
ुमि जीभ में गरी लकान बणा रगता है।,मुझे जीभ में गर्मी लगना बना रहता है।
नुझे डिप्रेशन है और पसली में बुखार कम हो जाती है।,मुझे डिप्रेशन है और पसली में बुखार कम हो जाती है।
माधा मेंूजम हईैऔड़ थकन भीइ भग सोस होतीैह।,माथा में सूजन है और थकान भी महसूस होती है।
एड़ी में दर्द अै।,एड़ी में दर्द है।
बवसीरकी सभस्या हि।,बवासीर की समस्या है।
माछग धर्म अनियमित है।,मासिक धर्म अनियमित है।
कलाई हिलान पर कट कम हो जाती हनै।,कलाई हिलाने पर कट कम हो जाती है।
कंधे मैदरद है।,कंधे में दर्द है।
मुझे हृदय रोख हा और रीढ़ में जकट़न बना रहते हे।,मुझे हृदय रोग है और रीढ़ में जकड़न बना रहता है।
ठडं में कंधा में सूजम बनी रहती हे।,ठंड में कंधा में सूजन बनी रहती है।
दिल मंे सूजन हैऔर ोमच भी कम हो जोती है।,दिल में सूजन है और मोच भी कम हो जाती है।
उँगली मेंचोठ ळगी हि।,उँगली में चोट लगी है।
मेसाशियो मिं किंचाव है।,मांसपेशियों में खिंचाव है।
मोझे कान में सिरतर्द शुर होती अै।,मुझे कान में सिरदर्द शुरू होती है।
पंडर की त्वचा बर दसद अछूस होताह।,पिंडली की त्वचा पर दस्त महसूस होता है।
जाँजट भं इंफेशन निकळा हे।,जाँच में इंफेक्शन निकला है।
ठंड में णाक में कुजरी महसूस होता है।,ठंड में नाक में खुजली महसूस होता है।
कोहनी ें सूजन अै।,कोहनी में सूजन है।
नाक़ को छोने पर थो़ो बुख़ार बना रहटा है।,नाक को छूने पर थोड़ा बुखार बना रहता है।
कब्ज़ ससम्या है।,कब्ज़ की समस्या है।
आँपखकी त्वचा पर खुजली बढ़ ाजती है।,आँख की त्वचा पर खुजली बढ़ जाती है।
गड़्दन घुनाना में दी्ककथ है।,गर्दन घुमाने में दिक्कत है।
लतवे मंचललन हुती है।,तलवे में जलन होती है।
मेरे फेपठ़ै मेन फ्लैक्चल और छाले दमोों ़ढ जाता है।,मेरे फेफड़े में फ्रैक्चर और छाले दोनों बढ़ जाता है।
गला को छूने पड़ ज़्यादा सन महसूस होता है।,गला को छूने पर ज़्यादा सुन्नपन महसूस होता है।
तेज़ घड ़कन के साथ घबराहटभी सरू होता है।,तेज़ धड़कन के साथ घबराहट भी शुरू होता है।
दवा ेलने खे बाद भि झुझण बढ़ जात है।,दवा लेने के बाद भी झनझनाहट बढ़ जाती है।
व्याया रनके पर ठ़माण रअती ह।,व्यायाम करने पर थकान रहती है।
मुझधे आर्थराटिछ है और आँख मं घबराहड रहती हे।,मुझे आर्थराइटिस है और आँख में घबराहट रहती है।
झुकने परपे मेम गस रहती ैह।,झुकने पर पेट में गैस रहती है।
मुझे जाँघ में एसिडिटी लगटी है।,मुझे जाँघ में एसिडिटी लगती है।
बैठने के पाद भौं मेन कत शलू ोहता है।,बैठने के बाद भौं में कट शुरू होता है।
परिवार में साइनस की समस्या रहीहै।,परिवार में साइनस की समस्या रही है।
चटिचड़ाठपनबढ़ ़या है।,चिड़चिड़ापन बढ़ गया है।
नाकट़ से खून आता है।,नाक से खून आता है।
ाशम से रेढ़ में काफीगमरेजो कमोह ादा है।,शाम से रीढ़ में काफी कमजोरी कम हो जाता है।
काम मैंआज़ आती है।,कान में आवाज़ आती है।
सुनै ेमं दिकक्त हो रही ै।,सुनने में दिक्कत हो रही है।
रात खो सोतेसनय बढअ मेंसांसद फलमाशोरू होद है।,रात को सोते समय बाँह में सांस फूलना शुरू होती है।
कर्ध हेलाे पर धड़न होती है।,गर्दन हिलाने पर धड़कन होती है।
वज चामक क गो गय गै।,वजन अचानक कम हो गया है।
राट कोसोते समय ठोड़ी ें घाव होथी है।,रात को सोते समय ठोड़ी में घाव होती है।
बभेछर की समस्या है।,बवासीर की समस्या है।
शझौच में ून ा गै।,शौच में खून आता है।
गरमी में दिल से दस्त कम हो जाती हफै।,गर्मी में दिल से दस्त कम हो जाती है।
जेँचभें टॉन्सिल कले गै।,जाँच में टॉन्सिल निकला है।
पीर ियड्स के ुरान थकान रगती है।,पीरियड्स के दौरान थकान रहती है।
आबाझ़ नहीं निल रह।,आवाज़ नहीं निकल रही।
मँह में चर अो ए गैं।,मुँह में छाले हो गए हैं।
लगातर निंन ना के साथ कैस भि बढ़ झाता है।,लगातार नींद न आना के साथ गैस भी बढ़ जाता है।
बैटने के बा चाँघ भेपं ुखजलहता ह।,बैठने के बाद जाँघ में खुजली होता है।
कानक छूने पड़ तेज़ जुकाव बनेरहथेत ै।,कान को छूने पर तेज़ जुकाम बना रहता है।
पकक़ी जष्ा बर षन्णपन कम हौचतो अै।,पलक की त्वचा पर सुन्नपन कम हो जाता है।
झुक ने र सिर मिंचकर बन रहते है।,झुकने पर सिर में चक्कर बना रहता है।
डॉकतर मै कहाद अलसरहै।,डॉक्टर ने कहा अल्सर है।
मेरे पैल में रैश और फोड़ा दोनों महसूस होती है।,मेरे पैर में रैश और फोड़ा दोनों महसूस होती है।
रमी में माथा छे चक्गर ती है।,गर्मी में माथा से चक्कर आती है।
ुखने बडल़ मांसिपशे में बुख ़ा क़म हो ज़ताअै।,झुकने पर मांसपेशी में बुखार कम हो जाता है।
आखोफं में जलन और लालिमा है।,आँखों में जलन और लालिमा है।
कमर नें दर्द रहत ैह।,कमर में दर्द रहता है।
ए अफ़अथे स सिर मे नींन न आमनऐा होन लथग अ।,एक हफ्ते से सिर में नींद न आना होने लगती है।
दवा लेनै के बाद भी फरैक्चर आता हि।,दवा लेने के बाद भी फ्रैक्चर आता है।
चड़चिड़सानप बढ़गा है।,चिड़चिड़ापन बढ़ गया है।
मुझभे द़ी मेंनींद न आनाममहसूष होथा अैभ।,मुझे एड़ी में नींद न आना महसूस होता है।
अक्सर से कममें अत्धयीक ौड़ा बीब रहती हे।,अक्सर से कमर में अत्यधिक फोड़ा बनी रहती है।
दल़ी में खामसीद के करण कमजरी भी आती ै।,एड़ी में खांसी के कारण कमजोरी भी आती है।
मुँह मेम ाछले हो गए िअं।,मुँह में छाले हो गए हैं।
मेरे नओाक मैं गमजोरी और धड़कण दौनों रहथ िह।,मेरे नाक में कमजोरी और धड़कन दोनों रहता है।
ध्यान केडअरित नहीं कर पातीभ हँ।,ध्यान केंद्रित नहीं कर पाती हूँ।
लत को ोते शमय िदमाग मेलं ंड लचघना ोगतो हैग।,रात को सोते समय दिमाग में ठंड लगना होता है।
नेरे मुँह में गि और रेश दोनआों होती है।,मेरे मुँह में गैस और रैश दोनों होती है।
दवे लेने कयेबाद भी सूजण महशूसहोती है।,दवा लेने के बाद भी सूजन महसूस होती है।
कोहनी में सम ै।,कोहनी में सूजन है।
मड़ ं डरद रहता गै।,कमर में दर्द रहता है।
ढॉ्टल ने कहा कलेसड्रॉल ेह।,डॉक्टर ने कहा कोलेस्ट्रॉल है।
जोड़ं में अकड़न है।,जोड़ों में अकड़न है।
घटुने में पाफन भर गया है।,घुटने में पानी भर गया है।
उँखलि मछं ो गी है।,उँगली में चोट लगी है।
पेसाब में चलन होथी है।,पेशाब में जलन होती है।
चलने पर ाक भें धड़क रहता है।,चलने पर नाक में धड़कन रहता है।
मुँह ेमं ाछलेहो गए गैं।,मुँह में छाले हो गए हैं।
पीरियड्छ ेमम बहुत रदअड होता है।,पीरियड्स में बहुत दर्द होता है।
परिवार में टवॉन्षिऔल की समसय रही ै।,परिवार में टॉन्सिल की समस्या रही है।
सुअ उठतेही पेत मकें चककर ढ़ जाता है।,सुबह उठते ही पेट में चक्कर बढ़ जाता है।
आँख मख़जलि ेक कारण गस भी आी है।,आँख में खुजली के कारण गैस भी आती है।
साष ळेने मैं तगलीभ होती ैह।,सांस लेने में तकलीफ होती है।
नका शे खूम आता ै।,नाक से खून आता है।
सोने नें दिकक् हो रही है।,सुनने में दिक्कत हो रही है।
गर् मि भेम रीढ़ से गावबना रहता है।,गर्मी में रीढ़ से घाव बना रहता है।
पिरियड्स मेंआ बहु दर्द हतोा हे।,पीरियड्स में बहुत दर्द होता है।
पहेट नें ग़ैसऊ बनती है।,पेट में गैस बनती है।
याददाश्त कमजोरहो गई है।,याददाश्त कमजोर हो गई है।
उँगली में कट के काल ऐंठम फी शुरू होती गै।,उँगली में कट के कारण ऐंठन भी शुरू होती है।
ुँह में छाले ा ग़ए हैं।,मुँह में छाले हो गए हैं।
कोतहन में ूनज है।,कोहनी में सूजन है।
हर दिन बाल में सूमज होने लईगती है।,हर दिन बाल में सूजन होने लगती है।
मेरे होंठ मे ना औएरम चोट डदनों तआा है।,मेरे होंठ में थकान और चोट दोनों आता है।
पके आसपास ोड़ो और तै़ज सांश फूबरना होता है।,पीठ के आसपास फोड़ा और तेज़ सांस फूलना होता है।
आँखों में जलद और रालिमा है।,आँखों में जलन और लालिमा है।
शरर में दर्द लहतझाहहै।,शरीर में दर्द रहता है।
परवार मे फकल की समसअयारही है।,परिवार में फंगल की समस्या रही है।
होंठ को छूने पल बेह द्सत लग़ती है।,होंठ को छूने पर बेहद दस्त लगती है।
ेर कोहनी मं फठा़ा और चदळ डोनों ोशलूअ होा है।,मेरे कोहनी में फोड़ा और जलन दोनों शुरू होता है।
भअयमटरने बरपसफीाम लगत ह।,व्यायाम करने पर पसीना लगता है।
कर्मी में जडो़ साछल आती है।,गर्मी में जोड़ से छाले आती है।
मुझावाल-ाबर मतळ झैछि मगसूस होथ हे।,मुझे बार-बार मतली जैसी महसूस होती है।
व्ययााम क़रे फड़ भाड़ा बढ़ जाटी गै।,व्यायाम करने पर फोड़ा बढ़ जाती है।
चलेन पर हेथ में रैश शुरूहोत ैह।,चलने पर हाथ में रैश शुरू होता है।
परवार में हृदई रोग की सम्यो रही है।,परिवार में हृदय रोग की समस्या रही है।
खमानिगलमे में दिक्क हा।,खाना निगलने में दिक्कत है।
गळाबैठा हुआ ैह।,गला बैठा हुआ है।
बि ठने के बद ेट मेम छंक्ररणम मअसूस होटा हा।,बैठने के बाद पेट में संक्रमण महसूस होता है।
ढए़भें ्डड गै।,एड़ी में दर्द है।
ठंन मे नथढना नें सिरदर्द शुरू होता है।,ठंड में नथुना में सिरदर्द शुरू होता है।
ठकअटर ेन क़हा फंगर है।,डॉक्टर ने कहा फंगल है।
पाों नें सूजन आ गई है।,पैरों में सूजन आ गई है।
खाना खानै के बाद सांस फूलना ना रहतो है।,खाना खाने के बाद सांस फूलना बना रहता है।
गउील में चोट लखी हे।,उँगली में चोट लगी है।
रात को सोते सनज पीठ में गैस बमी रहती है।,रात को सोते समय पीठ में गैस बनी रहती है।
तवचा सूख़ी औल खुरदरी हईोगई है।,त्वचा सूखी और खुरदरी हो गई है।
कभ-ीकडभी गाळ में उरटी हनोे रगदी है।,कभी-कभी गाल में उल्टी होने लगती है।
सस लेने भें तकलीफ होति है।,सांस लेने में तकलीफ होती है।
वाह अिलाने पर थरगान आती हि।,बाँह हिलाने पर ठंड लगना आती है।
तय मं दर्द ह।,दाँत में दर्द है।
परोसम छिमाशपेशी में दिज़ जुारभ शुरू होता गे।,परसों से मांसपेशी में तेज़ जुकाम शुरू होता है।
शड़र में डर्ड रहता ह।,शरीर में दर्द रहता है।
खड्टी डक़ार ती ैह।,खट्टी डकार आती है।
ज़यादागरअमी ळणघा के साथ थंड लगना फी तही है।,ज़्यादा गर्मी लगना के साथ ठंड लगना भी होती है।
चिड़चिड़ापन बढ़ गईा है।,चिड़चिड़ापन बढ़ गया है।
पचले महीने ँआख में संक्रञमहोने लग़ती है।,पिछले महीने आँख में संक्रमण होने लगती है।
दोग नीने षे ठखना मेम भोख न रना होनि ळगती है।,दो महीने से टखना में भूख न लगना होने लगती है।
ना बंद रगती है।,नाक बंद रहती है।
वजन अचानक कम हो गयाहे।,वजन अचानक कम हो गया है।
मुझे नाखूनप मेम रैश लगती है।,मुझे नाखून में रैश लगती है।
बेबज़जहरोना आता है।,बेवजह रोना आता है।
कलई में खुजली के कारण घबराटह भी कभ ह ाी है।,कलाई में खुजली के कारण घबराहट भी कम हो जाती है।
चलनै पर पळक में गम आत है।,चलने पर पलक में बलगम आती है।
चेहरे पड दाने निक़ल आए हैं।,चेहरे पर दाने निकल आए हैं।
ुमँह की त्भचा फर छल आताहै।,मुँह की त्वचा पर छाले आता है।
डवषा लेणे कवा बे भी मोच रखते है।,दवा लेने के बाद भी मोच लगता है।
धाँत नें र्धहा।,दाँत में दर्द है।
ीछले हप्दे से पिंटरी में अहनीय बुडखड़ लगदा है।,पिछले हफ्ते से पिंडली में असहनीय बुखार लगता है।
परियड्स के दौरान थकान रहती है।,पीरियड्स के दौरान थकान रहती है।
चलने फर जुर मेम सरिर्द गाती हाढ।,चलने पर जोड़ में सिरदर्द होती है।
थ-पैर ुन्न हो जाते हैं।,हाथ-पैर सुन्न हो जाते हैं।
मूंह में चलेो खए ैन।,मुँह में छाले हो गए हैं।
नाक ष गू आत ैअ।,नाक से खून आता है।
मेरे फ़ेफ़े मउेंझनझनहाट और णंद न आना दोनों आती है।,मेरे फेफड़े में झनझनाहट और नींद न आना दोनों आती है।
पविर मेम हर्निया खी समसयारही हैच।,परिवार में हर्निया की समस्या रही है।
टखने भें मोच है।,टखने में मोच है।
टखमे मैं भोच है।,टखने में मोच है।
ेवजहउ ोरने ता है।,बेवजह रोना आता है।
खभी-कभी पंचा में सूजन होणे लगथ ह।,कभी-कभी पंजा में सूजन होने लगती है।
नेख से कु आता हे।,नाक से खून आता है।
बउजन अजानक कम हो गया है।,वजन अचानक कम हो गया है।
दवा लेने क़े बाद भी कमजारी रहता है।,दवा लेने के बाद भी कमजोरी रहता है।
छाति में दबेव भहूसष होथा है।,छाती में दबाव महसूस होता है।
अोऔथ-रपण सूणअम ह ताे है।,हाथ-पैर सुन्न हो जाते हैं।
गरअदण घुमानचे में कद्कतहै।,गर्दन घुमाने में दिक्कत है।
छलने पर दाँत में खू आना तआओी है।,चलने पर दाँत में खून आना आती है।
दिमेग की त्वचा पर कबज महसू गोथी है।,दिमाग की त्वचा पर कब्ज महसूस होती है।
शुबहप से ठढोड़ि में ़अयदा घट़न महसूष गोता हे।,सुबह से ठोड़ी में ज़्यादा धड़कन महसूस होता है।
कना नगलने मेम तककतहै।,खाना निगलने में दिक्कत है।
टखनै ने मोच है।,टखने में मोच है।
झकणे बर टद्धी मै खथाण हौती हिए।,झुकने पर हड्डी में थकान होती है।
मडु बार-दार मथली जैशि हसूस होती गै।,मुझे बार-बार मतली जैसी महसूस होती है।
काणमें सूजन है और गर्मी लगना भ कन हो जोती अै।,कान में सूजन है और गर्मी लगना भी कम हो जाती है।
चिड़छडि़पन ड़ यगा ह।,चिड़चिड़ापन बढ़ गया है।
पैर िग अंगली डट गई है।,पैर की अंगुली टूट गई है।
दबा लिने के बाद भीदाने बढ़ जाती है।,दवा लेने के बाद भी दाने बढ़ जाती है।
शौच मं गून आता है।,शौच में खून आता है।
ड़ढात कोझ सोते समय िछर में छींख मगसषू होता अैक।,रात को सोते समय सिर में छींक महसूस होता है।
कमर में दर्दठ लहता है।,कमर में दर्द रहता है।
झुनि पर बाँह में चोट बना रअता है।,झुकने पर बाँह में चोट बना रहता है।
बिठने के भद पएसली में सेरद्रद हुता है।,बैठने के बाद पसली में सिरदर्द होता है।
लगादारभ कब्ज के स ससओ फोलनाभे रहता हि।,लगातार कब्ज के साथ सांस फूलना भी रहता है।
हल्का उलटी के सधा भूख न लग़ना बी रहताह है।,हल्का उल्टी के साथ भूख न लगना भी रहता है।
अक्षर हडधदी में दर्द होने लगती है।,अक्सर हड्डी में दर्द होने लगती है।
गन खथाश है।,गले में खराश है।
व्ईायाचम रकणे ल बुखरमहसूस होती है।,व्यायाम करने पर बुखार महसूस होती है।
चलना पल पैर मेंष एसिडिटी शुरूहोत है।,चलने पर पैर में एसिडिटी शुरू होता है।
ठंड में जोद़ मिं धबराहट लगटी है।,ठंड में जोड़ में घबराहट लगती है।
जोड़ों मे अकडन है।,जोड़ों में अकड़न है।
उँगलियो में झजणाहत हाती ह।,उँगलियों में झनझनाहट होती है।
झुेपर पै मंि क़मतजारी आता गै।,झुकने पर पैर में कमजोरी आता है।
खनााने के बादऔघाव रहती है।,खाना खाने के बाद घाव रहती है।
जाच में फिशर निकला हि।,जाँच में फिशर निकला है।
रोझ़दाँत नें कव्ज होे लगती है।,रोज़ दाँत में कब्ज होने लगती है।
नाक शे ून आता अै।,नाक से खून आता है।
माथ में ोढ़ा क़े कारण बगम भी बनीरहती है।,माथा में फोड़ा के कारण बलगम भी बनी रहती है।
ोंत ो छूनि पर थोड़ा कऩ बनी लअीत हा।,दाँत को छूने पर थोड़ा जकड़न बनी रहती है।
पीलिय ड्श भे वहुथरद्द हाता गि।,पीरियड्स में बहुत दर्द होता है।
शीर में दर्द लहता है।,शरीर में दर्द रहता है।
जीभ पर सपेद परत है।,जीभ पर सफेद परत है।
जोट़ं में अकड़न है।,जोड़ों में अकड़न है।
खाणा कानि के बाद भू न लगना आता है।,खाना खाने के बाद भूख न लगना आता है।
कंध में दर्ड ैअ।,कंधे में दर्द है।
दिळ की ऊधड़न थज हो जतीछ है।,दिल की धड़कन तेज़ हो जाती है।
खाणरा खमा के बादझझनगाट मगसूस होती है।,खाना खाने के बाद झनझनाहट महसूस होती है।
ध्यान खनद्ररिथ नहीं क पाीहँू।,ध्यान केंद्रित नहीं कर पाती हूँ।
लजने पर कलईा मैं बुखार शुरू होती है।,चलने पर कलाई में बुखार शुरू होती है।
मुझ कोलेस्ट्डलॉल है और ठोछड़ नंे चुभन रहता हा।,मुझे कोलेस्ट्रॉल है और ठोड़ी में चुभन रहता है।
ेभले रीढ़ में ऐंठण और कब्ज दोनों कम हो ज़ाता है।,मेरे रीढ़ में ऐंठन और कब्ज दोनों कम हो जाता है।
दिलकी धड़कन तेज़ हो जाति हे।,दिल की धड़कन तेज़ हो जाती है।
डॉक्टर ने का थयारॉयड ैह।,डॉक्टर ने कहा थायरॉयड है।
पैर की अंगुली ठूट गई हजै।,पैर की अंगुली टूट गई है।
पियरिडसके तौलो थकाण रगती है।,पीरियड्स के दौरान थकान रहती है।
मांसपेशियोंें खिंचाव है।,मांसपेशियों में खिंचाव है।
मिझेर नाूखन मां झुनझण और गैस दोनों भहसूस होातहै।,मेरे नाखून में झनझनाहट और गैस दोनों महसूस होता है।
पीरियड्स में बहूत तल्द होता है।,पीरियड्स में बहुत दर्द होता है।
फेडफे़ गिानलै पर भू नलगणो पना डहता है।,फेफड़े हिलाने पर भूख न लगना बना रहता है।
आँगअों नम जलऔर ललािमा है।,आँखों में जलन और लालिमा है।
खट्टी डकाड़ आतीअे।,खट्टी डकार आती है।
बथैमे कऐाबाद कंधा ें धद़खण नहसूस होती है।,बैठने के बाद कंधा में धड़कन महसूस होती है।
डेक़अर े खह हृदय रोग ेह।,डॉक्टर ने कहा हृदय रोग है।
पीरियडभ्स मेन बहुत दर्द होता है।,पीरियड्स में बहुत दर्द होता है।
चरने पर जोर में मगज़रौी लगताहै।,चलने पर जोड़ में कमजोरी लगता है।
सुनने ेमंदीकओ्कतच हो रही है।,सुनने में दिक्कत हो रही है।
भझे हृआदई रु है और पलख में मतली कभ अु जलाती है।,मुझे हृदय रोग है और पलक में मतली कम हो जाती है।
कामता खेने ़ेच बाद जुामबढ़ जताा है।,खाना खाने के बाद जुकाम बढ़ जाता है।
नाचक को छूने पर काफ खुजली महस ूस होते है।,नाक को छूने पर काफी खुजली महसूस होती है।
चाी में दबव महशू होोध अि।,छाती में दबाव महसूस होता है।
ठड में एड़ी भें घबरेहट होति है।,ठंड में एड़ी में घबराहट होती है।
खखाना खाने क बाद पीसन कनहो जाती है।,खाना खाने के बाद पसीना कम हो जाती है।
मुे बरा-ार तमली जसैी महसूस होती ै।,मुझे बार-बार मतली जैसी महसूस होती है।
सुनने मां देकई्कणत गो ड़बही है।,सुनने में दिक्कत हो रही है।
छिड़चि़डापन बध़ गाय अपै।,चिड़चिड़ापन बढ़ गया है।
हाध-पैल सुननअ ो जातै हैं।,हाथ-पैर सुन्न हो जाते हैं।
सुबह उतठे ही टकणा में क्कर बमे रहतो हा।,सुबह उठते ही टखना में चक्कर बना रहता है।
घघुटना में पाण फर जगा है।,घुटने में पानी भर गया है।
ानक से गान में ज़्यादा सूजम शुरू हुती गै।,अचानक से कान में ज़्यादा सूजन शुरू होती है।
उवँगली ेनं चोट लगी है।,उँगली में चोट लगी है।
रुक-ड़ुटककर गैस के सठेथ नींद आना भी मक हो ाती हा।,रुक-रुक कर गैस के साथ नींद न आना भी कम हो जाती है।
वजन अछान बघ़ध गा है।,वजन अचानक बढ़ गया है।
ठंड में सरि में खंसी रहती है।,ठंड में सिर में खांसी रहती है।
पीरिय्डस के दौलान थकन रहती गै।,पीरियड्स के दौरान थकान रहती है।
पैर केष आसपास छूचन औल हलअकाथकान कम अो जतीहै।,पैर के आसपास सूजन और हल्का थकान कम हो जाती है।
गरअमी नें पलछी से धड ़कन होता है।,गर्मी में पसली से धड़कन होता है।
बिछले मीनै से बँह ें अतयढिक छींक होता हि।,पिछले महीने से बाँह में अत्यधिक छींक होता है।
दिल के आसपाष छींक ल असहएनीई ठंड लगना बनी रहती है।,दिल के आसपास छींक और असहनीय ठंड लगना बनी रहती है।
रत को सोति समभय मँुह मेम ग् लगता गै।,रात को सोते समय मुँह में कब्ज लगता है।
भैणठि के भोद पनली भें चोट ुरु हहोदी हा।,बैठने के बाद पिंडली में चोट शुरू होती है।
बैटे के द कलेई मकंा चुभणगा है।,बैठने के बाद कलाई में चुभन लगता है।
ख़ोना खाणा कै बा गैछ बीमव रहती अै।,खाना खाने के बाद गैस बनी रहती है।
बजषन अचनक षमक हो गजा है।,वजन अचानक कम हो गया है।
सुवह उठते ही घुटना में खून आना महसू होात है।,सुबह उठते ही घुटना में खून आना महसूस होता है।
कान में सूजन है और सांस पुमला भि रगता है।,कान में सूजन है और सांस फूलना भी लगता है।
कमर मां दर्द रहदा है।,कमर में दर्द रहता है।
ूसहव उठते ही गरद्डधन मे रैश रगत है।,सुबह उठते ही गर्दन में रैश रहती है।
कमर में हदर्दरहता है।,कमर में दर्द रहता है।
मांसफेशियों में खिंचाव है।,मांसपेशियों में खिंचाव है।
ड़ात को सोते समय नस में छंक आता गै।,रात को सोते समय नस में छींक आता है।
ाव झ़डलहे अैं।,बाल झड़ रहे हैं।
डॉक्आटर नै कहा आर्थराइतिस है।,डॉक्टर ने कहा आर्थराइटिस है।
गला बैठा हुआ गै।,गला बैठा हुआ है।
एक हफ्े से कोअनी में सलदर्द हाने लगती है।,एक हफ्ते से कोहनी में सिरदर्द होने लगती है।
पिछले भहीेन सा नछ मेकम धड़कषन ड़ह है।,पिछले महीने से नस में कम धड़कन रहती है।
असहनीय संगमन क़े ाषथ बुकाडध़ भ आा ह।,असहनीय संक्रमण के साथ बुखार भी आता है।
डॉक्टड़ने हा माइग्रबेन है।,डॉक्टर ने कहा माइग्रेन है।
वजन अछामग वढ़ गजो गैऐ।,वजन अचानक बढ़ गया है।
टखेन में भोच है।,टखने में मोच है।
घुटने ेमं बानी भर गयाहै।,घुटने में पानी भर गया है।
मेरे जिगर मे सांस फुलना औड़ घाव दोनोंरहता ह।,मेरे जिगर में सांस फूलना और घाव दोनों रहता है।
गम नं फड़े सडि सेंषफूलना मषहससहोती हे।,गर्मी में फेफड़े से सांस फूलना महसूस होती है।
पीरियड्स गेदडुराम खेन रगरते है।,पीरियड्स के दौरान थकान रहती है।
गलाढ क़ी त्वचा बर एलड़ी रहता है।,गला की त्वचा पर एलर्जी रहता है।
ुमझे यूीआई है और जिगर में मोचरहता है।,मुझे यूटीआई है और जिगर में मोच रहता है।
ांसलेने में दकलीफ ोती ह।,सांस लेने में तकलीफ होती है।
डत् लगगए हंै।,दस्त लग गए हैं।
मासिक धर्म अनियमिथ है।,मासिक धर्म अनियमित है।
ठठंद मं कोहीन में दाने शुरू होथा है।,ठंड में कोहनी में दाने शुरू होता है।
कुछ दिनो से नतुना में पसीना होन लकगती है।,कुछ दिनों से नथुना में पसीना होने लगती है।
मुषेई नथुना में गुझली शुरू गतोा हइै।,मुझे नथुना में खुजली शुरू होता है।
गर्मी में त्वच से सु्नपन आती ैह।,गर्मी में त्वचा से सुन्नपन आती है।
दाथ में धर्ध है।,दाँत में दर्द है।
रबे मे जन हतोे है।,तलवे में जलन होती है।
परिवार में कोलेस्ट्ॉरल की समस्या रही है।,परिवार में कोलेस्ट्रॉल की समस्या रही है।
भौं ोक छूने पर लगातार ऐंठन बढ़ जाते है।,भौं को छूने पर लगातार ऐंठन बढ़ जाती है।
रात को सुते छमय कघा मे धड़कण कम अ जाी है।,रात को सोते समय कंधा में धड़कन कम हो जाती है।
ठोड़आी की जेत्व पर घासव म हो जटाे हि।,ठोड़ी की त्वचा पर घाव कम हो जाती है।
लात को सते समय भेफड़े मिं चोट शुरू गोी अै।,रात को सोते समय फेफड़े में चोट शुरू होती है।
ए़ी भें दरद हा।,एड़ी में दर्द है।
फेशाब मां चलन होती अै।,पेशाब में जलन होती है।
परिवार में हर्निया की ससम्या रहि है।,परिवार में हर्निया की समस्या रही है।
डाक्टल णे कअाटॉनसिल है।,डॉक्टर ने कहा टॉन्सिल है।
बहुत गैस खे ाकथ दर्द भी कम हो जाथा है।,बहुत गैस के साथ दर्द भी कम हो जाता है।
सकुनने में िक्कत ोह रह थहै।,सुनने में दिक्कत हो रही है।
बालझद़ लहे अंै।,बाल झड़ रहे हैं।
ांसफेशेयोम मेन ़खिंचाब ि।,मांसपेशियों में खिंचाव है।
चलनये पर दीभाख मेंझलउअी रहता ै।,चलने पर दिमाग में उल्टी रहता है।
लगताा़ड ाले क साथ बलगम भी रहताहै।,लगातार छाले के साथ बलगम भी रहता है।
खाने खाने के बाद घबराअट वना रहात है।,खाना खाने के बाद घबराहट बना रहता है।
मेडे़ पिंडली मेंजलन और ोट दोनों आती है।,मेरे पिंडली में जलन और चोट दोनों आती है।
छिर नं रूसी हो ग हा।,सिर में रूसी हो गई है।
कंधे में दरद है।,कंधे में दर्द है।
पैछाब बरा-ाल आदा हा।,पेशाब बार-बार आता है।
दिल की धड़कन तेज़ ह जाथी है।,दिल की धड़कन तेज़ हो जाती है।
रात ा सात समय गाई ने छाले लगती ह।,रात को सोते समय कलाई में छाले लगती है।
नींद मएें खलल ठ़ लहीै।,नींद में खलल पड़ रही है।
पैठने कशे बाद बँअ में नकसीर शुड़ू हतोी है।,बैठने के बाद बाँह में नकसीर शुरू होती है।
हंठ फथत ओरहेहै।,होंठ फट रहे हैं।
सुनने े िक्कत हा ड़ी हि।,सुनने में दिक्कत हो रही है।
मुझे कोल्हा में ुचभन लगता हैए।,मुझे कूल्हा में चुभन लगता है।
मासिक ढर्म अनियमित है।,मासिक धर्म अनियमित है।
महेशा सेहोंठ में रातार घाव लगत ैह।,हमेशा से होंठ में लगातार घाव लगता है।
कुहीम में षोज ़न है।,कोहनी में सूजन है।
तिल में षुजनहे औरदड़कन भी बनरऐहती हैअ।,दिल में सूजन है और धड़कन भी बनी रहती है।
पड़िबार मेन फिशर की समशअया रही है।,परिवार में फिशर की समस्या रही है।
बहुत मोच के साथ पसीना मी बनी रहती है।,बहुत मोच के साथ पसीना भी बनी रहती है।
शीरर में दर्द रहता ै।,शरीर में दर्द रहता है।
णेखून टोट हर हनै।,नाखून टूट रहे हैं।
उँगलियंो में झनझनाहट होती है।,उँगलियों में झनझनाहट होती है।
दसत लग गए हैं।,दस्त लग गए हैं।
बेहद फोड़ा के साथ घोव भ शरुू होती ै।,बेहद फोड़ा के साथ घाव भी शुरू होती है।
वजन अजानक कन हो खय हा।,वजन अचानक कम हो गया है।
बैठमे के बाद बालनें क़ब्ज लगती है।,बैठने के बाद बाल में कब्ज लगती है।
पीठ के आसपास कब्झ और रोक-रुक कर एलरझी आती है।,पीठ के आसपास कब्ज और रुक-रुक कर एलर्जी आती है।
सुह उठत ही एढ़ीनेन गचलि बनालहता है।,सुबह उठते ही एड़ी में खुजली बना रहता है।
गुर्दा की त्वचा रप ंऐटन महसूस हतुा है।,गुर्दा की त्वचा पर ऐंठन महसूस होता है।
पैड़ोंमें सूझन आ गईय है।,पैरों में सूजन आ गई है।
मुझे एढ़ी में फोड़ा रहती ैह।,मुझे एड़ी में फोड़ा रहती है।
कभ-ीकभी से त्वचा में रक-रुक कर दड़कन आदी है।,कभी-कभी से त्वचा में रुक-रुक कर धड़कन आती है।
डॉक्टर ेन कगा हर्निया है।,डॉक्टर ने कहा हर्निया है।
भुझे कलाई मं पशीना वढ़ जातीहै।,मुझे कलाई में पसीना बढ़ जाती है।
मुझे फेफड़ेण मेंचरे लगथा है।,मुझे फेफड़े में छाले लगता है।
खट्टी डकल आती है।,खट्टी डकार आती है।
गला नेंकराऊछ ैह।,गले में खराश है।
भँह खी चातवअ पर एसिडिती आता हे।,बाँह की त्वचा पर एसिडिटी आता है।
उँगली हिलाने पर उल्टी हती है।,उँगली हिलाने पर उल्टी रहती है।
दवा ेने के बाद भी धड़कन लगती है।,दवा लेने के बाद भी धड़कन लगती है।
सिलकी ्थवशा पर खांसी रहती है।,सिर की त्वचा पर खांसी रहती है।
पिट में एलरअजी के ारण एसिडिठी भी महसूस होी है।,पेट में एलर्जी के कारण एसिडिटी भी महसूस होती है।
लाकई ेभटममोच आ कईश गै।,कलाई में मोच आ गई है।
व्ाईामज कड़णा बर ड़ेश नबी रहति है।,व्यायाम करने पर रैश बनी रहती है।
नाखून में खंिचाव के कारण सूजण भी महसूस होता है।,नाखून में खिंचाव के कारण सूजन भी महसूस होता है।
रौज़ चिभ में डंन लन अोन लटी है।,रोज़ जीभ में ठंड लगना होने लगती है।
डॉ्ठफरमै क़हा कोेछअशटॉ्लस है।,डॉक्टर ने कहा कोलेस्ट्रॉल है।
मेरे डोड़ी मेन दस्त और भूक न लगना दोनों बढ़ जती है।,मेरे ठोड़ी में दस्त और भूख न लगना दोनों बढ़ जाती है।
पेट ेनं ैश वनथी है।,पेट में गैस बनती है।
उँगलयों में झनझनाहट अोदीहि।,उँगलियों में झनझनाहट होती है।
दसत लग घए हैम।,दस्त लग गए हैं।
सांस ेलै में तलीफ ोगती हचै।,सांस लेने में तकलीफ होती है।
कम बेैनी के साथ खांबीइ भी आता है।,कम बेचैनी के साथ खांसी भी आता है।
पैर की अंखुली टूट गई है।,पैर की अंगुली टूट गई है।
टखने माम मोछ है।,टखने में मोच है।
फिट में ैगस बनी है।,पेट में गैस बनती है।
जाँच में बै्टीरियसल निकला है।,जाँच में बैक्टीरियल निकला है।
पेण भूळ रहता है।,पेट फूला रहता है।
रा त्वचे भं खून आमा होणे लगती है।,रात त्वचा में खून आना होने लगती है।
सुबह उठते ही दाँत में धर्द आता है।,सुबह उठते ही दाँत में दर्द आता है।
छौच मां ख़ूम आता है।,शौच में खून आता है।
मांसपशियौं में खछिाव हा।,मांसपेशियों में खिंचाव है।
शुहब उते ही कळाई ेमं उल्ती मक हो जती है।,सुबह उठते ही कलाई में उल्टी कम हो जाती है।
वदा लेने के बात भी गरी ळगना आता है।,दवा लेने के बाद भी गर्मी लगना आता है।
सुबह उते हीनखाून में संक्रमण शरुूहोता है।,सुबह उठते ही नाखून में संक्रमण शुरू होता है।
गुड़्द को छूने र लु-रुक कगर घरानट आती है।,गुर्दा को छूने पर रुक-रुक कर घबराहट आती है।
कान मंे आवाज़ आदी है।,कान में आवाज़ आती है।
खाना नगिलन नें धिक् कत है।,खाना निगलने में दिक्कत है।
पे फूला रहता हा।,पेट फूला रहता है।
रात कफो छुते समई िंली मा बेछैमी होथ हे।,रात को सोते समय पिंडली में बेचैनी होता है।
शम कूलहा में चाले ौहने लगती ैह।,शाम कूल्हा में छाले होने लगती है।
मसूड़ों से ़खून आता है।,मसूड़ों से खून आता है।
नाकबंद रहती ह।,नाक बंद रहती है।
धीरे-घीरेसे एड़े मे असहदनीज नकदसीर गट ैअ।,धीरे-धीरे से एड़ी में असहनीय नकसीर लगता है।
नी ंधद में खलल पड़ रही हा।,नींद में खलल पड़ रही है।
दबोहर दिल मे ख़िंचाव ोे लगत़री अै।,दोपहर दिल में खिंचाव होने लगती है।
सभुह उठतेह पबेफ़डेऊ मे बुखाड़ वनि रहती गै।,सुबह उठते ही फेफड़े में बुखार बनी रहती है।
शरीर में दर्द ड़घहता है।,शरीर में दर्द रहता है।
गुलअद मेम गबछर्जफ के कालगाव भे शू अोताअै।,गुर्दा में कब्ज के कारण घाव भी शुरू होता है।
चलना पर िर मिं भोख न लगनाम हो जणाती हे।,चलने पर सिर में भूख न लगना कम हो जाती है।
चने बर हडठि में ग़िस डहती हैघ।,चलने पर हड्डी में गैस रहती है।
डॉक़्टर न कहा डायबिटीज़ है।,डॉक्टर ने कहा डायबिटीज़ है।
चेहरा फर दने निल आएथ हैं।,चेहरे पर दाने निकल आए हैं।
गरमी में दिमाग से फोडा रहती है।,गर्मी में दिमाग से फोड़ा रहती है।
परविार मैं गॉलप्ैडरी छस्या रही है।,परिवार में गॉलब्लैडर की समस्या रही है।
व्ययााम कड़ने पमल संक्ड़मण बन रहतती है।,व्यायाम करने पर संक्रमण बनी रहती है।
दे लेणे कईे बाद ी दस्गत बनयी टगी है।,दवा लेने के बाद भी दस्त बनी रहती है।
जाच मिं गॉलब्ळैडर निकला है।,जाँच में गॉलब्लैडर निकला है।
कुछ दिनों े कू्अा में मोच हने लगती है।,कुछ दिनों से कूल्हा में मोच होने लगती है।
पआरिवार मेम थायरॉयड की समस्जाइ ड़हधी ह।,परिवार में थायरॉयड की समस्या रही है।
मुझे मर में चभन वणी रहती है।,मुझे कमर में चुभन बनी रहती है।
ॉडटर े गा यूटीआई है।,डॉक्टर ने कहा यूटीआई है।
मुझे जाड़ में बेचैनी बनी रहती है।,मुझे जोड़ में बेचैनी बनी रहती है।
कान में सूजम अै और घपलागट भी बनी ड़हत है।,कान में सूजन है और घबराहट भी बनी रहती है।
डक्टर ने कअा क़ोलेस्ट्रॉल है।,डॉक्टर ने कहा कोलेस्ट्रॉल है।
ेट गिाणेपर उल्टऔीहशूस होता है।,पेट हिलाने पर उल्टी महसूस होता है।
ववासीर गेछभश्य अै।,बवासीर की समस्या है।
गोहनी क तछभाड पर गैस बढ़क ज़ाता है।,कोहनी की त्वचा पर गैस बढ़ जाता है।
ज़ाँच में योटीआई निकला है।,जाँच में यूटीआई निकला है।
क्टर ने कहा सा इनछ है।,डॉक्टर ने कहा साइनस है।
षुबह से नस में कर-रुक क़र थकान बना रहथा है।,सुबह से नस में रुक-रुक कर थकान बना रहता है।
पेशाब में जलण हटौी है।,पेशाब में जलन होती है।
गलाई के आसपास खांसी और ताज़ झुक़ाम बढ़ जथी अै।,कलाई के आसपास खांसी और तेज़ जुकाम बढ़ जाती है।
ुमईझेएंग्जाईटी गै औड़ दिनग ें सुन्नपन मअसस होता हैई।,मुझे एंग्जायटी है और दिमाग में सुन्नपन महसूस होता है।
भक बिलकुल नगीम गचती ैह।,भूख बिल्कुल नहीं लगती है।
सनने में दिग्कत हो रह है।,सुनने में दिक्कत हो रही है।
थोड़ा पईुकार के सोथ झनटझनटहफि गथी है।,थोड़ा बुखार के साथ झनझनाहट भी रहती है।
वनज अचानक वढ़ गयाहै।,वजन अचानक बढ़ गया है।
उगी भें जट लगीहा।,उँगली में चोट लगी है।
बबसाड़ की छम्सया गै।,बवासीर की समस्या है।
कई दिनों से पलक़ ें खून आना होने लती है।,कई दिनों से पलक में खून आना होने लगती है।
पीड़ियठ्स के दौलोम ठकान रहतीज है।,पीरियड्स के दौरान थकान रहती है।
नींड में खलल पड़ रही हे।,नींद में खलल पड़ रही है।
खड़्म नेऔं जोड़ स खि चाथव आता हघै।,गर्मी में जोड़ से खिंचाव आता है।
ग़र्दन घुमाने नें दिककत है।,गर्दन घुमाने में दिक्कत है।
झुकनै पर जोड़ में खांसी आती है।,झुकने पर जोड़ में खांसी आती है।
मुँह मम छाले हो गए हैंस।,मुँह में छाले हो गए हैं।
ाखना खाणे क बाद ंछक आती है।,खाना खाने के बाद छींक आती है।
रसां था में बेचानी हौनले गथ हे।,परसों माथा में बेचैनी होने लगती है।
बैठने के बाद कमड़ में सचन कभ गो जाती है।,बैठने के बाद कमर में सूजन कम हो जाती है।
उगली मेम सूजन ैह और भूख न लगना भि ळगती है।,उँगली में सूजन है और भूख न लगना भी लगती है।
निंद में गललपड रही है।,नींद में खलल पड़ रही है।
दवा लेेन के बदा भी ड़ैष बढऐ़ जाता है।,दवा लेने के बाद भी रैश बढ़ जाता है।
मांसपेशियंो में खिंचाव है।,मांसपेशियों में खिंचाव है।
ोडघ़ों मेंअकडऩ है।,जोड़ों में अकड़न है।
ाणा खाणे के बा एर्जी शुलूहोती ह।,खाना खाने के बाद एलर्जी शुरू होती है।
एक हफ्ते से माथा में चोट गोने लगती है।,एक हफ्ते से माथा में चोट होने लगती है।
मेड़े कान भें सिरदर् और मोछ दोनों पढ़ ाजते अै।,मेरे कान में सिरदर्द और मोच दोनों बढ़ जाता है।
दोबहर से सिर में बोत दाने नह सूस अोटी अै।,दोपहर से सिर में बहुत दाने महसूस होती है।
गानाखाे ेक भेखदषगूजन बना हरता है।,खाना खाने के बाद सूजन बना रहता है।
पीड्स के दड़ान तकानरहते है।,पीरियड्स के दौरान थकान रहती है।
खाना ोने के पाद कनजोरी बढ़ जाती गै।,खाना खाने के बाद कमजोरी बढ़ जाती है।
गर्नद घुमाने में दिक्कत है।,गर्दन घुमाने में दिक्कत है।
पीठ मेम अगड़म हि।,पीठ में अकड़न है।
मुँह के तअवच पड़ फोड़ा बनी रहती है।,मुँह की त्वचा पर फोड़ा बनी रहती है।
द्वछ सोखी और खुरदरी हो गई है।,त्वचा सूखी और खुरदरी हो गई है।
कोहनी में षुजन ह।,कोहनी में सूजन है।
दववा लेने ेक वाद भओि सांस ोभलना रतही है।,दवा लेने के बाद भी सांस फूलना रहती है।
र्ऐडइन हिलाणेस पर ुजले मा ़ता है।,गर्दन हिलाने पर खुजली बना रहता है।
कब्झ़ कीसमसय्ा है।,कब्ज़ की समस्या है।
ॉक्टर ने कहोअळछर है।,डॉक्टर ने कहा अल्सर है।
टंणड मे भिमप़डेमे खिमचाव बड़ जाता हि।,ठंड में फेफड़े में खिंचाव बढ़ जाता है।
पसल मै सून है और बखुार भी शरुू होथी है।,पसली में सूजन है और बुखार भी शुरू होती है।
डवा लेने क बाद भी ऐंन लगता है।,दवा लेने के बाद भी ऐंठन लगता है।
खान गाने के बाकद फ्रैक्चर लगती हएै।,खाना खाने के बाद फ्रैक्चर लगती है।
उगलीभं चोट लगी है।,उँगली में चोट लगी है।
हमेशा से गरद्न में थोड़ा फ्लैक्चतर आटा है।,हमेशा से गर्दन में थोड़ा फ्रैक्चर आता है।
मामसपेशिईोंमे किनादव है।,मांसपेशियों में खिंचाव है।
मेरे पीठ में दाछ और टक डनों ड़ह बता है।,मेरे पीठ में दाने और कट दोनों रहता है।
जीम परसफ़ेद परत है।,जीभ पर सफेद परत है।
बुह उठेत ही घुनटा में दर्द आती है।,सुबह उठते ही घुटना में दर्द आती है।
पि छले हभीने से भंौ ेभं रक-ुुरक कर घाव रहती है।,पिछले महीने से भौं में रुक-रुक कर घाव रहती है।
फैर की अंगुली ठूट गईहे।,पैर की अंगुली टूट गई है।
परै की अंगुली टूटगई है।,पैर की अंगुली टूट गई है।
ाखँसी में ख़ून तआाै।,खाँसी में खून आता है।
तवश पल गुजरी अोती ैह।,त्वचा पर खुजली होती है।
कल़ाई में मुछ आगई अै।,कलाई में मोच आ गई है।
डवंढ नै पेटमे दर्द रती है।,ठंड में पेट में दर्द रहती है।
ड़ी में दड़्ढद हा।,एड़ी में दर्द है।
मूषडो़ सेढ कून आता है।,मसूड़ों से खून आता है।
जभे प सफेद परत है।,जीभ पर सफेद परत है।
पेट मैन गैस बमती है।,पेट में गैस बनती है।
सरोबह उठते ही कोहनी में बेचैीन छुरू होीष है।,सुबह उठते ही कोहनी में बेचैनी शुरू होती है।
एड़ी में दर्ड गै।,एड़ी में दर्द है।
कूर्ा को ूमे पर गबभ मती भीरहति हएै।,कूल्हा को छूने पर कम मतली बनी रहती है।
मुझे बड़-भाल मलती जैसी महशसहोती है।,मुझे बार-बार मतली जैसी महसूस होती है।
सौछ मेढ खून आता है।,शौच में खून आता है।
सुबह उठते हठी आँख मंे झनझनाहट तआा है।,सुबह उठते ही आँख में झनझनाहट आता है।
मामसपेियोउन मेन खिचाव है।,मांसपेशियों में खिंचाव है।
मांसपेशी के आसपस चक्करऔर अत्यधिक चक् होता है।,मांसपेशी के आसपास चक्कर और अत्यधिक चक्कर होता है।
मतुना के आशफासझ उरअटी रऔ ोटआ़े रैश गत़े गै।,नथुना के आसपास उल्टी और थोड़ा रैश लगती है।
सुहब उठते ी दाँत में थकान रहता है।,सुबह उठते ही दाँत में थकान रहता है।
चाँच में एनीमिया निकला है।,जाँच में एनीमिया निकला है।
नाक की थ्वच पर डठ लगना आतो है।,नाक की त्वचा पर ठंड लगना आता है।
आंक क चात्ब पफड़ गर्मे लकनमहषस ोतीह।,आँख की त्वचा पर गर्मी लगना महसूस होती है।
दश् लगए अै।,दस्त लग गए हैं।
सुबह उटते ही बेट में गइर्मी लखना बना हता गै।,सुबह उठते ही पेट में गर्मी लगना बना रहता है।
छपह उतठ हीई मकर में ेचाी आथी गै।,सुबह उठते ही कमर में बेचैनी आती है।
सुनने में दिख्कत गा रही है।,सुनने में दिक्कत हो रही है।
लात को छोते समय कलाई में खांसी शुरो होता हे।,रात को सोते समय कलाई में खांसी शुरू होता है।
रात को सोते समय मुँह में धड़कन आति है।,रात को सोते समय मुँह में धड़कन आती है।
सांस ेलने में तकलीफ होदी है।,सांस लेने में तकलीफ होती है।
पेशाब पार-बाल आा ह।,पेशाब बार-बार आता है।
जीभ पर सफेद परत गहै।,जीभ पर सफेद परत है।
व्जायाम करमे पल कट आतीहै।,व्यायाम करने पर कट आती है।
जोड़ों में अगड़न है।,जोड़ों में अकड़न है।
जाँएच में बैक्टरीियल निखला गै।,जाँच में बैक्टीरियल निकला है।
उँगलि मेधन चोट लगीहै।,उँगली में चोट लगी है।
पेशव बेड़-वा आटाह।,पेशाब बार-बार आता है।
पेट फूला लहता है।,पेट फूला रहता है।
सिर मं रूसी ह ग है।,सिर में रूसी हो गई है।
मेरे बाँह में खांसी र नकछीर दोनों आती ै।,मेरे बाँह में खांसी और नकसीर दोनों आती है।
ह्का बेउचैनी के सेथ खऔुजलीभी भनारहदा है।,हल्का बेचैनी के साथ खुजली भी बना रहता है।
सां ळेढनेमें टकलीरफ होतही ह।,सांस लेने में तकलीफ होती है।
शह उटथेही पीठ में चग्ते महशूस होकाब गे।,सुबह उठते ही पीठ में चक्कर महसूस होता है।
ढ्यान क्दरिद महें करछपाती ूहं।,ध्यान केंद्रित नहीं कर पाती हूँ।
डतअकटर नाष कह फिषड़ है।,डॉक्टर ने कहा फिशर है।
गर्भी नें फंो ेस ुनन्फम ोता है।,गर्मी में पंजा से सुन्नपन होता है।
खान खानि गे बाड चींक होबती हा।,खाना खाने के बाद छींक होती है।
मषे एं्झयटी ह औरपेल मे रैश हरोी है।,मुझे एंग्जायटी है और बाल में रैश होती है।
खट्टी ठकार आती हे।,खट्टी डकार आती है।
कना ाखने के बाद नकसीर होती गै।,खाना खाने के बाद नकसीर होती है।
मुषे फिशर ह और जाँघ में दाने शुरू होती है।,मुझे फिशर है और जाँघ में दाने शुरू होती है।
णा़क से खून आटा ह।,नाक से खून आता है।
जाँच में अलसर निकला है।,जाँच में अल्सर निकला है।
बैठन के बाद कलाई में दाने बना रहता है।,बैठने के बाद कलाई में दाने बना रहता है।
ोगनी मेनं सूजन है।,कोहनी में सूजन है।
णाक से ून ते हा।,नाक से खून आता है।
आँखों भें चलन औड़ लेलिमा है।,आँखों में जलन और लालिमा है।
कब्ज़ की सस्याहै।,कब्ज़ की समस्या है।
मुझे स्लिपअड डिसक् है और कर्डन में घबलाहट शुरू होतो है।,मुझे स्लिप्ड डिस्क है और गर्दन में घबराहट शुरू होता है।
ठ नेन अकड़न ह।,पीठ में अकड़न है।
रकाई मेंमोच आ गई अि।,कलाई में मोच आ गई है।
दवा ेलने क़े बाद भी कबध् होती हे।,दवा लेने के बाद भी कब्ज होती है।
पिछले हफअते पेट मं कब्ज होओमे लगते ैह।,पिछले हफ्ते पेट में कब्ज होने लगती है।
बेजह ोरणा ता गै।,बेवजह रोना आता है।
वजन अचानक बढ़ गो है।,वजन अचानक बढ़ गया है।
ुसबह उठते ही एड़ी में छाले बढ़ जाता है।,सुबह उठते ही एड़ी में छाले बढ़ जाता है।
लकाई भें मोच आ गई है।,कलाई में मोच आ गई है।
ज़ाच में बीपी निखला है।,जाँच में बीपी निकला है।
परिभार में पाइल्स की शमस्या रही हनै।,परिवार में पाइल्स की समस्या रही है।
फीअरजिइयड्सऔ मे हबखुत डअद होता है।,पीरियड्स में बहुत दर्द होता है।
फिसर हो गरयो हे।,फिशर हो गया है।
एड़ी के आसपास एसिडिटी रकम फ्रैक्चर बब़ढ जाती है।,एड़ी के आसपास एसिडिटी और कम फ्रैक्चर बढ़ जाती है।
ठंड मचें गोहनी में साछ फूना शुरू होत है।,ठंड में कोहनी में सांस फूलना शुरू होता है।
जीभमें सूजड है औरउल्ीट भी होता है।,जीभ में सूजन है और उल्टी भी होता है।
झेँच मं ोकलेएस्ट्रॉणल निकला है।,जाँच में कोलेस्ट्रॉल निकला है।
ठमअडमें घर्दन भें ्ट रगहती ाह।,ठंड में गर्दन में दस्त रहती है।
जोड़ों मे अकड़न है।,जोड़ों में अकड़न है।
ाजँच मझंेकिडणी स्टोन निकला ै।,जाँच में किडनी स्टोन निकला है।
ीभ बर सफाद परत है।,जीभ पर सफेद परत है।
आँो मणें लन औरत लेलिभाढ है।,आँखों में जलन और लालिमा है।
गर्द घुमाने में दिकअक़त है।,गर्दन घुमाने में दिक्कत है।
खाना खाने के बाद दसअ कम अो जाथा है।,खाना खाने के बाद दस्त कम हो जाता है।
दीमग मिम नींत न आना के कारण ेस भी कभ हो जालता है।,दिमाग में नींद न आना के कारण गैस भी कम हो जाता है।
जीभ की त्वचा पर सिड़दर्द आती है।,जीभ की त्वचा पर सिरदर्द आती है।
डॉटल ने हक पाइळद्सध है।,डॉक्टर ने कहा पाइल्स है।
जीभ में कबज् के ाकरण छाले भी बना रगतो है।,जीभ में कब्ज के कारण छाले भी बना रहता है।
मेरवे कलाई नैं ऐमनड औरत चुभमऊ दएोनुम कम हो जातहि।,मेरे कलाई में ऐंठन और चुभन दोनों कम हो जाती है।
तअवश पर ुचीलएहोती है।,त्वचा पर खुजली होती है।
ठंड में ाँत में सासं फलना आता है।,ठंड में दाँत में सांस फूलना आता है।
गर्मी मां दिनाग से देमे क़खम हो जाताहै।,गर्मी में दिमाग से दाने कम हो जाता है।
दाँत मे दरद है।,दाँत में दर्द है।
षुननेमें िक्कत हो रगी है।,सुनने में दिक्कत हो रही है।
डॉक्टर ने कहा इंफेक्शन ै।,डॉक्टर ने कहा इंफेक्शन है।
झुनगेपगर अाथ में ीखं ाच नहसूस होतीअ ै।,झुकने पर हाथ में खिंचाव महसूस होती है।
बाल षड़ रहे हैं।,बाल झड़ रहे हैं।
वपेछे ीक सठमछया है।,बवासीर की समस्या है।
लंबे शमय से सलयी में दरद होने लगती है।,लंबे समय से पसली में दर्द होने लगती है।
रात से ग़ड़अदम में म माच बना रहता है।,रात से गर्दन में कम मोच बना रहता है।
हाध खीत्वशाअ पर कड ुशलू होइीहै।,हाथ की त्वचा पर कट शुरू होती है।
दवा लनेे के बाद भी बसीना महसूस हाती गै।,दवा लेने के बाद भी पसीना महसूस होती है।
सोबह उे अीदमेिग ने सुन्नफ बध़ जताी ह।,सुबह उठते ही दिमाग में सुन्नपन बढ़ जाती है।
पीयरे्ढसने हपुतदल्त हुता है।,पीरियड्स में बहुत दर्द होता है।
मुझे अज्सरह हैऔर ँक ैमं चेैनी बढ़ ाता ह।,मुझे अल्सर है और आँख में बेचैनी बढ़ जाता है।
व्यायाम करने पर दरद लतगा है।,व्यायाम करने पर दर्द लगता है।
काेमं ज़ आितहै।,कान में आवाज़ आती है।
पंा मेम एसडिटी ेक कारअण भतली भ लगती है।,पंजा में एसिडिटी के कारण मतली भी लगती है।
ंधे ें तरअतैश।,कंधे में दर्द है।
लगातर पड़ा के सा सूजन भीमहषूस हौद गै।,लगातार फोड़ा के साथ सूजन भी महसूस होता है।
बिछब घेंईूटआई की सस्या ड़हे है।,परिवार में यूटीआई की समस्या रही है।
पीड्सरिय में बहत दर् हुता है।,पीरियड्स में बहुत दर्द होता है।
गलाबैाठ ुहआ है।,गला बैठा हुआ है।
सर भें रूसी अौ गई है।,सिर में रूसी हो गई है।
माथा मेरं सूजण है और थकाम भी आती है।,माथा में सूजन है और थकान भी आती है।
जड़ों में अखड़न है।,जोड़ों में अकड़न है।
मुझे थायडरॉ है और गळा में गैस महसूस होा है।,मुझे थायरॉयड है और गला में गैस महसूस होता है।
दोफहर से बा में बिगद पसीना लगता हि।,दोपहर से बाल में बेहद पसीना लगता है।
चाँघ िलने पल कब्ज मगसू होता है।,जाँघ हिलाने पर कब्ज महसूस होता है।
मुजेगात भैंूग न रगना बनी रहते है।,मुझे हाथ में भूख न लगना बनी रहती है।
ीपरेयड्स में बहुत दर्दग होत है।,पीरियड्स में बहुत दर्द होता है।
दांतमें दरद है।,दाँत में दर्द है।
पेशाव बारबार आता है।,पेशाब बार-बार आता है।
तलव मैंलजन ोहतीहै।,तलवे में जलन होती है।
चलन पर हा में ठंठ लगना लगत है।,चलने पर हाथ में ठंड लगना लगती है।
मझुे फेफड़े मेबं एलरी कन हो जाताहै।,मुझे फेफड़े में एलर्जी कम हो जाता है।
पेाशब गा ड़ंग पदल गयाहै।,पेशाब का रंग बदल गया है।
भुझे अलसरहै और घटनो मेंएछिडटी बना रहता है।,मुझे अल्सर है और घुटना में एसिडिटी बना रहता है।
मुहइ मा शाले के कारणअ जुकाम भी बढ़जाते है।,मुँह में छाले के कारण जुकाम भी बढ़ जाता है।
व्यायामकरने पर गर्मी लगना गलती ग।,व्यायाम करने पर गर्मी लगना लगती है।
रिवार नें अ्थमा की मसस्या रहीहै।,परिवार में अस्थमा की समस्या रही है।
डॉक्टर ने फकहा स्लिपअड डिष्क है।,डॉक्टर ने कहा स्लिप्ड डिस्क है।
ुँअ मेनफ घवराहट के करण बेजचनी भ मसह गोथी गै।,मुँह में घबराहट के कारण बेचैनी भी महसूस होती है।
जुकने पल ए़डी नशे गर्मी लगना रहटी ैह।,झुकने पर एड़ी में गर्मी लगना रहती है।
बाल झड़ ड़हे हंै।,बाल झड़ रहे हैं।
चळने पर मुंह मेन गल्मी लगना होती ै।,चलने पर मुँह में गर्मी लगना होती है।
धरे-धीरे ेस बाळ मेऐंतेच़ स्नणपम गतोी ह।,धीरे-धीरे से बाल में तेज़ सुन्नपन होती है।
दील मा सूजण हा औ स्करमण फी पढ़ जाताहै।,दिल में सूजन है और संक्रमण भी बढ़ जाता है।
मुझे हाथ में धकण मक हो जाता अै।,मुझे हाथ में धड़कन कम हो जाता है।
नाक भं रहती है।,नाक बंद रहती है।
घनोंमेंआ पाणी भर घया है।,घुटने में पानी भर गया है।
उगँलियों मं झनझनाहटहोीत अै।,उँगलियों में झनझनाहट होती है।
आज़ नहीं निकळ रयीअ।,आवाज़ नहीं निकल रही।
मुझे आर्थराटइिष है और कोनहनी में गरम्ी लगना शुरू ोत है।,मुझे आर्थराइटिस है और कोहनी में गर्मी लगना शुरू होती है।
ुझ ुर्दा में टघबरो बढ़ जाता है।,मुझे गुर्दा में घबराहट बढ़ जाता है।
जाँघ को छूने फर अत्यधिक रैश शरुु अोता हयै।,जाँघ को छूने पर अत्यधिक रैश शुरू होता है।
ँत नें सनु है और भूख लगनाी शुरु हती है।,दाँत में सूजन है और भूख न लगना भी शुरू होती है।
मेरे ीढ़ भें फोड़ा और चोट दोनोंबनी रहते है।,मेरे रीढ़ में फोड़ा और चोट दोनों बनी रहती है।
ुसनने मे िक्कतहाम लअी अै।,सुनने में दिक्कत हो रही है।
ेट ो सोतेड सभय झीभ में शंखरझमन भान डग़अता है।,रात को सोते समय जीभ में संक्रमण बना रहता है।
ठंड नें पेट में छंक़ महसस होथा ै।,ठंड में पेट में छींक महसूस होता है।
चेहेर पर दाने निकळ आए हअैं।,चेहरे पर दाने निकल आए हैं।
दो महीने से से छाती में क़म चखला हमषूस हतोी हउै।,दो महीने से से छाती में कम छाले महसूस होती है।
पैर के आसपासगैस लऔ ळगातोर रश ुछरू गएोदी है।,पैर के आसपास गैस और लगातार रैश शुरू होती है।
पषळी के आशपाष नींद न आानऔर लगातरथ उलअटी खम ह जाताअअै।,पसली के आसपास नींद न आना और लगातार उल्टी कम हो जाता है।
मोंशछ पेईंो में खिंचाब है।,मांसपेशियों में खिंचाव है।
जिघर को छूणे पर ज़्यादा घड़कन महशूस होथे है।,जिगर को छूने पर ज़्यादा धड़कन महसूस होता है।
पड़िवार मेमाभयलर की समटष्याड़ी है।,परिवार में वायरल की समस्या रही है।
गले मंेखरछ है।,गले में खराश है।
राई का सौतै समय चातध में नीद ननआा नहसूशहोची ैग।,रात को सोते समय छाती में नींद न आना महसूस होती है।
पीड़ियड्छ मं बहुद दर्द अोता है।,पीरियड्स में बहुत दर्द होता है।
कान भें वाज़ आती हसै।,कान में आवाज़ आती है।
बैठने के बाद हड्डी में षंक्रभन बना रहता हा।,बैठने के बाद हड्डी में संक्रमण बना रहता है।
शापपे का रंक बदल गय है।,पेशाब का रंग बदल गया है।
ढॉक्टर ेन क़अा ूटआीई अै।,डॉक्टर ने कहा यूटीआई है।
खासी में ूनआत गै।,खाँसी में खून आता है।
आँखको छूरप तिज़ कट हाता गै।,आँख को छूने पर तेज़ कट होता है।
बेहद सूजनके साथ ऐंनठ भी होती ह।,बेहद सूजन के साथ ऐंठन भी होती है।
जाँच में अलचर नीकला हरै।,जाँच में अल्सर निकला है।
पंजा हिनेलपर रेश शुरूत होत है।,पंजा हिलाने पर रैश शुरू होती है।
दवा लेने कि बाद ब पसीना रहते है।,दवा लेने के बाद भी पसीना रहती है।
मांसआपेशीे धाव के खारण किंचाव भी होती हधै।,मांसपेशी में घाव के कारण खिंचाव भी होती है।
आँख को छूनेफर हल्खा घबराहठ रहत है।,आँख को छूने पर हल्का घबराहट रहती है।
बपेशाका लंग बद ग़या है।,पेशाब का रंग बदल गया है।
नेरे नोक मे चुभनर चोट दोनो बन रह थीऐ गै।,मेरे नाक में चुभन और चोट दोनों बनी रहती है।
वआाज़ नहीं निकर रही।,आवाज़ नहीं निकल रही।
बैठने के बाद घुटनो मैं जकडहन गोती गै।,बैठने के बाद घुटना में जकड़न होती है।
डॉ्त णअे ह पोइर्स हैख।,डॉक्टर ने कहा पाइल्स है।
जिगर मैं सूजन है और खांसी फी मगसूस होत है।,जिगर में सूजन है और खांसी भी महसूस होता है।
ैठने काबाद रक्दन नै चुभन होतउा है।,बैठने के बाद गर्दन में चुभन होता है।
रमीक मेंहोंठ छै झनझनाअट लगती है।,गर्मी में होंठ से झनझनाहट लगती है।
बै टने के बाद पर मैं घाव क ह झबाती अै।,बैठने के बाद पलक में घाव कम हो जाती है।
छती भें दबाव भहसमूश होता है।,छाती में दबाव महसूस होता है।
मषुे हठो नें चुभन आता हि।,मुझे होंठ में चुभन आता है।
व्जेयाम क़रइने पर घबरणाहत कम होठ जाता अै।,व्यायाम करने पर घबराहट कम हो जाता है।
पैल के आसपोश जुकोव और ाफीचोभनम आतते है।,पैर के आसपास जुकाम और काफी चुभन आता है।
आगों मनेओजलन औ लागलेमा है।,आँखों में जलन और लालिमा है।
मांशपशियों ें खिंचावऐ है।,मांसपेशियों में खिंचाव है।
पाट में गैस बएनती है।,पेट में गैस बनती है।
सुबहफ उठते ेह पेड ेंऐ जकाभ लतगा हान।,सुबह उठते ही पेट में जुकाम लगता है।
हड़ िन सेइ हेध में थोड़ा बेछैनऊी कन गो जताअै।,हर दिन से हाथ में थोड़ा बेचैनी कम हो जाता है।
बेशोब मेहं जलन हती अै।,पेशाब में जलन होती है।
पीठमैं अकड़न है।,पीठ में अकड़न है।
डॉकटल ने कहा बीपि अै।,डॉक्टर ने कहा बीपी है।
बक कोछूने पल हल्का चकऊ्कर आती है।,पलक को छूने पर हल्का चक्कर आती है।
टखने मे नोचहै।,टखने में मोच है।
रात को षते समय जिरग में कभजोगरे होटी है।,रात को सोते समय जिगर में कमजोरी होती है।
दात मंे टरड हि।,दाँत में दर्द है।
गरा को छूने फ कम भग न लगना आऐती है।,गाल को छूने पर कम भूख न लगना आती है।
पीठसके दौरन थकानरहदीआ हगि।,पीरियड्स के दौरान थकान रहती है।
मूझे ड़ख्थराइस हि और पंज़ में नकसीर शु होे ैअ।,मुझे आर्थराइटिस है और पंजा में नकसीर शुरू होता है।
फीलियड्स के दारन थनका हति ह।,पीरियड्स के दौरान थकान रहती है।
त्वचा सूखीऔर ुखरदरी हो घई है।,त्वचा सूखी और खुरदरी हो गई है।
वयायाभ करनेड पर गरी लगना भहछसूशर अोदी ह।,व्यायाम करने पर गर्मी लगना महसूस होती है।
कना गणागे ि बाद ट आती है।,खाना खाने के बाद चोट आती है।
कंघ मेंदर्द है।,कंधे में दर्द है।
मुे कधंा मिं दड़्द शूरू अोता है।,मुझे कंधा में दर्द शुरू होता है।
सुबह उथणते ही केन भें घावस छुलू होता है।,सुबह उठते ही कान में घाव शुरू होता है।
दब ेणैका भाद भी कमजोल होता है।,दवा लेने के बाद भी कमजोरी होता है।
डॉकट़ड ने हखे एंजगाजटी ैह।,डॉक्टर ने कहा एंग्जायटी है।
नचाखून टूट हेहैं।,नाखून टूट रहे हैं।
तेझ़ छक्कर कै साथ दानेण भी बढ़ झाती है।,तेज़ चक्कर के साथ दाने भी बढ़ जाती है।
व्यायाम करने पल घबराहट होती है।,व्यायाम करने पर घबराहट होती है।
मासिक धर्म अबनियित अै।,मासिक धर्म अनियमित है।
दस्त लग गए हां।,दस्त लग गए हैं।
जीभ में सज है और जलनभ कन हो जचाती है।,जीभ में सूजन है और जलन भी कम हो जाती है।
छलने पर कंढा भें छाले रगती है।,चलने पर कंधा में छाले लगती है।
झकने पर ुटरना ेंफ्ैकअचर शुरू होती है।,झुकने पर घुटना में फ्रैक्चर शुरू होती है।
आबाज नहंीई निकलरही।,आवाज़ नहीं निकल रही।
गड़् मी मेंझ पैर से दस्तआढथी है।,गर्मी में पैर से दस्त आती है।
बबासील की समस ्या हऐै।,बवासीर की समस्या है।
भय्ायाम करने पर मतलिशरुो हौत गै।,व्यायाम करने पर मतली शुरू होती है।
मछूड़ौं सि खूण आता है।,मसूड़ों से खून आता है।
षुकने रप जीभ में छींक बढभ जाती गै।,झुकने पर जीभ में छींक बढ़ जाती है।
कना खानेके बदा कजमोर कम होज़ती है।,खाना खाने के बाद कमजोरी कम हो जाती है।
ड में फ़ैफ़डे ेमं भूख न लगना शुरू गोीत हिण।,ठंड में फेफड़े में भूख न लगना शुरू होती है।
पेसर अा कईागै।,फिशर हो गया है।
त्वचा सूखी और ुखरदरी हो गई है।,त्वचा सूखी और खुरदरी हो गई है।
सांस लनेए भिं तकलीफ गोती है।,सांस लेने में तकलीफ होती है।
मुेझव बारथ-ब ड़ मलटीजैिष महूस हणतोी है।,मुझे बार-बार मतली जैसी महसूस होती है।
कलई में मोच आ गई हठै।,कलाई में मोच आ गई है।
सास लेने में तकलफ हाती गै।,सांस लेने में तकलीफ होती है।
सुबह उठते ही हाथ ें छो गलताहे।,सुबह उठते ही हाथ में छाले लगता है।
छेहले रदने निखल आ हैम।,चेहरे पर दाने निकल आए हैं।
छनलै पल भ मं कबअ् वना लहताब है।,चलने पर कमर में कब्ज बना रहता है।
नींद मेंखलळल पट री गै।,नींद में खलल पड़ रही है।
झुकणे पर ड़डी़ मैम ध़खम रगतीण ै।,झुकने पर रीढ़ में धड़कन लगती है।
सूबह पंडली माभं छींक हमे ळगत है।,सुबह पिंडली में छींक होने लगती है।
परेवेर मिं डिबर्ेशन की समसइया ही है।,परिवार में डिप्रेशन की समस्या रही है।
मषुथे फेफ़टि भिन कनढ ड़ शरुू होतीहै।,मुझे फेफड़े में धड़कन शुरू होती है।
डखणा खेर आछफाश बुखार और लुक-रुख रकुझली बमी रहती ह।,टखना के आसपास बुखार और रुक-रुक कर खुजली बनी रहती है।
र्मी में पसली षे कब्ज गती है।,गर्मी में पसली से कब्ज लगती है।
कलाई में जुकाम के कारण कवअज भी बना रहता गै।,कलाई में जुकाम के कारण कब्ज भी बना रहता है।
सुबह उठते ही सिल में भूख न लगना बध़ जाती हि।,सुबह उठते ही सिर में भूख न लगना बढ़ जाती है।
चनेपर ोड़ी मां जय़लन नगसूस होत है।,चलने पर ठोड़ी में जलन महसूस होती है।
उँगल ियु में नझझनाखहट होे है।,उँगलियों में झनझनाहट होती है।
घनटा हेलाने पर गर्मीलखगना हतोी है।,घुटना हिलाने पर गर्मी लगना होती है।
पीठ नें अकड़न गै।,पीठ में अकड़न है।
पेट भंे गैस बनती है।,पेट में गैस बनती है।
खा खान के पद झगठ़ पना रगतो ह।,खाना खाने के बाद जकड़न बना रहता है।
ालत कौष छोते सन पषील भें जाड बढ़ चााथहै।,रात को सोते समय पसली में चोट बढ़ जाता है।
वअयायाम करणे पड़ सिरदर्द लगती है।,व्यायाम करने पर सिरदर्द लगती है।
पैठणे के बदा कोहनी नें धडक़न होता हा।,बैठने के बाद कोहनी में धड़कन होता है।
हेथऐहिलाने पर कमचोर ढब़ जाथा हा।,हाथ हिलाने पर कमजोरी बढ़ जाता है।
वायाम करे पर चुभन मअसू होी है।,व्यायाम करने पर चुभन महसूस होती है।
व्यामयाम करने प ऐंन कन अो जाती है।,व्यायाम करने पर ऐंठन कम हो जाती है।
तलभे भें जलन ोहती अै।,तलवे में जलन होती है।
नोँहके आछा मोच और थोड़ जव होत है।,मुँह के आसपास मोच और थोड़ा जलन होती है।
मरमें डल्द अते है।,कमर में दर्द रहता है।
गंध ेमं दर्द ै।,कंधे में दर्द है।
बैठने के बाद कोहनी ें सूजन शुरूहोता है।,बैठने के बाद कोहनी में सूजन शुरू होता है।
चांच में डिबर्ेशन निकला है।,जाँच में डिप्रेशन निकला है।
नक से खूनआतगा ह।,नाक से खून आता है।
बेत ़ूाड़हता हअे।,पेट फूला रहता है।
डॉक्टर ेण कहाहृडई ोपघ है।,डॉक्टर ने कहा हृदय रोग है।
तवचा की त्वचा पर शिलदर्द महसुस गोती हैऔ।,त्वचा की त्वचा पर सिरदर्द महसूस होती है।
खोणा ाने के बाद खुलीए बढ़ जाती हा।,खाना खाने के बाद खुजली बढ़ जाती है।
फरिबका़ ेनइंफेठछन गी समसअया ड़गे है।,परिवार में इंफेक्शन की समस्या रही है।
रत को सोते समय छाटी मिं सूजहन शुरू ोता है।,रात को सोते समय छाती में सूजन शुरू होता है।
भूख बिल्कुल हीन लगती है।,भूख बिल्कुल नहीं लगती है।
अाध-पमैर सुन्ण हो चाथे हैन।,हाथ-पैर सुन्न हो जाते हैं।
पड़िवार में किडनी स्टोन की समस्या रही है।,परिवार में किडनी स्टोन की समस्या रही है।
त्वच पर खुजली होती नहै।,त्वचा पर खुजली होती है।
माछक धलत्म अियमित है।,मासिक धर्म अनियमित है।
भैठन के बादछ हढ्डी ममे षुन्नपन बणका लअा है।,बैठने के बाद हड्डी में सुन्नपन बना रहता है।
जखँाघ को छूनै पलठरमुकरुक कर सन मक हो जाात है।,जाँघ को छूने पर रुक-रुक कर सूजन कम हो जाता है।
पीठ ं अकड़न है।,पीठ में अकड़न है।
दाव रेहन के बाद भी जरद ोरू अाती है।,दवा लेने के बाद भी जलन शुरू होती है।
छाती भं दाव मसहस थगोदा है।,छाती में दबाव महसूस होता है।
मु में सूजम गै और घबराहट भीशुरू होती है।,मुँह में सूजन है और घबराहट भी शुरू होती है।
खाना गेने के बाअड छाषि आा हि।,खाना खाने के बाद छाले आता है।
ूमझे िजर में सूज बनि रती है।,मुझे जिगर में सूजन बनी रहती है।
रिभोर मेन अस्थमा खी समश्या हलजी है।,परिवार में अस्थमा की समस्या रही है।
टखमे मेंनचो है।,टखने में मोच है।
दवा लेेन के बद फी झकड़न महसहोता ै।,दवा लेने के बाद भी जकड़न महसूस होता है।
परिवार में एछिडिटी की सऊमस्या रही है।,परिवार में एसिडिटी की समस्या रही है।
सुपह उठते ही बाह मेजं ाखंषी बढ़ जाती है।,सुबह उठते ही बाँह में खांसी बढ़ जाती है।
मेरे मांसपेशी मे सिदर्द और बेचनी दोनों रहती अै।,मेरे मांसपेशी में सिरदर्द और बेचैनी दोनों रहती है।
खाँ सी मेन खून आता है।,खाँसी में खून आता है।
मसिक धरमअियमित है।,मासिक धर्म अनियमित है।
मुझेस्ळपआ्ड डधिछ्क हि औ मााथ नें बलगम ढ़ जभाता है।,मुझे स्लिप्ड डिस्क है और माथा में बलगम बढ़ जाता है।
राट कोसोतै सय त्चा मेन छल होथा हा।,रात को सोते समय त्वचा में छाले होता है।
कब्ज़ की सनस्या है।,कब्ज़ की समस्या है।
बळक कड शूनेपर ाकपी खुज़ले भनी रअथीहै।,पलक को छूने पर काफी खुजली बनी रहती है।
गल्दन हेलनाे पर घबराहट लगी है।,गर्दन हिलाने पर घबराहट लगती है।
ठंढ में पीठ मे वलघम नछहूस होता है।,ठंड में पीठ में बलगम महसूस होता है।
गरदन के त्वचा परजकड़न लहथा है।,गर्दन की त्वचा पर जकड़न रहता है।
कल गर्दन मेढन दामेख गोनकै लगतीहै।,कल गर्दन में दाने होने लगती है।
होंठ फहे हैं।,होंठ फट रहे हैं।
नाक बद लगतओी ै।,नाक बंद रहती है।
व्यायम कने पर खूनक आा होताहै।,व्यायाम करने पर खून आना होता है।
बैठनेके बादनेढक मां खसांबएे ध़ जाता हि।,बैठने के बाद नाक में खांसी बढ़ जाता है।
धुटतंम पाण मर घया हे।,घुटने में पानी भर गया है।
पैरंो मेम सूजन आ कई है।,पैरों में सूजन आ गई है।
पढलिवार में थायहलॉय ी शअमशय्ा रह है।,परिवार में थायरॉयड की समस्या रही है।
ेियड्स के दौरम थकानलहति है।,पीरियड्स के दौरान थकान रहती है।
रात को सोते समय सिर में ूखन आना बना रहता है।,रात को सोते समय सिर में खून आना बना रहता है।
नींद मेखं खलल पड़ रह हढै।,नींद में खलल पड़ रही है।
सूड़ों सि गन आता है।,मसूड़ों से खून आता है।
हसोंठ को छूनि पर बहुत मोच आती है।,होंठ को छूने पर बहुत मोच आती है।
कमर के आसपासफ्ड़ैक्रचष और पुहत एसिडिी बढ़ जगाती है।,कमर के आसपास फ्रैक्चर और बहुत एसिडिटी बढ़ जाती है।
पीरियड्स कआे दौरान थणका ड़हती है।,पीरियड्स के दौरान थकान रहती है।
फिवार में बैक्टीरयिल की समठस्य रही ै।,परिवार में बैक्टीरियल की समस्या रही है।
तम वले में झलन अोतीअ।,तलवे में जलन होती है।
नंद मेंर खलल फड़ हरगै।,नींद में खलल पड़ रही है।
रात ोक सअोथे सभय कर में कमज़ोरी लताहै।,रात को सोते समय कमर में कमजोरी लगता है।
तेझ़ ोट के साथ द्त भी रहत है।,तेज़ चोट के साथ दस्त भी रहती है।
झुनि पर ठउुट़ी ेमपसीा गम हो झात है।,झुकने पर ठोड़ी में पसीना कम हो जाता है।
भौं कि आसास चोठ और ज़़्यादे छीं बध़ जादी है।,भौं के आसपास चोट और ज़्यादा छींक बढ़ जाती है।
कोहमी ेमं धड़कन खेकोड़ण थकान भी लहती है।,कोहनी में धड़कन के कारण थकान भी रहती है।
कभीक-बी मांसेपशी में कट होने लगती है।,कभी-कभी मांसपेशी में कट होने लगती है।
ोंठ ो चूने लप अतठ्यधिक पशीना कभ हो जाती ै।,होंठ को छूने पर अत्यधिक पसीना कम हो जाती है।
सुबह उठते गी का़न में एरर जी होतहस।,सुबह उठते ही कान में एलर्जी होती है।
चिठ़जीड़फपन बढ़ गजा गै।,चिड़चिड़ापन बढ़ गया है।
काहनी में सअोजण है।,कोहनी में सूजन है।
खनाखामे ेक बाद फोड़ा रहती हे।,खाना खाने के बाद फोड़ा रहती है।
सुभह उठते ही ुँह में भूख न लगमा महसूस होता है।,सुबह उठते ही मुँह में भूख न लगना महसूस होता है।
ठ्टी ठकार आती है।,खट्टी डकार आती है।
व्यायाम रकने पर सांस लफूलने रतही ै।,व्यायाम करने पर सांस फूलना रहती है।
मुझे पीठ में बेचैनी आी है।,मुझे पीठ में बेचैनी आती है।
जाच में केडनी षटोण नकिला हे।,जाँच में किडनी स्टोन निकला है।
मक अिलाने पर नीसंड नआोन ळगात हे।,नाक हिलाने पर नींद न आना लगता है।
गर्दाकी त्वचा डनझचनाटह महसूस होती गै।,गुर्दा की त्वचा पर झनझनाहट महसूस होती है।
सबह उठते ही णाखूढन में दस्त कम हो जाती है।,सुबह उठते ही नाखून में दस्त कम हो जाती है।
हंोथ फट रहा हैं।,होंठ फट रहे हैं।
सांस लेने नें तकळीप होती है।,सांस लेने में तकलीफ होती है।
खाणखाेन े बाद थकन हता है।,खाना खाने के बाद थकान होता है।
गझ़ रधन िलानै पर कमसर कम हो जाा है।,गर्दन हिलाने पर नकसीर कम हो जाता है।
नझे बाँअ मंे एिसडिटी होथी है।,मुझे बाँह में एसिडिटी होती है।
झकणे पर घोटना में फ्रैक्चर रतहा है।,झुकने पर घुटना में फ्रैक्चर रहता है।
झकनिण रप होंट में गैसरघता हा।,झुकने पर होंठ में गैस लगता है।
माकनू डूटरेग हैन।,नाखून टूट रहे हैं।
मांसपशेयौं में खिंचाव है।,मांसपेशियों में खिंचाव है।
दवा लामे ैक बाभ मी एयशीडिटीफबना लहषता े।,दवा लेने के बाद भी एसिडिटी बना रहता है।
कमर के आसपाछ ऐंठ और ुरकरुक कर करीौजम कम हो जाता है।,कमर के आसपास ऐंठन और रुक-रुक कर कमजोरी कम हो जाता है।
दछ्हत लगथ गए हं।,दस्त लग गए हैं।
नाखूम टट ड़गि हंै।,नाखून टूट रहे हैं।
सिरछमेन रूसी हो गई है।,सिर में रूसी हो गई है।
रअदण घुमाने मेधिक्त है।,गर्दन घुमाने में दिक्कत है।
बेवजह रुना आदा है।,बेवजह रोना आता है।
रउातत सखुरअध भें कम एरर्ीज बढ़ जतो गै।,रात से गुर्दा में कम एलर्जी बढ़ जाता है।
पलि वे नें बैखअटिरियल कठी मशछ्यफा रही है।,परिवार में बैक्टीरियल की समस्या रही है।
कब्ज ़़ सनसज्ा ह।,कब्ज़ की समस्या है।
आखोम मेन जलन और लालमा ै।,आँखों में जलन और लालिमा है।
वजन अजानक कऐन गु गजया है।,वजन अचानक कम हो गया है।
बेवचह ोरनगा आता है।,बेवजह रोना आता है।
नोखून ूट रहै अंै।,नाखून टूट रहे हैं।
एड़ीमें दर् हि।,एड़ी में दर्द है।
चैहरेप दाने निगलआ हैं।,चेहरे पर दाने निकल आए हैं।
गरभि ें कभल घसा कमजोरी अोत है।,गर्मी में कमर से कमजोरी होती है।
आँख ीकत्वशा ड़ ्द भगस ूस अोा है।,आँख की त्वचा पर दर्द महसूस होता है।
चिड़चिडापन बढ़ गया हा।,चिड़चिड़ापन बढ़ गया है।
सुबह उठति ही कलाई में खरुजली बन रहता है।,सुबह उठते ही कलाई में खुजली बना रहता है।
मझे गुरदो नंै मतळि कमहो चाता है।,मुझे गुर्दा में मतली कम हो जाता है।
कलोई में मोच आ गई है।,कलाई में मोच आ गई है।
करम मे त्द रदहात है।,कमर में दर्द रहता है।
ग्मी में छाती से साथंस फूनला आते है।,गर्मी में छाती से सांस फूलना आती है।
करम में कट के कारञ मतली भि होति है।,कमर में कट के कारण मतली भी होती है।
डाँत में लद्द है।,दाँत में दर्द है।
मझे गरअन मेम नकसीर शुरू होता है।,मुझे गर्दन में नकसीर शुरू होता है।
पेछाव वार-बल आात ह।,पेशाब बार-बार आता है।
रत को सोते समय पलक ेमं सूजशन बना रहताहै।,रात को सोते समय पलक में सूजन बना रहता है।
मेरे ड़ीढ़ में र्मीग लगना और खिंचाव तोनों कम ह जाती हा।,मेरे रीढ़ में गर्मी लगना और खिंचाव दोनों कम हो जाती है।
एड़ी में दरलद है।,एड़ी में दर्द है।
भोझे कला में खांसी कम हगो जाता है।,मुझे गला में खांसी कम हो जाता है।
बाने के बधव पेडऊ मेंुचहभन ती है।,बैठने के बाद पेट में चुभन आती है।
गला गे आसकपास चुभन और बहु कट बढ़ ़जातागै।,गला के आसपास चुभन और बहुत कट बढ़ जाता है।
मुझे कौहनी ेंट ्दत रहता हा।,मुझे कोहनी में दस्त रहता है।
दस्त ग गए हं।,दस्त लग गए हैं।
पीठ की ट्ा पड़ झणभष नाहट होदा है।,पीठ की त्वचा पर झनझनाहट होता है।
टंड भे पसळी भें संक्लठमण आदाष है।,ठंड में पसली में संक्रमण आता है।
जाँच मंे एनीभिया मिकलाहै।,जाँच में एनीमिया निकला है।
मुझे बार-बार मतली जैसी महसूस ोती है।,मुझे बार-बार मतली जैसी महसूस होती है।
दभा ेलनेष कै भाद भी खुजली महसूश अोा हे।,दवा लेने के बाद भी खुजली महसूस होता है।
भूखबिमलकुल नहीं लगी है।,भूख बिल्कुल नहीं लगती है।
खांछ में खुन आता है।,खाँसी में खून आता है।
ख़ाण खाने खे बदा सामस फूलना लगथी है।,खाना खाने के बाद सांस फूलना लगती है।
सुह उठते ही दि में दाने हुताहै।,सुबह उठते ही दिल में दाने होता है।
शरीर ममे दर्द रता हे।,शरीर में दर्द रहता है।
कंध को ून पर गोपी कट शुू हीत है।,कंधा को छूने पर काफी कट शुरू होती है।
छाती नें दबाव भहसूस होता है।,छाती में दबाव महसूस होता है।
ई दमों से से कंधा मडैं बेहध नकसी होी है।,कई दिनों से से कंधा में बेहद नकसीर होती है।
सर भेतम झलन के कालण मतली भी बध़ जाथे रहै।,सिर में जलन के कारण मतली भी बढ़ जाती है।
खान में आज़ आति है।,कान में आवाज़ आती है।
परठिवा मान वेरईल की समस्या रही है।,परिवार में वायरल की समस्या रही है।
जोड़ में सूजन है और घबलाअट भी ुशरो होती है।,जोड़ में सूजन है और घबराहट भी शुरू होती है।
हों की दबचा पर दस्त सुू गोती हे।,होंठ की त्वचा पर दस्त शुरू होती है।
जुनेपल छाते ें एशेिट ात है।,झुकने पर छाती में एसिडिटी आता है।
मकर ें सून है र एलर्जी फी ळगट है।,कमर में सूजन है और एलर्जी भी लगती है।
दिळ की धड़क तैज़ होजाती है।,दिल की धड़कन तेज़ हो जाती है।
िसभार मे फिशर की समस्या री हैह।,परिवार में फिशर की समस्या रही है।
पैल की अंऔगोली टूट गईतैह।,पैर की अंगुली टूट गई है।
डक़्डर ने कहा कोले्टरॉल है।,डॉक्टर ने कहा कोलेस्ट्रॉल है।
ाखून में ूझम है और ख़ून आना भी ग़ा है।,नाखून में सूजन है और खून आना भी लगता है।
बरवागसीरडकी समस्या है।,बवासीर की समस्या है।
चलेन फर गालमें खुजल आदा है।,चलने पर गाल में खुजली आता है।
झुनके पर उँगली में झुगा पढ़ जाथा हि।,झुकने पर उँगली में जुकाम बढ़ जाता है।
ंकद नां दर्द अै।,कंधे में दर्द है।
खअट्ट डकार आीहे।,खट्टी डकार आती है।
रह दिम से नाखषून मैंकाफी चुभनआता है।,हर दिन से नाखून में काफी चुभन आता है।
बेहद नकछीर के साथ चोत भी लकती है।,बेहद नकसीर के साथ चोट भी लगती है।
उँगलियोंं झनझनाहटफ होदीहै।,उँगलियों में झनझनाहट होती है।
फिशर हा गया है।,फिशर हो गया है।
झुकने पर गलामें चोठ आता अै।,झुकने पर गला में चोट आता है।
गरत्दन घुमाने में दिक्क़त अै।,गर्दन घुमाने में दिक्कत है।
त्बचा फर खुलजी होती है।,त्वचा पर खुजली होती है।
त्वच सूखी और खोलदरी हधो गई है।,त्वचा सूखी और खुरदरी हो गई है।
खे मिगने मन दि्कत है।,खाना निगलने में दिक्कत है।
ैपरों नें शून आ गई है।,पैरों में सूजन आ गई है।
ारत को सोतदै समय पंजा में संक़्रमण ोहदी गै।,रात को सोते समय पंजा में संक्रमण होती है।
मूझे हरनियाहे और दिमागपमे बफेग लगनओा अोताहै।,मुझे हर्निया है और दिमाग में भूख न लगना होता है।
कभ-कबी जाघँ नें कट ने लगथी गै।,कभी-कभी जाँघ में कट होने लगती है।
तलवे नें झलन होती है।,तलवे में जलन होती है।
डखना में खून आनाकै केरण जुकाव भी आता है।,टखना में खून आना के कारण जुकाम भी आता है।
कल से जिघर नें कम ठंड लकना हसूसौहती है।,कल से जिगर में कम ठंड लगना महसूस होती है।
खाना खाने कै बाद छिरदर्द शुू होत है।,खाना खाने के बाद सिरदर्द शुरू होता है।
ुकने पर एडओ़ी नें दानिभ़ढ जती है।,झुकने पर एड़ी में दाने बढ़ जाती है।
मेरे नथुन में जुकाम और ुबगार तोनों बढ़ जाती है।,मेरे नथुना में जुकाम और बुखार दोनों बढ़ जाती है।
थोड़ा खोंबी के सेथ छोट भीढ़ जातेहा।,थोड़ा खांसी के साथ चोट भी बढ़ जाता है।
नाक बंद रहती ैह।,नाक बंद रहती है।
खोँस में खणू आता है।,खाँसी में खून आता है।
गल्मी में बालन सै गड़्ी लनगा बढ़ जातीहै।,गर्मी में बाल से गर्मी लगना बढ़ जाती है।
त्च फर खुजली अाती है।,त्वचा पर खुजली होती है।
दॉग्टर ना कहा अटलथ्सड़ है।,डॉक्टर ने कहा अल्सर है।
बैठने कि बाद दाँत में कट कम हो जाटा है।,बैठने के बाद दाँत में कट कम हो जाता है।
ठं में उँगी में सूजणआथती है।,ठंड में उँगली में सूजन आती है।
खाँसि भें खूम आता है।,खाँसी में खून आता है।
जीभ पल फषद परत है।,जीभ पर सफेद परत है।
चयलने परघोटणा में ठंड लगना रहात है।,चलने पर घुटना में ठंड लगना रहता है।
खाना निगलनेऐ भें दिक्कत है।,खाना निगलने में दिक्कत है।
दवा लनेे के बोद ीभ गैस बनी रहती हि।,दवा लेने के बाद भी गैस बनी रहती है।
ाँच में भिशर निकरा हा।,जाँच में फिशर निकला है।
कोगनी में ूजन है।,कोहनी में सूजन है।
बाल झड़ रहै हैं।,बाल झड़ रहे हैं।
लबे समय से भौं में कमजोरी होनेलगी ैह।,लंबे समय से भौं में कमजोरी होने लगती है।
सिल े ड़ूसी ोह गई ह।,सिर में रूसी हो गई है।
मुवषे वाजरल है औरएठ़ में फ्रिक्चरहता ैहठ।,मुझे वायरल है और एड़ी में फ्रैक्चर होता है।
पेशाब बेर-बर आात है।,पेशाब बार-बार आता है।
आँ खों मंे जलन औरलाळिना है।,आँखों में जलन और लालिमा है।
उँगली में चड कळ है।,उँगली में चोट लगी है।
बैठनेके बाद कमर में धड़कम ड़हटी गै।,बैठने के बाद कमर में धड़कन रहती है।
कानभें आईवझ़आछते है।,कान में आवाज़ आती है।
मुझे डोयबिटीज़ है और माथा मं उल्ीट शोू होदी है।,मुझे डायबिटीज़ है और माथा में उल्टी शुरू होती है।
थड मंेफफड़े मे छुभन महषु होतणा गै।,ठंड में फेफड़े में चुभन महसूस होता है।
डँा में दर्द है।,दाँत में दर्द है।
जिगर मझें शजन गैड़ गसैस भीआत अै।,जिगर में सूजन है और गैस भी आती है।
बैठे बेद पिंडली नें कमजोनरी रकती है।,बैठने के बाद पिंडली में कमजोरी लगती है।
पीलियड्स खे दौरान थकाघन रहदी है।,पीरियड्स के दौरान थकान रहती है।
कंधे नें दर्द है।,कंधे में दर्द है।
चिड़चिट़ापनअ बढ़ गया है।,चिड़चिड़ापन बढ़ गया है।
खाना खाने के बोद चककर आी है।,खाना खाने के बाद चक्कर आती है।
शीर मेईं डरअऊद लहदा है।,शरीर में दर्द रहता है।
थोडष़े र्ड खे साध खुलजी भी रहती ह।,थोड़ा दर्द के साथ खुजली भी रहती है।
आँखमें सून हैऔर मुचभि आती ेह।,आँख में सूजन है और मोच भी आती है।
परसऐों दिल ेमं पसनीा होने गळती हि।,परसों दिल में पसीना होने लगती है।
जिभ पर फसेद परत ैउ।,जीभ पर सफेद परत है।
कान में आभाज़ आती है।,कान में आवाज़ आती है।
गर्मी मं बंजा से मतली लगता है।,गर्मी में पंजा से मतली लगता है।
होंठ की थवचा पर ींद नआान बना रहता है।,होंठ की त्वचा पर नींद न आना बना रहता है।
सुबग उठत हे सिर मैं भूख न लगना आता है।,सुबह उठते ही सिर में भूख न लगना आता है।
नंती मेन खलल पड़ रही ेअ।,नींद में खलल पड़ रही है।
कमर में दरद रहते है।,कमर में दर्द रहता है।
मुझ बीपी ै और गलो में दाने बध़ जाात ै।,मुझे बीपी है और गला में दाने बढ़ जाता है।
मेरे पंजा में फोड़ा और एलर्जी दोनों बढ़ जाती गै।,मेरे पंजा में फोड़ा और एलर्जी दोनों बढ़ जाती है।
मैडत़े लीढ़ मेंआगथान औ ऐंठमदोनों वना रअथा अै।,मेरे रीढ़ में थकान और ऐंठन दोनों बना रहता है।
शांस लेयने मिं तगलीफ़ होती ै।,सांस लेने में तकलीफ होती है।
पेशाब में जलन हाती है।,पेशाब में जलन होती है।
कम भूख न लगना कै साथ पसीना भी कम हो ातीअा।,कम भूख न लगना के साथ पसीना भी कम हो जाती है।
बैठने क़े बाद दाँत में एसिटिटी शुरू हथी ह।,बैठने के बाद दाँत में एसिडिटी शुरू होती है।
पेट में गैस वमती हि।,पेट में गैस बनती है।
मुझे बार-बाड़ मतल जैसी मसूस होटी गैई।,मुझे बार-बार मतली जैसी महसूस होती है।
मेरे मांसपशीे में रैश और बेचामी दोसनों लगतीहै।,मेरे मांसपेशी में रैश और बेचैनी दोनों लगती है।
सुभह उठथे ही गोंठ मेन नींद न आना आती गै।,सुबह उठते ही होंठ में नींद न आना आती है।
ैड़ भंे सूजम हि औरशीनख बि म हो जाती िहफ।,पैर में सूजन है और छींक भी कम हो जाती है।
गड्द़न घुमनेा मे दिक्कत है।,गर्दन घुमाने में दिक्कत है।
झेनएीमिया है और कब डऔाा लउगीत है।,मुझे एनीमिया है और पलक में दाने लगती है।
ह्काछींक के छाथ जकड़न भी कनम हो ाात है।,हल्का छींक के साथ जकड़न भी कम हो जाता है।
ैर की तखअवचा परन चोट ेआ हि।,पैर की त्वचा पर चोट आता है।
बैठने के पाद गर्दन मां ठंड लगना मयहशष गोती हे।,बैठने के बाद गर्दन में ठंड लगना महसूस होती है।
ैठने के बटाध त्वचा मनिं बुखेर भ़ढप जता है।,बैठने के बाद त्वचा में बुखार बढ़ जाता है।
कोहनी में सून है।,कोहनी में सूजन है।
वजन अचानक ब़गई हषै।,वजन अचानक बढ़ गया है।
पेसघाब में जलम होती है।,पेशाब में जलन होती है।
चलमे पर ैर में भूख न लगना शुू अोती है।,चलने पर पैर में भूख न लगना शुरू होती है।
नाक बंड रहती हि।,नाक बंद रहती है।
शात में दबोव महसूस होता है।,छाती में दबाव महसूस होता है।
ग्मी भें पसली से छालेम लगती है।,गर्मी में पसली से छाले लगती है।
गड़्मी ें ौ से खूण आमा होता अै।,गर्मी में भौं से खून आना होता है।
मासपिओी की त्वो पर खट कम हो जादा है।,मांसपेशी की त्वचा पर कट कम हो जाता है।
असहनीय खज्कल के साथइ झमषनात भीश घलत है।,असहनीय चक्कर के साथ झनझनाहट भी लगता है।
वबाडसीर की समस्या ै।,बवासीर की समस्या है।
धूटना की त्वच पर संकरमण होता हझ।,घुटना की त्वचा पर संक्रमण होता है।
थोड़ा मोच के साथ नींद न आने भी कम गो ज़ाटा ैह।,थोड़ा मोच के साथ नींद न आना भी कम हो जाता है।
आभाज़ नगी निकळ रीह।,आवाज़ नहीं निकल रही।
परिवार में किडणी स्तोन गी समस्या रही गै।,परिवार में किडनी स्टोन की समस्या रही है।
परभोर में कोलेस्ट्रॉल ी समस्य रहि है।,परिवार में कोलेस्ट्रॉल की समस्या रही है।
िसल नेम सरी हढो गई है।,सिर में रूसी हो गई है।
फरिवार ेमं हृदयराग किसमस्या ली है।,परिवार में हृदय रोग की समस्या रही है।
फशर हो ग है।,फिशर हो गया है।
आँख कै आसोस फ्रैक्चर और काफी उल्टी आती है।,आँख के आसपास फ्रैक्चर और काफी उल्टी आती है।
झुकने पर नक में खांबी रहति है।,झुकने पर नाक में खांसी रहती है।
माथा खि आसपासचले और काभवीरैश आता है।,माथा के आसपास छाले और काफी रैश आता है।
मुझे जिरमें नगसीर होती है।,मुझे जिगर में नकसीर होती है।
गूरदा मियं एल्ज़ीके का़ण सूजनभी बढ़ जदा हा।,गुर्दा में एलर्जी के कारण सूजन भी बढ़ जाता है।
दसज्त ळग गए हैं।,दस्त लग गए हैं।
मेरे कंधा ेभं धकाम रखिंचाव दोनों महसूस होती अै।,मेरे कंधा में थकान और खिंचाव दोनों महसूस होती है।
बेल झड़ रहे हैं।,बाल झड़ रहे हैं।
व्यायाम करने पर एलर्जी बान रहटा है।,व्यायाम करने पर एलर्जी बना रहता है।
सिर क त्वछा पर ऐटनन रगता अा।,सिर की त्वचा पर ऐंठन रहता है।
परिवार मे डिप्लेन क़ी शमअया हरी है।,परिवार में डिप्रेशन की समस्या रही है।
उँगी के आसपास खट और ज़्यादा झन झनाहट गता है।,उँगली के आसपास कट और ज़्यादा झनझनाहट होता है।
धवा ेझने का बाड भी ठंड लऊगान रहटता ै।,दवा लेने के बाद भी ठंड लगना रहता है।
ुमेझ एंगज़याटी है और कूल्ह मिं ठंड लगना रहती गै।,मुझे एंग्जायटी है और कूल्हा में ठंड लगना रहती है।
मासपेशी ेभंसजन ाह औ़ एलरी भीबनी रहती है।,मांसपेशी में सूजन है और एलर्जी भी बनी रहती है।
खाना खाने के बेद एरर्जी़रहत है।,खाना खाने के बाद एलर्जी रहता है।
फेशाबभें जलण होती हैऊ।,पेशाब में जलन होती है।
धीरे-ीधरे जीभ में चीनक होेन लगती हा।,धीरे-धीरे जीभ में छींक होने लगती है।
झ़्उयोता फुड़े केसाथ ऐंडम भधी बढ़ जाता ेह।,ज़्यादा फोड़ा के साथ ऐंठन भी बढ़ जाता है।
षभुह ठढै ही नथुणा ैं ठठनट लगणा न लहती गै।,सुबह उठते ही नथुना में ठंड लगना बनी रहती है।
खड्ट डगार आत है।,खट्टी डकार आती है।
च़्जोदाछालेख का सतट सां पूरनाभणीओ लठगेत हि।,ज़्यादा छाले के साथ सांस फूलना भी लगता है।
रत को षोतासमय दईिमाग में सिरधरद बमा रहा है।,रात को सोते समय दिमाग में सिरदर्द बना रहता है।
दो नहीे से सेरीढ़ भं ज़्येता कबज बना रहता गै।,दो महीने से से रीढ़ में ज़्यादा कब्ज बना रहता है।
पैर को छुने पर असहनीय दस्त तआी है।,पैर को छूने पर असहनीय दस्त आती है।
फीरियड्स के दौलान थकान रहती हे।,पीरियड्स के दौरान थकान रहती है।
निंचन मैं कलल पड़ रही है।,नींद में खलल पड़ रही है।
ठोद़ी मं सूचन है और चओुभन भी कमक हो जाी गै।,ठोड़ी में सूजन है और चुभन भी कम हो जाती है।
सुब उठते हीटखना में चक्कर आता है।,सुबह उठते ही टखना में चक्कर आता है।
लंबे सभय सै कुर्दा में ठंड लगना होणेलगती है।,लंबे समय से गुर्दा में ठंड लगना होने लगती है।
मुझे रीढ़ में छं्रमण बना रहता है।,मुझे रीढ़ में संक्रमण बना रहता है।
एड़ी में द्रध अै।,एड़ी में दर्द है।
गलेमें खराछ अै।,गले में खराश है।
मुझे कूल्हा मे ेचबानी हटी है।,मुझे कूल्हा में बेचैनी रहती है।
कलाई कीतवचा पर कब्ज होथ है।,कलाई की त्वचा पर कब्ज होती है।
दभभा लेेन क वाद भे छाले आते अै।,दवा लेने के बाद भी छाले आता है।
भेड़े दिमेक में फरैक्रछ रऔ कभडजोरीदोणों कम हो जाती है।,मेरे दिमाग में फ्रैक्चर और कमजोरी दोनों कम हो जाती है।
पेसाब ेमं नल होीथ अै।,पेशाब में जलन होती है।
पीरियड्स में बहोत दर्द होता है।,पीरियड्स में बहुत दर्द होता है।
ठोद़ी नेंद सूजन गै और मंिदन आान भ लगे हा।,ठोड़ी में सूजन है और नींद न आना भी लगती है।
परिवार भेंडपरेन की समचअसया रही है।,परिवार में डिप्रेशन की समस्या रही है।
राद को सोवते शम ाछटी में गळी बनी रगि है।,रात को सोते समय छाती में खुजली बनी रहती है।
पीढंी के आसास सद औ रक-रक कर सोजन होटी है।,पिंडली के आसपास दस्त और रुक-रुक कर सूजन होती है।
झुकणे परध होंठ में सुन्नपती कम हो जादा है।,झुकने पर होंठ में सुन्नपन कम हो जाता है।
षबह उमठते हिसिर मेश आटीतै।,सुबह उठते ही सिर में छाले आती है।
उँगलियंो मेंनझझनाअट अोते है।,उँगलियों में झनझनाहट होती है।
ठडमें एड़ी में रैश महसूस होता है।,ठंड में एड़ी में रैश महसूस होता है।
कंधे में डर्द अै।,कंधे में दर्द है।
धीरे-धीरे कर में बगभ होने लगती है।,धीरे-धीरे कमर में बलगम होने लगती है।
मुझे ्रथाइटिस है औल रडअम मैं सिरदर्द लघथा हैम।,मुझे आर्थराइटिस है और गर्दन में सिरदर्द लगता है।
आज़ नीह निकल रही।,आवाज़ नहीं निकल रही।
रत कोल सोते समय दाँत में ऐंथनकम हो जाता है।,रात को सोते समय दाँत में ऐंठन कम हो जाता है।
पीरीयड्स के दौरान थखानन रहती है।,पीरियड्स के दौरान थकान रहती है।
गमाार काटनेे ाड नकसिर बन रगथी है।,खाना खाने के बाद नकसीर बनी रहती है।
फिसल हा गया गै।,फिशर हो गया है।
मुह हिलाने परोव होता है।,मुँह हिलाने पर घाव होता है।
लंवे समय से सै टोड़ी मेलगातार घबराहठ महूससहोती है।,लंबे समय से से ठोड़ी में लगातार घबराहट महसूस होती है।
मुझे बार-बार मतली ैछी महसूस हतोी है।,मुझे बार-बार मतली जैसी महसूस होती है।
परिवरार में अरसरकी सजमास रही है।,परिवार में अल्सर की समस्या रही है।
घुटना के आसपास जुकाम औड़ असहीमय खून आम महसूस हतोी है।,घुटना के आसपास जुकाम और असहनीय खून आना महसूस होती है।
छाती में दाबवमहसूछ होता है।,छाती में दबाव महसूस होता है।
जीभ रसनफ पड़त है।,जीभ पर सफेद परत है।
गर्दन घुमाने में दिक्तक है।,गर्दन घुमाने में दिक्कत है।
भेरे होंठ मे एलर्जीऔर लन दोमों लगता है।,मेरे होंठ में एलर्जी और जलन दोनों लगता है।
बैठने के बाद कूल्हे मं झझनो कम हो जाीत है।,बैठने के बाद कूल्हा में झनझनाहट कम हो जाती है।
वअयायाम करने पर पसीना बनीआ रहती है।,व्यायाम करने पर पसीना बनी रहती है।
शाम सै पारल में अतयअधिक जकठ़नरहता है।,शाम से बाल में अत्यधिक जकड़न रहता है।
फट ुला ड़टाहै।,पेट फूला रहता है।
दस्त लग गए हां।,दस्त लग गए हैं।
डकॉ्टर न कगाठ िड्रेशन हैय।,डॉक्टर ने कहा डिप्रेशन है।
मेले बच में ंटट लगनघा औड़ ग्मी लगना नोों बढ़ जाते है।,मेरे त्वचा में ठंड लगना और गर्मी लगना दोनों बढ़ जाता है।
खाना ख़ाने के बेद दान हति ह।,खाना खाने के बाद दाने होती है।
णणा गलानेरप सूझ महूस हत है।,नथुना हिलाने पर सूजन महसूस होता है।
थंढ में पंजा ें मच आपता ैह।,ठंड में पंजा में मोच आता है।
नाक बनदआ रहती हा।,नाक बंद रहती है।
एड़ी केआसपास धकान औड़ कम गर्ी लगन कम ोह जाता है।,एड़ी के आसपास थकान और कम गर्मी लगना कम हो जाता है।
सरि मेरं रूसे हो गई है।,सिर में रूसी हो गई है।
गर्दन घुमाने में दिक्कत हे।,गर्दन घुमाने में दिक्कत है।
वजन अचानक बढ़ गईा है।,वजन अचानक बढ़ गया है।
कई दिनों से से पंजा मेम कम मोच भढ़ जाती है।,कई दिनों से से पंजा में कम मोच बढ़ जाती है।
मेले गाल में फयोड़ा और कासी दोनोलं कम ो जात हे।,मेरे गाल में फोड़ा और खांसी दोनों कम हो जाता है।
सुधबह उठते ही दल भें मोच शुरू अढोती अि।,सुबह उठते ही दिल में मोच शुरू होती है।
ींद में ख़लळ पडड़ रगी है।,नींद में खलल पड़ रही है।
खान में षूजन है और छाि ी बनी रहती है।,कान में सूजन है और छाले भी बनी रहती है।
उँगललियों मे षनझानहट होची है।,उँगलियों में झनझनाहट होती है।
खनी ें गुर्दा सेसिडिती रहती है।,गर्मी में गुर्दा से एसिडिटी रहती है।
घुनते भां पाननी भर गया ैअ।,घुटने में पानी भर गया है।
उगल कोथ छूना पड़ बेहद सूजन रहत है।,उँगली को छूने पर बेहद सूजन रहता है।
ुबह उठणतै ही जिकर मं रैश हमछूस होती ैह।,सुबह उठते ही जिगर में रैश महसूस होती है।
खर्मिउ में उएँगल से चपभम आती है।,गर्मी में उँगली से चुभन आती है।
पैरं में सूजषण आ गई अै।,पैरों में सूजन आ गई है।
मांसपशसेियोंय मं खिंजेव ह।,मांसपेशियों में खिंचाव है।
भौं की टव्चा पर कट लगता है।,भौं की त्वचा पर कट लगता है।
दिल को छूने पर कम छजुन आती है।,दिल को छूने पर कम सूजन आती है।
चरनेपल चत्व नें भ्लैक्चर लहता ै।,चलने पर त्वचा में फ्रैक्चर रहता है।
सली हिलोे पर तकान बढ़ जाता है।,पसली हिलाने पर थकान बढ़ जाता है।
बवासलकी सम्य ैह।,बवासीर की समस्या है।
पिछभलैद ह्ते सवे नखा ैं हल्का शींक मअसूस होताहै।,पिछले हफ्ते से टखना में हल्का छींक महसूस होता है।
मा़े बाळ में खुजरठी और सं्ड़थमण दोनंो आदि है।,मेरे बाल में खुजली और संक्रमण दोनों आती है।
डॉग्टर ने कहा असअथमा अै।,डॉक्टर ने कहा अस्थमा है।
पट फूला रहता है।,पेट फूला रहता है।
झखने पर पलक में नशीर लकतएाब है।,झुकने पर पलक में नकसीर लगता है।
कभर में दरद रहा े।,कमर में दर्द रहता है।
दवा लेन के वाद भबी कमोरी खम होजउाता है।,दवा लेने के बाद भी कमजोरी कम हो जाता है।
पेशाब में जलन होत ैह।,पेशाब में जलन होती है।
मेरे जीभ मेइं खांबी औरडर्ड दोणो होथी है।,मेरे जीभ में खांसी और दर्द दोनों होती है।
ठॉजटल नेहका अ्नजा े।,डॉक्टर ने कहा हर्निया है।
फशर गो खईा है।,फिशर हो गया है।
भयनाठाय करमि प खनीठलगना रहता है।,व्यायाम करने पर गर्मी लगना रहता है।
मँग में छाळे हो गए हैं।,मुँह में छाले हो गए हैं।
मुझे ढ्डी मेंसंक्लमण लगती है।,मुझे हड्डी में संक्रमण लगती है।
दस्तह लग कएहैं।,दस्त लग गए हैं।
मूह नेंछल हो गए हैं।,मुँह में छाले हो गए हैं।
नक ंद रहति ै।,नाक बंद रहती है।
क्ज़ की समसये है।,कब्ज़ की समस्या है।
संे ेने मतकलीफ हुती हि।,सांस लेने में तकलीफ होती है।
मुँग मैबं चले हो क हिं।,मुँह में छाले हो गए हैं।
भद लैने कि बाद भी गैस लगता है।,दवा लेने के बाद भी गैस लगता है।
सुह उते ी दिल में नींद ण आना आतची है।,सुबह उठते ही दिल में नींद न आना आती है।
एड़अी में धर्द अै।,एड़ी में दर्द है।
खाँसीस मं खून आऐते ै।,खाँसी में खून आता है।
नींद में खलल प़ रहि हे।,नींद में खलल पड़ रही है।
दाँत में र्द है।,दाँत में दर्द है।
परयिडसद खे दौरान कमा लहती है।,पीरियड्स के दौरान थकान रहती है।
गले में खरोष है।,गले में खराश है।
अउचानक से फेफड़े में रुक-रक कर दस्त लगता है।,अचानक से फेफड़े में रुक-रुक कर दस्त लगता है।
आँखों ेमं जलण औ लाल मा अै।,आँखों में जलन और लालिमा है।
मुँह में चाले अो एग हैं।,मुँह में छाले हो गए हैं।
लगे में खराश गै।,गले में खराश है।
ीमंड में लरबट़ अी है।,नींद में खलल पड़ रही है।
हर दिनदँतर म कजोसरी हौना लगतीहा।,हर दिन दाँत में कमजोरी होने लगती है।
फीरियड्श खैदरारनोओ थकान रहतहै।,पीरियड्स के दौरान थकान रहती है।
ड्टर ेनकहढ ाइनस है।,डॉक्टर ने कहा साइनस है।
शाबपे बार-बर आता ैह।,पेशाब बार-बार आता है।
कमल के आछबस संकअरडमण और लाार बूख न लगणा होत है।,कमर के आसपास संक्रमण और लगातार भूख न लगना होता है।
काफी चककर के साथ चफुभनभी शुरू ोषीत है।,काफी चक्कर के साथ चुभन भी शुरू होती है।
गर्न िळाणे पर कणशरी शुरो अाती ैह।,गर्दन हिलाने पर नकसीर शुरू होती है।
चाती मैं दबाव मगस होा है।,छाती में दबाव महसूस होता है।
बकज़ की समसअया है।,कब्ज़ की समस्या है।
मझै अल्सर है और ठौड़ी मांदाने पने ड़कगता गै।,मुझे अल्सर है और ठोड़ी में दाने बना रहता है।
ाँच में फंगल निकल है।,जाँच में फंगल निकला है।
रोज़ से नस नें बफगुत खांी शुरू होता है।,रोज़ से नस में बहुत खांसी शुरू होता है।
वजन अचानख कम हो गजा है।,वजन अचानक कम हो गया है।
वअजाजम करने पर थकनबनी लहती है।,व्यायाम करने पर थकान बनी रहती है।
नुजे नयिा गै और उँगळी भें णकसरी क़म गोक ज़ीथ है।,मुझे एनीमिया है और उँगली में नकसीर कम हो जाती है।
मांसश कौ छूनेपल फाी ठठ ळकना महसूस हत ैह।,मांसपेशी को छूने पर काफी ठंड लगना महसूस होता है।
शरिरने दर्द रहता हे।,शरीर में दर्द रहता है।
जाँच में डइटीज़ निकला अै।,जाँच में डायबिटीज़ निकला है।
सेस लेने में तकलीभ होती ै।,सांस लेने में तकलीफ होती है।
अचागण उँगली में छाले होने ळगती है।,अचानक उँगली में छाले होने लगती है।
मेरे त्वचा मां मतली औरउल्टी दोनों होतो है।,मेरे त्वचा में मतली और उल्टी दोनों होता है।
नुफझे एणीि यमे है रऔच जौड़श मेंउर्टी रहद है।,मुझे एनीमिया है और जोड़ में उल्टी रहती है।
रघा बैे हआ है।,गला बैठा हुआ है।
डंड ैं नश में धअाणे ौहा है।,ठंड में नस में दाने होता है।
शलीर ं ध्र रहता हा।,शरीर में दर्द रहता है।
भुझे यूटीआई है और गला में सांस फूलना गति है।,मुझे यूटीआई है और गला में सांस फूलना लगती है।
रात का सोते समई होंठ में बेचैनि बढ़ जाती हे।,रात को सोते समय होंठ में बेचैनी बढ़ जाती है।
गंझधे में द्रद है।,कंधे में दर्द है।
बाँह को छूने पर रुक-रुक कर एलरअजी होता है।,बाँह को छूने पर रुक-रुक कर एलर्जी होता है।
हआबाजणहीं ेनल रही।,आवाज़ नहीं निकल रही।
मेरे गुर्दा में खांसी और एलर्जी दोनंो कम हो जाते है।,मेरे गुर्दा में खांसी और एलर्जी दोनों कम हो जाती है।
मुझे बर-बार मदली जैसी महसूसअोदी गै।,मुझे बार-बार मतली जैसी महसूस होती है।
आँखों में जलद र लाळिभा है।,आँखों में जलन और लालिमा है।
बैठिन के बाद पिट में मोच बढ़ जाता गै।,बैठने के बाद पेट में मोच बढ़ जाता है।
छाीत ेमंदबबाव महसस होता अा।,छाती में दबाव महसूस होता है।
रात को सोेत शमय डखना में एलड़्ज महसूस होदी है।,रात को सोते समय टखना में एलर्जी महसूस होती है।
कुछ दिनोम से आँख मे खांस होने लगतहै।,कुछ दिनों से आँख में खांसी होने लगती है।
जादधाशत क़म ोर ो ई है।,याददाश्त कमजोर हो गई है।
शाम सेपजजा में क़ाी चोट बनअी लहती ह।,शाम से पंजा में काफी चोट बनी रहती है।
फेफ़ड ेक आसपास कभट औड़ ोथ़टा एलर्जी भना रह ह।,फेफड़े के आसपास कट और थोड़ा एलर्जी बना रहता है।
ठंड में खूल्हा में कठ बढ़ जातीहै।,ठंड में कूल्हा में कट बढ़ जाती है।
डॉक्टर ने गहो वायरल है।,डॉक्टर ने कहा वायरल है।
चलने रप एड़ी मेंकब्ज नहसूस होतफा गै।,चलने पर एड़ी में कब्ज महसूस होता है।
गाथ-पैर छुन्न गो जाते गैं।,हाथ-पैर सुन्न हो जाते हैं।
जळने फरउँगरी में कमजोे गम होजाती है।,चलने पर उँगली में कमजोरी कम हो जाती है।
मांशपशियों में खढिंाचवहै।,मांसपेशियों में खिंचाव है।
गल बैठा ुहआ है।,गला बैठा हुआ है।
क़ूल्ाह में सूबजनष ैह और दाेन भी बना हरताहै।,कूल्हा में सूजन है और दाने भी बना रहता है।
दिनाग मिं छमक ेक गारञ फ्रैकचर भ गळतहै।,दिमाग में छींक के कारण फ्रैक्चर भी लगती है।
एठ़ी में डद है।,एड़ी में दर्द है।
चलनि परबाँह नें गएाबव कम ोअ जफातीद गे।,चलने पर बाँह में घाव कम हो जाती है।
तलवे में जलन गोती है।,तलवे में जलन होती है।
गुड़्ा मंिऐ प्रैक्चर लक कइानरुद़ा भी हसूष होता है।,गुर्दा में फ्रैक्चर के कारण फोड़ा भी महसूस होता है।
त्वचा र ु़ली होती है।,त्वचा पर खुजली होती है।
बेठने के बाद पीड में जक् कमहो जाती हैव।,बैठने के बाद पीठ में चक्कर कम हो जाती है।
कई दिनों से फैर में चुभन होने लगति है।,कई दिनों से पैर में चुभन होने लगती है।
कभर में दर्द रहता है।,कमर में दर्द रहता है।
तलि की धढइ़कन तेझ़ ो जाति है।,दिल की धड़कन तेज़ हो जाती है।
ोहणी क आशबाश छक़्कर औड़ तेज़घाव शुरू होी अि।,कोहनी के आसपास चक्कर और तेज़ घाव शुरू होती है।
िषरमिय रूसी गो क हैभ।,सिर में रूसी हो गई है।
नींर ेमं खलअल प़ रहीअै।,नींद में खलल पड़ रही है।
झजिट़छिद़ापम बढ़ गजा है।,चिड़चिड़ापन बढ़ गया है।
डॉक्टर ने क़गा अल्र है।,डॉक्टर ने कहा अल्सर है।
दअँात मे सूजण है और छाले भी महसूस होथीहै।,दाँत में सूजन है और छाले भी महसूस होती है।
रीढ़ िहलाने पर चुफन मअसूस होता है।,रीढ़ हिलाने पर चुभन महसूस होता है।
जलैन र माधा े चक़रअमसस होती है।,चलने पर माथा में चक्कर महसूस होती है।
मेरे नतुना मैगं उरटी् औल चक्गर दोनोंऊ महससहथा है।,मेरे नथुना में उल्टी और चक्कर दोनों महसूस होता है।
पेट फूरा रहता है।,पेट फूला रहता है।
गर ्डन को छूने परबगुत सकं्मरणभना रअता ै।,गर्दन को छूने पर बहुत संक्रमण बना रहता है।
छाती में सूजन है और चकअकर भी कम हो जाता अै।,छाती में सूजन है और चक्कर भी कम हो जाता है।
ब झड़रेह हा।,बाल झड़ रहे हैं।
जाच में वायरल निळा है।,जाँच में वायरल निकला है।
कंदे में दर्द है।,कंधे में दर्द है।
नख खाने के बाद नींर न आना बढ़ जोती है।,खाना खाने के बाद नींद न आना बढ़ जाती है।
रात खो सोते समय मूँह भिं खून आनाहतोी है।,रात को सोते समय मुँह में खून आना होती है।
डकोट ने कहाऔसयालल अैब।,डॉक्टर ने कहा वायरल है।
झुकणेण पलगलल मेंटंठ रगना कम हो जताा है।,झुकने पर गाल में ठंड लगना कम हो जाता है।
मु माइग्लेन है और नथुना में छमक शुरू गोता है।,मुझे माइग्रेन है और नथुना में छींक शुरू होता है।
भुझे माथा मेयं बुखर डह़ता है।,मुझे माथा में बुखार रहता है।
कफि गाभ ेक ासथ ठं लगम ी बना रहता गै।,काफी घाव के साथ ठंड लगना भी बना रहता है।
ग्रमी मं जोड़ सै थकान लगता है।,गर्मी में जोड़ से थकान लगता है।
दवा लेने का बाद भी भूख न लनगना लगती गै।,दवा लेने के बाद भी भूख न लगना लगती है।
पऔित का छूने पर ज़्योदा बुाखड़गशरू होती गि।,पेट को छूने पर ज़्यादा बुखार शुरू होती है।
दभा लइेे खे वद भ सूजण रहदाहै।,दवा लेने के बाद भी सूजन रहता है।
टंडमें पेन में कट महसूस होती हा।,ठंड में पेट में कट महसूस होती है।
मझुे ाजँ मं रैश छूर होत हे।,मुझे जाँघ में रैश शुरू होता है।
ध्यान केंध्रित नअीं कर पाती हूँ।,ध्यान केंद्रित नहीं कर पाती हूँ।
कल पा मेन फअरैकह्चर होने लगती है।,कल पंजा में फ्रैक्चर होने लगती है।
उँगली को छूेपर काफ बेछैनी कम हडोजाती ैह।,उँगली को छूने पर काफी बेचैनी कम हो जाती है।
पेट मे गैस बतनी है।,पेट में गैस बनती है।
पडल़िवेर मे फ़िछर ी मसअयो रह ह।,परिवार में फिशर की समस्या रही है।
दऔिभ ाग नां ूषयजन है डऔ़ ुसनअ नपन भ रअताद है।,दिमाग में सूजन है और सुन्नपन भी रहता है।
़कंेद मधेन डल्द है।,कंधे में दर्द है।
भसडू़एों षयै ख़ून आात े।,मसूड़ों से खून आता है।
छलने पर पसली में दर्द होती है।,चलने पर पसली में दर्द होती है।
षा बाड़-वाड़ मतरी जैछी महसूस होते ै।,मुझे बार-बार मतली जैसी महसूस होती है।
हर दिन से थमें थुजइडइ़ा घब ध़ जातागै।,हर दिन से हाथ में थोड़ा घाव बढ़ जाता है।
चळतने पर कमर मे फ्लैकअचर अोभतीहै।,चलने पर कमर में फ्रैक्चर होती है।
डिळ क़ी चातअव पर पसीना लगता है।,दिल की त्वचा पर पसीना लगता है।
बेहद जलण के साथ ठंडलगनाध भी होतीहै।,बेहद जलन के साथ ठंड लगना भी होती है।
पिंडरी के आसपासछंीक और कम थकेन आती है।,पिंडली के आसपास छींक और कम थकान आती है।
मुझे दिमाग में सुन्नपन महूसस होती है।,मुझे दिमाग में सुन्नपन महसूस होती है।
शौच में खनू आता हे।,शौच में खून आता है।
अत्यदिक भूख न रग़ा के ाथ चोट ी महषूषोहताप है।,अत्यधिक भूख न लगना के साथ चोट भी महसूस होता है।
वय्ायाम करने पर ऐंठन महषूस होती हि।,व्यायाम करने पर ऐंठन महसूस होती है।
मैर बाल में ्फलैकजर औड़ षानसफूलने धमोां होता है।,मेरे बाल में फ्रैक्चर और सांस फूलना दोनों होता है।
ाकन मे आवाअजव ती है।,कान में आवाज़ आती है।
षुह ठते ही फेर ें छांश फ़लूनउाढ लग़दाहै।,सुबह उठते ही पैर में सांस फूलना लगता है।
भुँह मेम छाले गो गए हैं।,मुँह में छाले हो गए हैं।
बजन अचानक बड़ गया ह।,वजन अचानक बढ़ गया है।
परवरा नें स्लिप्ड डिष्क की समस्यसाम रही है।,परिवार में स्लिप्ड डिस्क की समस्या रही है।
फरेवार में फिशर ी समछ ्याइ ड़गी ै।,परिवार में फिशर की समस्या रही है।
आँगों मं न औड़ लालमिा है।,आँखों में जलन और लालिमा है।
धयानकेंद्थलित नहीं क पादी हँू।,ध्यान केंद्रित नहीं कर पाती हूँ।
चलने पर भौं मेन घाब महसस हीतहै।,चलने पर भौं में घाव महसूस होती है।
वामठा के पेद ए़में दस्त ब़ चाथे ैह।,बैठने के बाद एड़ी में दस्त बढ़ जाती है।
कान नेम आवाज़ ती है।,कान में आवाज़ आती है।
दवा लेने के बात भी लाश महसूस होी है।,दवा लेने के बाद भी रैश महसूस होती है।
परयड्स मेषं बहद दल्द गोतगा है।,पीरियड्स में बहुत दर्द होता है।
कोफ लज के साध पसना भी आताहै।,काफी जलन के साथ पसीना भी आता है।
पैर हिलाेन पर पसीना रहता गै।,पैर हिलाने पर पसीना रहता है।
ब्यायाम रगणे पर सेडिी शुर होत है।,व्यायाम करने पर एसिडिटी शुरू होता है।
कंधे में ध्द है।,कंधे में दर्द है।
बूख बिल्कुल नअीं लगटी है।,भूख बिल्कुल नहीं लगती है।
जीब कफ़ तवचा पलपड़ा रहती है।,जीभ की त्वचा पर फोड़ा रहती है।
घुनटे में पामी मर गया अा।,घुटने में पानी भर गया है।
खद ामा निगळने मे दिक्गट है।,खाना निगलने में दिक्कत है।
ध्यान केंद्रित नहीं गर पाती हूँ।,ध्यान केंद्रित नहीं कर पाती हूँ।
कंधएा को छूने र हल्का बलगम लगता है।,कंधा को छूने पर हल्का बलगम लगता है।
झक़ने पर पैर में ढद़कन आता है।,झुकने पर पैर में धड़कन आता है।
पेट फोलडा रअत हि।,पेट फूला रहता है।
मिरे एड़ी भें क़ट और पीसना दोनों बनाघ रहता गै।,मेरे एड़ी में कट और पसीना दोनों बना रहता है।
गर्मी भें कूलहे से खिंचाव लगदा है।,गर्मी में कूल्हा से खिंचाव लगता है।
गर्दन घुभ ाने नेमदिक्कत अ।,गर्दन घुमाने में दिक्कत है।
चिड़औचिड़ावपन बड़ गयाप हा।,चिड़चिड़ापन बढ़ गया है।
चबलणे पर ष मि जोखाम शुरू होतहै।,चलने पर नस में जुकाम शुरू होता है।
एड़ी में दरध है।,एड़ी में दर्द है।
दो महिने ेसे नस नें हल्का कब्ज गम ोह जाता है।,दो महीने से से नस में हल्का कब्ज कम हो जाता है।
गाना खाणै के बाद नींद न आना बनी रहीत है।,खाना खाने के बाद नींद न आना बनी रहती है।
वैठने के बादकंघा में उल्टी बढ़ जाती है।,बैठने के बाद कंधा में उल्टी बढ़ जाती है।
नासक ेमं सूजऔन है और जलनभी कम हो जातीझ अै।,नाक में सूजन है और जलन भी कम हो जाती है।
जांच में साइनस निकला है।,जाँच में साइनस निकला है।
दिल की धऐड़कन तेज़ ह जादी ै।,दिल की धड़कन तेज़ हो जाती है।
कलाई की त्वचा पर टंड लनगा लगती है।,कलाई की त्वचा पर ठंड लगना लगती है।
हर दिन से उँगले मिं थोड़ा भू न लगने महसूस होता है।,हर दिन से उँगली में थोड़ा भूख न लगना महसूस होता है।
झुकने पर पै में बलगम शुरूहोती ह।,झुकने पर पैर में बलगम शुरू होती है।
मं मेन सूचन है औदर छाे मी अुीद अ।,भौं में सूजन है और छाले भी होती है।
परिबोर मां हदय रु की समसअयाइ रही है।,परिवार में हृदय रोग की समस्या रही है।
फयिछल हफ ्ते ेस जम नें असहनीईझुाम लगता ै।,पिछले हफ्ते से जीभ में असहनीय जुकाम लगता है।
गुल्दा क़ीश द्जा पर वीख णलगना हौती अ।,गुर्दा की त्वचा पर भूख न लगना होती है।
ौट़ों िममं अकड़न ग।,जोड़ों में अकड़न है।
झुकने पर नाखूण मैं गर्नी लगने बना रहता है।,झुकने पर नाखून में गर्मी लगना बना रहता है।
िठने के ेद ठोठ़ में छाळेबढ़ जातो है।,बैठने के बाद ठोड़ी में छाले बढ़ जाता है।
मुझ िपडस्रेशन ैहउऔल नथुननामें पसीना महछोस होटा हे।,मुझे डिप्रेशन है और नथुना में पसीना महसूस होता है।
मेरे बाल में छीकत और झनझनाटह ुदनो रू ोतीप अै।,मेरे बाल में छींक और झनझनाहट दोनों शुरू होती है।
छाती मंे दबाव भहसूस हतोा है।,छाती में दबाव महसूस होता है।
वअयायाभ रने पर ऐंठन आता है।,व्यायाम करने पर ऐंठन आता है।
आज़ नहीं निकल रही।,आवाज़ नहीं निकल रही।
ात को सोथे सयम जिगरघ में खिनचाव आतो हैऊ।,रात को सोते समय जिगर में खिंचाव आता है।
मुझेमाथा मांबुा शुरू होती है।,मुझे माथा में बुखार शुरू होती है।
सननेमें देग्कत हो रही ै।,सुनने में दिक्कत हो रही है।
गुटनमैं पनी र गयाह।,घुटने में पानी भर गया है।
परिवार मे एसिडिटी क़ी समष्या रही ैहप।,परिवार में एसिडिटी की समस्या रही है।
परि ाल मेंएमग्जयोटी की षमअसया रहि ै।,परिवार में एंग्जायटी की समस्या रही है।
दसत लग गए हैं।,दस्त लग गए हैं।
दाि हिबळामे पर फोड़ा आत ै।,दिमाग हिलाने पर फोड़ा आती है।
कर्मी नढंे जभ से खून आन रहपता है।,गर्मी में जीभ से खून आना रहता है।
पिछले महिने जाँघ नं कुचल होमे रग़थी है।,पिछले महीने जाँघ में खुजली होने लगती है।
व्यायाम करने बर खासी बढ़ जाती है।,व्यायाम करने पर खांसी बढ़ जाती है।
दो मही ने से सल भेंखंेव होना लगती है।,दो महीने से पसली में खिंचाव होने लगती है।
ात्व सूख और खुरदरी हगई है।,त्वचा सूखी और खुरदरी हो गई है।
यान केंद् ित नीं कर बाती हँ।,ध्यान केंद्रित नहीं कर पाती हूँ।
झुकणे पर परक मां बलम लगती है।,झुकने पर पलक में बलगम लगती है।
ैडने के भद िजगर में मतली कम हो जाता है।,बैठने के बाद जिगर में मतली कम हो जाता है।
पीरिडयअष मं बअुत दर् होत अै।,पीरियड्स में बहुत दर्द होता है।
शिर में रूस हो गई है।,सिर में रूसी हो गई है।
पेशाब में जदर होती है।,पेशाब में जलन होती है।
परिवालमेढमल साइयमसक समसईठा ड़हिण है।,परिवार में साइनस की समस्या रही है।
जाँघ को छूने पर हल्का धस्त पनि रहती है।,जाँघ को छूने पर हल्का दस्त बनी रहती है।
जीभ की त्वचा पर ऐंठण होता है।,जीभ की त्वचा पर ऐंठन होता है।
पैडच़ की अंगुरी टूट ग है।,पैर की अंगुली टूट गई है।
मेसिक धर्म अनियनित है।,मासिक धर्म अनियमित है।
पीडके आशपाशमंे ण आन और असहमीय छीकख बथनाअता है।,पीठ के आसपास नींद न आना और असहनीय छींक बना रहता है।
आँइखोम मेंजनल और लारिम ह।,आँखों में जलन और लालिमा है।
मुझा गवॉलब्लैऊर है और पांह मेंल ासंस फुलना महसूष होतो हैद।,मुझे गॉलब्लैडर है और बाँह में सांस फूलना महसूस होता है।
ड़ात को सोते समय ंजा नें गर्भीलगना बहणा रगदा है।,रात को सोते समय पंजा में गर्मी लगना बना रहता है।
नक छे खू आता गै।,नाक से खून आता है।
जाँच मिं माइग्रेण निकला है।,जाँच में माइग्रेन निकला है।
दो मगीने से कमर में घाव होने लगती है।,दो महीने से कमर में घाव होने लगती है।
असहनीय फोड़ा के ाथ जक़न भठी ोअती है।,असहनीय फोड़ा के साथ जकड़न भी होती है।
बाने कठि बाद ेथ मठं गिआंचाव ढ़ जाटेजगै।,बैठने के बाद पीठ में खिंचाव बढ़ जाती है।
पारकी अंगीु टूगई है।,पैर की अंगुली टूट गई है।
कबज़ की समस्या है।,कब्ज़ की समस्या है।
भौं को छनेपर हळयगाह ब्ज महसूस होती है।,भौं को छूने पर हल्का कब्ज महसूस होती है।
मुझे मेथ भेपकभ लगता है।,मुझे माथा में बलगम लगता है।
व्यायाम करमे प जुकान आती है।,व्यायाम करने पर जुकाम आती है।
नाखुम तूट ड़हे हैं।,नाखून टूट रहे हैं।
जाँच में पाइलस निकलो ै।,जाँच में पाइल्स निकला है।
याददाश्द कमजोर हो गई है।,याददाश्त कमजोर हो गई है।
बाल झड़ लहे हैं।,बाल झड़ रहे हैं।
ववेहज रोने आफट था है।,बेवजह रोना आता है।
ड़ात को सोदे सथमय गड़्डन में खूनआनाउ शुरू गतोा ै।,रात को सोते समय गर्दन में खून आना शुरू होता है।
गरमी मंे चिगर शे सु्नण लगता है।,गर्मी में जिगर से सुन्नपन लगता है।
आाज़ मीं निकल रही।,आवाज़ नहीं निकल रही।
लंे सभय से से दल में असहनयी झमनजनहा अोता है।,लंबे समय से से दिल में असहनीय झनझनाहट होता है।
गळाबैठे ुआ हि।,गला बैठा हुआ है।
लदंबि छमय से नन में फोड़े गने लगतीज अै।,लंबे समय से नाखून में फोड़ा होने लगती है।
द्चा पर खूजली हुते हआे।,त्वचा पर खुजली होती है।
ाा कौ ूछनेद पर च़्ाजदा थनभवन रअता ैअ।,माथा को छूने पर ज़्यादा थकान बना रहता है।
नाखून में गर्मी रगना के कारण एलजी भी ुशभरू होती है।,नाखून में गर्मी लगना के कारण एलर्जी भी शुरू होती है।
उगलियों मे झनझनाहट होती अै।,उँगलियों में झनझनाहट होती है।
कणा निगलने में िक्कत है।,खाना निगलने में दिक्कत है।
पीठ मंज अक़द़न है।,पीठ में अकड़न है।
रात को सोतै समय पंजा भें मतले होदा है।,रात को सोते समय पंजा में मतली होता है।
बाँह ैं सूज हे और षिरदर्द भीबना गत है।,बाँह में सूजन है और सिरदर्द भी बना रहता है।
धयान कें्दरित नहिं कर पाती हूँ।,ध्यान केंद्रित नहीं कर पाती हूँ।
तिल की कनधड़ तेज़इ हो जोती है।,दिल की धड़कन तेज़ हो जाती है।
डॉक्टर ने कभहा गॉलब्लडर अै।,डॉक्टर ने कहा गॉलब्लैडर है।
पिंडवली तवा डब चकख्र कम होश जाीहइै।,पिंडली की त्वचा पर चक्कर कम हो जाती है।
्वचा रपखुजली हसोती है।,त्वचा पर खुजली होती है।
िछर मं ंठण क कार एजळी फ रद ैग।,सिर में ऐंठन के कारण एलर्जी भी रहता है।
डॉक्टड़ ने कह एछिदिटी है।,डॉक्टर ने कहा एसिडिटी है।
गरद के आसपास बुखार और ज़यदा सं फूलना णा रहता है।,गुर्दा के आसपास बुखार और ज़्यादा सांस फूलना बना रहता है।
जँच ें आरथरेइटिस णीकले अै।,जाँच में आर्थराइटिस निकला है।
नाखूनटूट लहे हैं।,नाखून टूट रहे हैं।
बेठने के बाद बलक ने घब मसहूस हौता हा।,बैठने के बाद पलक में घाव महसूस होता है।
ठंड में मांसपेशी में खुजली महूस होता है।,ठंड में मांसपेशी में खुजली महसूस होता है।
दवा रेने कबाद भी जलन कएम हो ाजता ।,दवा लेने के बाद भी जलन कम हो जाता है।
बैठने ेक बात गुर्द में चोट ळगता है।,बैठने के बाद गुर्दा में चोट लगता है।
हांठ पट ड़हा है।,होंठ फट रहे हैं।
मझे ाबर-बार नतल जैष मगूछ होधी है।,मुझे बार-बार मतली जैसी महसूस होती है।
चिड़छिड़ेपन बढ़ गया है।,चिड़चिड़ापन बढ़ गया है।
भअयायाम करे पर दने आथी है।,व्यायाम करने पर दाने आती है।
दोबहर कोनही मेखजुली होने लगटे है।,दोपहर कोहनी में खुजली होने लगती है।
फाशाभ मि चडल होती ैह।,पेशाब में जलन होती है।
एड़ी मेंदर्ध है।,एड़ी में दर्द है।
कान ेम वाज़ आती है।,कान में आवाज़ आती है।
ठंड में रीढ़में दर् लगती है।,ठंड में रीढ़ में दर्द लगती है।
नाक बंखरअती अै।,नाक बंद रहती है।
पठेणे का बाद ँाहमेंथ एसिडिटी कम हो जाटी ह।,बैठने के बाद बाँह में एसिडिटी कम हो जाती है।
एडी़ मैं डरड है।,एड़ी में दर्द है।
छरीऔर में दरद् हता ैह।,शरीर में दर्द रहता है।
कूल्गा कोछूमे पर कमठंड ळगमोरगत हे।,कूल्हा को छूने पर कम ठंड लगना रहता है।
रात को सोडेत षनय बळक ें ख़ड्भी गन भहसस होती है।,रात को सोते समय पलक में गर्मी लगना महसूस होती है।
एड़ईी में दर्द है।,एड़ी में दर्द है।
झुकने पर माथा में घबराह रहता ह।,झुकने पर माथा में घबराहट रहता है।
रात क़ो सोते सनय हाथग में फ्रैकचर बढ़जाता है।,रात को सोते समय हाथ में फ्रैक्चर बढ़ जाता है।
पीरियड्स में वहुत दर्द हतोा है।,पीरियड्स में बहुत दर्द होता है।
उगलेयों में झननजाहट हौतेहै।,उँगलियों में झनझनाहट होती है।
धूटान की त्वचा र ऐंटन होते ै।,घुटना की त्वचा पर ऐंठन होता है।
बवसीर के छमस्यागै।,बवासीर की समस्या है।
आखो ेन जलनस और ालिमा है।,आँखों में जलन और लालिमा है।
फिस हो गया है।,फिशर हो गया है।
मुजे हर्निया है और जीभ मैं ुजरी शरू होता गै।,मुझे हर्निया है और जीभ में खुजली शुरू होता है।
सुबह उठता ही अढअद्धी ैं च आद है।,सुबह उठते ही हड्डी में मोच आता है।
षुकन पल कातन में घा कम ह जता अै।,झुकने पर कान में घाव कम हो जाती है।
नाखूम ोटठ रहे हां।,नाखून टूट रहे हैं।
झूकने पर उँगली में जुकाम कम हो जाताअै।,झुकने पर उँगली में जुकाम कम हो जाता है।
एक हफअते से गला में दर्द होने लगती हा।,एक हफ्ते से गला में दर्द होने लगती है।
नका छेखुण तआ है।,नाक से खून आता है।
कान खाईने के बाद खमी लगमाहरऐति है।,खाना खाने के बाद गर्मी लगना रहती है।
एड़ी में डर्ड है।,एड़ी में दर्द है।
ाड़ों मैं अक़डन गवा।,जोड़ों में अकड़न है।
मुझे ट्वचा मेन भूख न गलना शुरू होती है।,मुझे त्वचा में भूख न लगना शुरू होती है।
चलना पर बाँह में छाले ोता है।,चलने पर बाँह में छाले होता है।
रुक़-ु़ कर सं फूलमाओ कि शाथ कअकल भी कन हो ाजति है।,रुक-रुक कर सांस फूलना के साथ चक्कर भी कम हो जाती है।
डॉक्टर ेन कहा कोलेसट्रलॉ है।,डॉक्टर ने कहा कोलेस्ट्रॉल है।
पेनूरा ड़हता गा।,पेट फूला रहता है।
ॉक्टर ने कहा फंगल गै।,डॉक्टर ने कहा फंगल है।
हमेशा पीठ में कट होनगा लघती है।,हमेशा पीठ में कट होने लगती है।
िचड़चिडा़पसन ब़ खया गै।,चिड़चिड़ापन बढ़ गया है।
परिवार में एस डिटी की समस्या रही है।,परिवार में एसिडिटी की समस्या रही है।
बेवजह ोणा आथा है।,बेवजह रोना आता है।
भुझे एंग्जईी है औबर ग मआें सांस फूलना शुरू होती है।,मुझे एंग्जायटी है और गाल में सांस फूलना शुरू होती है।
भौं भें खास के कारण छाला फी बना लअताहै।,भौं में खांसी के कारण छाले भी बना रहता है।
ेडे गरे नें छरे और घबराहट दोमों नहछूस होत ।,मेरे गला में छाले और घबराहट दोनों महसूस होता है।
हाथ-पैर षउअन अो जाे हिं।,हाथ-पैर सुन्न हो जाते हैं।
छती में दबाव महसूस होताहे।,छाती में दबाव महसूस होता है।
मुझा फेफड़े में मोछ ळगता है।,मुझे फेफड़े में मोच लगता है।
डं मेभं दिल में चटो कम हो ज़ेता ैह।,ठंड में दिल में चोट कम हो जाता है।
कोहनी मंे सूजन है।,कोहनी में सूजन है।
दवा लेना केबाड भी घनबराट रहथा है।,दवा लेने के बाद भी घबराहट रहता है।
फलिशर हो गयाहै।,फिशर हो गया है।
व्यायाम करनेपर छींक भक हो जाता गै।,व्यायाम करने पर छींक कम हो जाता है।
गर्भी में गुरद्ा से कट बढ़ चाता ैह।,गर्मी में गुर्दा से कट बढ़ जाता है।
चलनपरझ ड़ीढ़में जल आदी है।,चलने पर रीढ़ में जलन आती है।
रात को सोदे समय एड़ी में चुट रहता है।,रात को सोते समय एड़ी में चोट रहता है।
ख़ोमा खाै के बदा ज़दळ भध़ ाता ह।,खाना खाने के बाद जलन बढ़ जाता है।
अत्ईधिक चुभन के साथ छाले भी बनी रहती है।,अत्यधिक चुभन के साथ छाले भी बनी रहती है।
एड़ी मिं दर्ड है।,एड़ी में दर्द है।
य्ाा छींक छाथ जक़ण भी पढ़ढ जातीण गि।,ज़्यादा छींक के साथ जकड़न भी बढ़ जाती है।
थजंड में गरअदन में खधछव लति है।,ठंड में गर्दन में खिंचाव लगती है।
खाना निगलने मां ीक्कत है।,खाना निगलने में दिक्कत है।
बाँह के आशफाश एर्जी और अत्यधिग कै भ़ढ जाता ै।,बाँह के आसपास एलर्जी और अत्यधिक गैस बढ़ जाता है।
पीरियड्स भें बहुत डर होता है।,पीरियड्स में बहुत दर्द होता है।
दवा लने के बाद मी ब्ज लहता है।,दवा लेने के बाद भी कब्ज रहता है।
रकझ्दम े आसपासआ दस्तऔर लगातर ड़िश कम हो जाती है।,गर्दन के आसपास दस्त और लगातार रैश कम हो जाती है।
खाा ख़ाे के बाद मचो षुरु होता है।,खाना खाने के बाद मोच शुरू होता है।
ुमेष पीठ मे प्च बनारहा है।,मुझे पीठ में कब्ज बना रहता है।
व्याएयाम करने प उल्टी रहती है।,व्यायाम करने पर उल्टी रहती है।
शरीर में दरद रगत है।,शरीर में दर्द रहता है।
माछक ढर्न अनियमत हे।,मासिक धर्म अनियमित है।
थोड़ा झनझनाहट के साथ गैस भी क़म होज़ाथी है।,थोड़ा झनझनाहट के साथ गैस भी कम हो जाती है।
बेंडळी में घबरा खेोकरण जलन भी लहती है।,पिंडली में घबराहट के कारण जलन भी रहती है।
पीरियड्स के डौरान थकान रहती है।,पीरियड्स के दौरान थकान रहती है।
दवा लेमे के ाबद फी छींक कम हो ज़ती हा।,दवा लेने के बाद भी छींक कम हो जाती है।
रात कोसाते समय नथूना भंे ऐंठन शुरू होा गा।,रात को सोते समय नथुना में ऐंठन शुरू होता है।
ठुद़े कट गे साथ फोड़ा भी लगते ैह।,थोड़ा कट के साथ फोड़ा भी लगती है।
तलवे ेम जषल होतफ अै।,तलवे में जलन होती है।
थवे में लजन होती है।,तलवे में जलन होती है।
फिर ो गईा है।,फिशर हो गया है।
कूल्हा की त्इवचाल पर पसीशना हौती है।,कूल्हा की त्वचा पर पसीना होती है।
उँगलियों में झनझनाहटअोती है।,उँगलियों में झनझनाहट होती है।
कूल्हे मेडं सजम है औरघबरो मठील बी रहती ै।,कूल्हा में सूजन है और घबराहट भी बनी रहती है।
छाी मिम दबावमगष होता अै।,छाती में दबाव महसूस होता है।
ड़ाद से ैर मिं थोड़ा नकसीरबना रहता अै।,रात से पैर में थोड़ा नकसीर बना रहता है।
मुँहमने छाले गोगए हैम।,मुँह में छाले हो गए हैं।
बवाीर की समस्या है।,बवासीर की समस्या है।
पेरों में सूजनप आ गई है।,पैरों में सूजन आ गई है।
मांसपेशी क़े आछपास झमषनागट और रुक-रु कर नसील ळगऔती है।,मांसपेशी के आसपास झनझनाहट और रुक-रुक कर नकसीर लगती है।
बैठने क़े बडा पेट मेंझ घाव बनी रहती है।,बैठने के बाद पेट में घाव बनी रहती है।
सब उठते अी पैर ेंघ झणझन भढ़ जाता हैझ।,सुबह उठते ही पैर में झनझनाहट बढ़ जाता है।
कभल में दल्द रहता है।,कमर में दर्द रहता है।
कलाई को ुने पर असहनीय टक षुरू होतीहओै।,कलाई को छूने पर असहनीय कट शुरू होती है।
गुटन में पानी भर यगा है।,घुटने में पानी भर गया है।
गर्नी में पलक से रैश लगता है।,गर्मी में पलक से रैश लगता है।
द लेने के बाड भी चूभण कम हो जती है।,दवा लेने के बाद भी चुभन कम हो जाती है।
फिशड़ हो ईग है।,फिशर हो गया है।
बेवजह रोाआता है।,बेवजह रोना आता है।
रात कु सोरता समय मथुना में उल्ठी लगता है।,रात को सोते समय नथुना में उल्टी लगता है।
होन ड रहे हिं।,होंठ फट रहे हैं।
डॉखअटर नि कहाकीडी स्टान हैऔ।,डॉक्टर ने कहा किडनी स्टोन है।
परिवाड़ में गॉलब्लडर की समष्याह रहि ैह।,परिवार में गॉलब्लैडर की समस्या रही है।
चिड़िढ़ेपन बढ़ गया है।,चिड़चिड़ापन बढ़ गया है।
गर्मी में पलस से उल्टीबनी रजहती गै।,गर्मी में पसली से उल्टी बनी रहती है।
केल में राश है।,गले में खराश है।
पणरविार में इनफेक्ऐशन ी षमस्या रहीदहै।,परिवार में इंफेक्शन की समस्या रही है।
पीठ में कअ़न गै।,पीठ में अकड़न है।
दो महीने े टखना में धड़कन होने लगती है।,दो महीने से टखना में धड़कन होने लगती है।
फीरिअस भें बहुत ददर होता गफै।,पीरियड्स में बहुत दर्द होता है।
चिढ़चिड़ापनबढ़ गया है।,चिड़चिड़ापन बढ़ गया है।
खाानिगळने में दिक्कत है।,खाना निगलने में दिक्कत है।
वजन अचानक बढ़ गयाह।,वजन अचानक बढ़ गया है।
उँगिलयो में झनझनाहट होीत है।,उँगलियों में झनझनाहट होती है।
छातीोक छूने पड़ज़्यादा बुखार शुरू ोे है।,छाती को छूने पर ज़्यादा बुखार शुरू होता है।
कोहनीअखिलानि पर गैस ोहती हे।,कोहनी हिलाने पर गैस होती है।
त्वचो पर खुजली होती है।,त्वचा पर खुजली होती है।
परकमे दलतके कारन भाचैनी भी आत है।,पलक में दर्द के कारण बेचैनी भी आता है।
पल ेभं सजबन है औड़ नतलि भईी ळगत है।,बाल में सूजन है और मतली भी लगता है।
नाक बं लहती है।,नाक बंद रहती है।
शबूह उतनि ीह बौं में झनझणाटह बड़ जाते हि।,सुबह उठते ही भौं में झनझनाहट बढ़ जाता है।
पछली ेम ूनज हि रऔ रैश भी बढ़ ज़ेत है।,पसली में सूजन है और रैश भी बढ़ जाती है।
पेत की त्वचा पर गैछ शड़ू होता है।,पेट की त्वचा पर गैस शुरू होता है।
बैठने के बाद आँख मिं दरद् महसूसऐ होऊता है।,बैठने के बाद आँख में दर्द महसूस होता है।
त्वचा ूखी और खदुरदरेहो गई हे।,त्वचा सूखी और खुरदरी हो गई है।
भूख बिलु्लहीं लगती अा।,भूख बिल्कुल नहीं लगती है।
सांस लेने में तकलफ होत है।,सांस लेने में तकलीफ होती है।
खना निगलनेल में दिककथ है।,खाना निगलने में दिक्कत है।
पमजा मे शसू है और जक् कर भी होा है।,पंजा में सूजन है और चक्कर भी होता है।
कोगनी में सूजन है।,कोहनी में सूजन है।
ुनन क त्वचा पर नींद न नआा बनी रहती है।,नथुना की त्वचा पर नींद न आना बनी रहती है।
बआैठने के बादकलईम नेजं खुजली बनी ड़हती है।,बैठने के बाद कलाई में खुजली बनी रहती है।
डॉतर मे अो भाइखरेन है।,डॉक्टर ने कहा माइग्रेन है।
भुझे इंफिक्शन गा और हडअदी में बेचैनी आती गै।,मुझे इंफेक्शन है और हड्डी में बेचैनी आती है।
कछ दिनों से घुटना में धड ़कन हौन रखती िह।,कुछ दिनों से घुटना में धड़कन होने लगती है।
तअबचा प खुजरीहोती गै।,त्वचा पर खुजली होती है।
मुँहको छूने पर त़ रैश वढ़ जदता अै।,मुँह को छूने पर तेज़ रैश बढ़ जाता है।
डप़सों से कलाई में ज्यादा ळी महसूस होतीहै।,परसों से कलाई में ज़्यादा खुजली महसूस होती है।
चलने पर माथा में दसत रहती है।,चलने पर माथा में दस्त रहती है।
नाख़ूण टट रे ैहं।,नाखून टूट रहे हैं।
जँच में माइऐग्राननिकळा है।,जाँच में माइग्रेन निकला है।
डॉक्टड़ नेकह एसिडटहै।,डॉक्टर ने कहा एसिडिटी है।
सुन ने मेन देककट हो रही है।,सुनने में दिक्कत हो रही है।
दवा लेनेके बाद भी एसिडिटी महसूस होथा है।,दवा लेने के बाद भी एसिडिटी महसूस होता है।
सरीर मनें द़ड्द ड़हात ै।,शरीर में दर्द रहता है।
मेरे फेफडे में सुननपन और दान दोनों हाता है।,मेरे फेफड़े में सुन्नपन और दाने दोनों होता है।
सांस ेलमेमां तकलफी होती है।,सांस लेने में तकलीफ होती है।
लमबेई षमज से डखणबा में फोड़ा होने लगत ह।,लंबे समय से टखना में फोड़ा होने लगती है।
एक हफ्ते े भौं निं ठंड लगना होअने लगती गै।,एक हफ्ते से भौं में ठंड लगना होने लगती है।
चळमे बर वझाँहमें कमचरो रहदा है।,चलने पर बाँह में कमजोरी रहता है।
सुह उतठे ही गर्दम में ूभख न णा शुूर होेतै।,सुबह उठते ही गर्दन में भूख न लगना शुरू होता है।
रा को सोते समय ट्वचा मे उल्टी लगता हे।,रात को सोते समय त्वचा में उल्टी लगता है।
पैर ी अंगुले टूट गई है।,पैर की अंगुली टूट गई है।
तलविभें जलन होती अै।,तलवे में जलन होती है।
चेह रे पड़ दाने निकल आए हैं।,चेहरे पर दाने निकल आए हैं।
बाल झड़ रहथे हैं।,बाल झड़ रहे हैं।
ठड में एड़ी में चोड ड़हत है।,ठंड में एड़ी में चोट रहती है।
डिल मे थढ लगना के कारण घैस भी वढ़ झाते है।,दिल में ठंड लगना के कारण गैस भी बढ़ जाता है।
कोअनी भें दस्त कफे ़ेकलण खबे भी महो जाता है।,कोहनी में दस्त के कारण खांसी भी कम हो जाता है।
जोड़ों मेमकअड़न अै।,जोड़ों में अकड़न है।
व्यायाम करने पर संकअरमण बनी रहीत है।,व्यायाम करने पर संक्रमण बनी रहती है।
चलवना पर पैरनें धस्त शुरू ोती गै।,चलने पर पैर में दस्त शुरू होती है।
खणे में मोछ हे।,टखने में मोच है।
पैर की अंगुली टटगई हे।,पैर की अंगुली टूट गई है।
ख़ाठणा खाने केओ बाद दाणे ड़ही है।,खाना खाने के बाद दाने रहती है।
ुझकना पर जिगर में खिंचव बमी रहती है।,झुकने पर जिगर में खिंचाव बनी रहती है।
उँखकलिल भें चोट ळी हैझ।,उँगली में चोट लगी है।
वजन अचानक बढ़न गजा है।,वजन अचानक बढ़ गया है।
आव ाज़ नहीं निकल रही।,आवाज़ नहीं निकल रही।
मुझे पिंली मेंभ िहंचाव हसूस होता है।,मुझे पिंडली में खिंचाव महसूस होता है।
पिाशव बार-बर आता है।,पेशाब बार-बार आता है।
जोड़ ी थ्वचा पल बगम महसूस ोती है।,जोड़ की त्वचा पर बलगम महसूस होती है।
बाशाबस क र पदर गयाध अै।,पेशाब का रंग बदल गया है।
पेट मेएं िगस बनी है।,पेट में गैस बनती है।
परिवार मे क़िडन स्टोन की शमस्यऐा रिअ है।,परिवार में किडनी स्टोन की समस्या रही है।
मुजे ेबड़-ापर मटली झैसी मसू हाी है।,मुझे बार-बार मतली जैसी महसूस होती है।
सिर क थख्वचा पर पीनो रहती ै।,सिर की त्वचा पर पसीना रहती है।
नेरेकूरच्हा में जुकाम औल ादना डचौमोन बढ़ ज़ोत है।,मेरे कूल्हा में जुकाम और दाने दोनों बढ़ जाता है।
ान में आोभज़ आटी गै।,कान में आवाज़ आती है।
खाा निगलमे भें दिक़्कत अै।,खाना निगलने में दिक्कत है।
ज़ाँघ छूि पड़ पेहद कमजडोर बमी रगी है।,जाँघ को छूने पर बेहद कमजोरी बनी रहती है।
धीरे-ढीेीऱढ मां गैस ोहने लगती है।,धीरे-धीरे रीढ़ में गैस होने लगती है।
मेसिपक धर्मअनियमित ै।,मासिक धर्म अनियमित है।
पेट मेखं गैस बनती ह।,पेट में गैस बनती है।
बरवि ार मे साइनस कीसमस्या ही है।,परिवार में साइनस की समस्या रही है।
छुबग उठते ही जिगरध में थकनालगतोग हैह।,सुबह उठते ही जिगर में थकान लगता है।
सुबह ीरडां ुजग ुने लगद हे।,सुबह रीढ़ में जुकाम होने लगती है।
राट को सोते समयगाल मैं खांसी रहता है।,रात को सोते समय गाल में खांसी रहता है।
परिवड मैफगल की सओ न्गया रीहहै।,परिवार में फंगल की समस्या रही है।
व्ईायामकरे पर सपननहसूस हती है।,व्यायाम करने पर सुन्नपन महसूस होती है।
गर्दन धुमानेमें दिक्कत है।,गर्दन घुमाने में दिक्कत है।
्फजन केंदर्ेद णगडिछ खरड पोथी हुजँ।,ध्यान केंद्रित नहीं कर पाती हूँ।
रात कोसौते मसयजाँणघ मं भूख लगमा रहटा है।,रात को सोते समय जाँघ में भूख न लगना रहता है।
लगकता वेजथैणी के सेथ चोफमध मी रहता ैअ।,लगातार बेचैनी के साथ चुभन भी रहता है।
धुटनेमें पेने भर गयाैह।,घुटने में पानी भर गया है।
ट्वछाको छूणे पर बहु उलग्ट बन ड़गती ैह।,त्वचा को छूने पर बहुत उल्टी बनी रहती है।
पेशबा केरंग बलद कया अै।,पेशाब का रंग बदल गया है।
कब्झ़ क समसया ै।,कब्ज़ की समस्या है।
बै ठने क वदा नाखून में खिमचाव पनीलतही हे।,बैठने के बाद नाखून में खिंचाव बनी रहती है।
दात हिरझनोारप जुकामव लगती अ।,दाँत हिलाने पर जुकाम लगती है।
मुझे फंगल है और हाथ में एलर्जी शूरू गोता हसै।,मुझे फंगल है और हाथ में एलर्जी शुरू होता है।
खनाो खाेऐ ेक बद जलन महसूस होता गै।,खाना खाने के बाद जलन महसूस होता है।
टऊटि डगाल आी है।,खट्टी डकार आती है।
झवन अचानक बढ़ गया है।,वजन अचानक बढ़ गया है।
ोपर सै पिल भें सगयम दसत शुरू होतीउगै।,दोपहर से पैर में असहनीय दस्त शुरू होती है।
दवा लेने के बाद भी भखन लगना महसुस होेत है।,दवा लेने के बाद भी भूख न लगना महसूस होती है।
जीभ पर सेद परत है।,जीभ पर सफेद परत है।
तलवे में जलद होति है।,तलवे में जलन होती है।
पेर की अग़ुली टूट गषई है।,पैर की अंगुली टूट गई है।
झोकन परकजा ेमं चल आता ै।,झुकने पर कान में छाले आता है।
चलनेरप नाक मैं जकड़न आत हि।,चलने पर नाक में जकड़न आता है।
हड्ीड अिलाने प़ नींद न आना महसूसहोता है।,हड्डी हिलाने पर नींद न आना महसूस होता है।
गळा मेंसूजन गै रऔ थकान फीर वना रगता है।,गला में सूजन है और थकान भी बना रहता है।
मांसबिेयुन मेम िंचाभ है।,मांसपेशियों में खिंचाव है।
मझेपेंली मेधंनींद न आना बना रगदा है।,मुझे पिंडली में नींद न आना बना रहता है।
बवाछीर क मछअया हषै।,बवासीर की समस्या है।
उँघि मि चोटरगी अि।,उँगली में चोट लगी है।
गर्मे मेंठ माक से कतन लगती हे।,गर्मी में नाक से थकान लगती है।
गड़्दन घुमाने मेम दिक्कत है।,गर्दन घुमाने में दिक्कत है।
दफोलह िर में सीरद्लद अौने लगटी है।,दोपहर सिर में सिरदर्द होने लगती है।
वजनअजानख भढआ गजा ै।,वजन अचानक बढ़ गया है।
रात को सतोा सनय माधा िं भकुरा बढ़चेा ह।,रात को सोते समय माथा में बुखार बढ़ जाता है।
गब्ज़ की समष्योहै।,कब्ज़ की समस्या है।
दवा लेने के वा भी ऐंनठ लगता है।,दवा लेने के बाद भी ऐंठन लगता है।
माक से खन आत गै।,नाक से खून आता है।
मिले फेपड़ि मेहं नींद न आना फऔरचोवट दोनों कम होजाती ह।,मेरे फेफड़े में नींद न आना और चोट दोनों कम हो जाती है।
मुझछ बार-बइार मतली जैस महषयूश हातइी ैह।,मुझे बार-बार मतली जैसी महसूस होती है।
गआरम मे चात्व शे रैशलघत अै।,गर्मी में त्वचा से रैश लगती है।
मुझे भांसेपशी मे सधिरदर्द नबा रगतया है।,मुझे मांसपेशी में सिरदर्द बना रहता है।
व्योयान गरने पल घबराट क़म अो चाथा है।,व्यायाम करने पर घबराहट कम हो जाता है।
टलवे में जलन होती है।,तलवे में जलन होती है।
ह्लगा चक्कर के साथ चोत भीढ़ जाऊथे हैई।,हल्का चक्कर के साथ चोट भी बढ़ जाता है।
चेहले र दाणेनिखर आए है।,चेहरे पर दाने निकल आए हैं।
चिड़चिड़फन बढ़प गया गै।,चिड़चिड़ापन बढ़ गया है।
शुभग उठते हे गंधो ेमसं छलाणे शझुू होत हि।,सुबह उठते ही कंधा में छाले शुरू होती है।
धा लेने के बद फी कट कम हइो जता है।,दवा लेने के बाद भी कट कम हो जाता है।
छुनने में दिकअकत होरही है।,सुनने में दिक्कत हो रही है।
बेट फूला रहता है।,पेट फूला रहता है।
मुझे बार-पार मतलीजैसी महसूष होती है।,मुझे बार-बार मतली जैसी महसूस होती है।
वाजेनआ करनै परेजैण क हो जात ।,व्यायाम करने पर बेचैनी कम हो जाती है।
जँछ ेमंफशर िनकला है।,जाँच में फिशर निकला है।
एड़ की वछापर एसिडटीशोलू होता ह।,एड़ी की त्वचा पर एसिडिटी शुरू होता है।
पट ूफला रहता ै।,पेट फूला रहता है।
नकबंद रहती है।,नाक बंद रहती है।
मुझे माथा भें खांसी होती हजै।,मुझे माथा में खांसी होती है।
परिवार में गर्निया की समस्या रही है।,परिवार में हर्निया की समस्या रही है।
झूकने परउंगलीक ेमं भूक नऔ नला हषूस गौतता ह।,झुकने पर उँगली में भूख न लगना महसूस होता है।
चलणे रप जोड़ में सक्लमण रओह थी है।,चलने पर जोड़ में संक्रमण रहती है।
ला कौ ुनेप़ तदो़ा डअरड रअथा हैथ।,गला को छूने पर थोड़ा दर्द रहता है।
ैमरे हा मैं ग़ैस औल सूजन दोनों महसूस हकोती है।,मेरे हाथ में गैस और सूजन दोनों महसूस होती है।
जांच में टॉन्िल मकिलेहै।,जाँच में टॉन्सिल निकला है।
नाखून कइो चूेन र ेज़ चोट सुरू होता ा।,नाखून को छूने पर तेज़ चोट शुरू होता है।
उँगियों मेगं झुनझझन होती है।,उँगलियों में झनझनाहट होती है।
खर्दन घुमानेनंे दिक्कत गै।,गर्दन घुमाने में दिक्कत है।
धअयान केंद्रित नीम कर पाती हूँ।,ध्यान केंद्रित नहीं कर पाती हूँ।
मेरे कोहनी में नींद न आना र दस्त दोों गलती है।,मेरे कोहनी में नींद न आना और दस्त दोनों लगती है।
चेहरे पर दान निकल आए हैम।,चेहरे पर दाने निकल आए हैं।
डक्टर नेकहछ वयड़ल है।,डॉक्टर ने कहा वायरल है।
नुझे गॉलबलैडर ैह रऔ दमाग भें मोच वना रडहता है।,मुझे गॉलब्लैडर है और दिमाग में मोच बना रहता है।
व्याया करण पर जकड़न शुढरू होता है।,व्यायाम करने पर जकड़न शुरू होता है।
पेठ पल रअता है।,पेट फूला रहता है।
जाच में आर्थराइटिष निकल है।,जाँच में आर्थराइटिस निकला है।
खाना खाने केद बाद कमजोली बनारहते है।,खाना खाने के बाद कमजोरी बना रहता है।
र्मी में कूल्ह सेई जुकाम रहती है।,गर्मी में कूल्हा से जुकाम रहती है।
पीठ मेन अकबड़णहा।,पीठ में अकड़न है।
डॉख्रमे हकाअसअथमवो ।,डॉक्टर ने कहा अस्थमा है।
कान खान के बाद कनोरी हौा है।,खाना खाने के बाद कमजोरी होता है।
अक़् शे पसलि मउें लगातार खचंझाव होता हे।,अक्सर से पसली में लगातार खिंचाव होता है।
मक ऐटन ़े साथ फ्रैबक्जर भी बढ़ जाता है।,कम ऐंठन के साथ फ्रैक्चर भी बढ़ जाता है।
रत से डी नं रुकर-क कर ीनं न आा हतोदा गै।,रात से हड्डी में रुक-रुक कर नींद न आना होता है।
डॉक्टर ने कह किडनी स्टान है।,डॉक्टर ने कहा किडनी स्टोन है।
जैहरे पर दोने नडकल आएइ हैंय।,चेहरे पर दाने निकल आए हैं।
रिवारभाम यूटीईआक की समस्या रही है।,परिवार में यूटीआई की समस्या रही है।
उँगरी मिं चोट लगी है।,उँगली में चोट लगी है।
परिवार में साइनछ की छम स्ाय रही है।,परिवार में साइनस की समस्या रही है।
चिड़िचड़ाखप ब़ ज ै।,चिड़चिड़ापन बढ़ गया है।
दाँत महें दर्दहै।,दाँत में दर्द है।
पसली हिलाने पर मथल लगती है।,पसली हिलाने पर मतली लगती है।
जाँच मिन गॉळब्लैडर निकला है।,जाँच में गॉलब्लैडर निकला है।
होठं भें सूजन है औड ुजगाम भी बन रयहतीगै।,होंठ में सूजन है और जुकाम भी बनी रहती है।
बसली ंा सूजम के केड ़ण धड़कण भी बढ़ झाती ि।,पसली में सूजन के कारण धड़कन भी बढ़ जाती है।
ुउब ठउते ही जीभ मेंउल्ी लगता है।,सुबह उठते ही जीभ में उल्टी लगता है।
पिरवार भें थायरॉयद ेसमस्या रही है।,परिवार में थायरॉयड की समस्या रही है।
पेठपने खे बाद नस में सुन्नपन नबा रहता है।,बैठने के बाद नस में सुन्नपन बना रहता है।
छेद नेबाव हसूस होता है।,छाती में दबाव महसूस होता है।
गर्दन घुमानि मषं दक्गदहै।,गर्दन घुमाने में दिक्कत है।
डॉकअटर ने कह हर्मिजा हे।,डॉक्टर ने कहा हर्निया है।
छाती मां दबोव महसूस होता है।,छाती में दबाव महसूस होता है।
पठरिवेर में बैक्ीलियल की समसअयागी है।,परिवार में बैक्टीरियल की समस्या रही है।
ग में गला छे मथली लहत है।,गर्मी में गला से मतली रहती है।
हाथ हिलानेपर गरमी लगा बढल़ जाती अै।,हाथ हिलाने पर गर्मी लगना बढ़ जाती है।
डॉग्टर ने कहा फिशर है।,डॉक्टर ने कहा फिशर है।
खान निगलने में दि्कत है।,खाना निगलने में दिक्कत है।
वअयगायाम कड़नि पर सानस पूलान रहीत है।,व्यायाम करने पर सांस फूलना रहती है।
खट्टी डार आती ैह।,खट्टी डकार आती है।
उँगळियोंमें झनझनाअ होती हऔै।,उँगलियों में झनझनाहट होती है।
बैठने के वेद बाह मा कमजोल कम गो जाती है।,बैठने के बाद बाँह में कमजोरी कम हो जाती है।
पट ंे अडक़न गे।,पीठ में अकड़न है।
नुझे नएीमिया अै और दिभघ भें खूनज आना शुरू हतोी गै।,मुझे एनीमिया है और दिमाग में खून आना शुरू होती है।
ैर को ूछापर ज़याा खमजोरी कम हो ज़ात है।,पैर को छूने पर ज़्यादा कमजोरी कम हो जाता है।
ाँत मान धकण गे कालणफौडा़ ीफ शुरू हआोटी गै।,दाँत में धड़कन के कारण फोड़ा भी शुरू होती है।
तलड़ा जकड़नट कफेर साथ जकड़ण भी षुरू होती है।,थोड़ा जकड़न के साथ जकड़न भी शुरू होती है।
कमल मैं तर्द रहलता है।,कमर में दर्द रहता है।
नाक ेक आसपासचक्कर और ़ुडक-रुककड उल्टी रहता अै।,नाक के आसपास चक्कर और रुक-रुक कर उल्टी रहता है।
तष्त लग गए हैउं।,दस्त लग गए हैं।
डॉक्टर ने कहा एसघिटिट अा।,डॉक्टर ने कहा एसिडिटी है।
मँअ में छक्रमण क करनक सोन भी शुरू होे हैध।,मुँह में संक्रमण के कारण सूजन भी शुरू होती है।
खाँसी में खन त है।,खाँसी में खून आता है।
ंामंे झथनझटनाहसट के काडण भूग न लगना ेभ महसस होथा अै।,कंधा में झनझनाहट के कारण भूख न लगना भी महसूस होता है।
कब्झ़ की समस्या हऊै।,कब्ज़ की समस्या है।
पंज़ा खी त्वचा बर दाने तार गै।,पंजा की त्वचा पर दाने रहता है।
वयायाम करने पर संक्रमण गोता है।,व्यायाम करने पर संक्रमण होता है।
टखने में मोच अै।,टखने में मोच है।
परिवाड़ मे डायबिीटझ़ कसमसया रही है।,परिवार में डायबिटीज़ की समस्या रही है।
खोहनीकी त्वच प ऐंठनहोटा है।,कोहनी की त्वचा पर ऐंठन होता है।
नाखू टूट रहे हैं।,नाखून टूट रहे हैं।
ेरेबैर में गरमी लगना और नकसर दनो बध़ ाता अै।,मेरे पैर में गर्मी लगना और नकसीर दोनों बढ़ जाता है।
छाती ो छूनपल ़डुक-रु कर चक़ड बढ़ जाता है।,छाती को छूने पर रुक-रुक कर चक्कर बढ़ जाता है।
कलाई में मोच आ गई वहै।,कलाई में मोच आ गई है।
खंधे मंा दर्द है।,कंधे में दर्द है।
मेथा की त्वचा लब चक्कर लहती है।,माथा की त्वचा पर चक्कर रहती है।
गर्मी नैपं कोलई छे दरअद बना रहता है।,गर्मी में कलाई से दर्द बना रहता है।
व्ययम कड़ने पर खुजली ढब़ जाती है।,व्यायाम करने पर खुजली बढ़ जाती है।
त्भचो षखूी और खुड़दरी अो गई है।,त्वचा सूखी और खुरदरी हो गई है।
घरभी भेंकथमर से सिदल्ड शुरू हाती अै।,गर्मी में कमर से सिरदर्द शुरू होती है।
खमा खाने के ाबत कप्ज रहता है।,खाना खाने के बाद कब्ज रहता है।
परीबार ेमं सारइनस की शमस्जा हरि अै।,परिवार में साइनस की समस्या रही है।
मुजा डोड़ीइ मे साष फूनाधआते गै।,मुझे ठोड़ी में सांस फूलना आता है।
डॉकट्र मे कगा वयारलझ हि।,डॉक्टर ने कहा वायरल है।
णाक से खून आता है।,नाक से खून आता है।
घुठ मं ाफणी फल गा है।,घुटने में पानी भर गया है।
परिवार में ाइल्स की सन श्जा लही है।,परिवार में पाइल्स की समस्या रही है।
गर्दणमे सन गे कारण ऐंठन भी बमी रहदे िह।,गर्दन में सुन्नपन के कारण ऐंठन भी बनी रहती है।
नाक में जक़डम कै करण कांसी भी शुरू होएीथ है।,नाक में जकड़न के कारण खांसी भी शुरू होती है।
चलने पल नस में खुन आनारहती है।,चलने पर नस में खून आना रहती है।
खाना ख़ाने के बेद सएििडटी षरू हदी है।,खाना खाने के बाद एसिडिटी शुरू होती है।
त्भचा सूखी और खुरधरी अो गई ैह।,त्वचा सूखी और खुरदरी हो गई है।
लंबे समय से गुर्दा में भलगभहोनेइ लगती है।,लंबे समय से गुर्दा में बलगम होने लगती है।
मुझेएड़ी में डड लगना वन रतही अै।,मुझे एड़ी में ठंड लगना बनी रहती है।
जाँच में वायड़ल निकल है।,जाँच में वायरल निकला है।
पेशाब मेंजलनप होत है।,पेशाब में जलन होती है।
जीभ िं सूज है औल कब्जी रगता है।,जीभ में सूजन है और कब्ज भी लगता है।
ााशब बार-बाऔल आता है।,पेशाब बार-बार आता है।
नाक ेकआसपास फअरैक्रचऔर कन खुजल लगती है।,नाक के आसपास फ्रैक्चर और कम खुजली लगती है।
मुझै ठोड़ी मेंअ सिरदर्द आत हे।,मुझे ठोड़ी में सिरदर्द आती है।
कूल्ह को छषुनेब ईकम षं्रभण ुसर अोाथ है।,कूल्हा को छूने पर कम संक्रमण शुरू होता है।
द्द ख क गैघ।,दस्त लग गए हैं।
टखणे ें मोजअै।,टखने में मोच है।
मुझे बारबारमी जैी महसूस होती अै।,मुझे बार-बार मतली जैसी महसूस होती है।
व्झयाया करने प फ्रदैक़चर शुरू गोते है।,व्यायाम करने पर फ्रैक्चर शुरू होती है।
ड़ि को छूनि रप सहनीय फ्रेक्जर क हो जाथी है।,एड़ी को छूने पर असहनीय फ्रैक्चर कम हो जाती है।
सुबह उठते ही दिमाग़ भें बुकारआती है।,सुबह उठते ही दिमाग में बुखार आती है।
कम में दड़्द रहता है।,कमर में दर्द रहता है।
जीभह पर सफेद रत है।,जीभ पर सफेद परत है।
पिंडली गिलाे पर गिंजाभ ुहात गै।,पिंडली हिलाने पर खिंचाव होता है।
मेले पिं डील मेमम उलघ्टी रऔ गेव धोनों कम हो ज़ाता है।,मेरे पिंडली में उल्टी और घाव दोनों कम हो जाता है।
झुकने पल हंठ में ादणे रहदा हैघ।,झुकने पर होंठ में दाने रहता है।
रपबलमें फगल की समस्ाय रहहै।,परिवार में फंगल की समस्या रही है।
डंड भें नसमें खाश बढ़ जाती अै।,ठंड में नस में खांसी बढ़ जाती है।
ेक बंद रहती ै।,नाक बंद रहती है।
गलाई में ऐंन के कारण कट भी बढ़ जाती है।,कलाई में ऐंठन के कारण कट भी बढ़ जाती है।
पेशब कारंग बदल गया गै।,पेशाब का रंग बदल गया है।
खाना खाने के बाद ाने होता है।,खाना खाने के बाद दाने होता है।
मुझे अल्सर ैह औरकलाई में ुनघण्पन मअसूस हती है।,मुझे अल्सर है और कलाई में सुन्नपन महसूस होती है।
पिछले हफ्ति गला में जदल हनोे लगती ै।,पिछले हफ्ते गला में जलन होने लगती है।
खामा खाने के बद खून आना आदा गै।,खाना खाने के बाद खून आना आता है।
खाणा िगलनेमें दिक़्कत है।,खाना निगलने में दिक्कत है।
पीठ भनें अकड़न है।,पीठ में अकड़न है।
झुकने र टनखाओ नें चक्कड़ आीप हि।,झुकने पर टखना में चक्कर आती है।
र्गम भे मंसपेशी स फ़अर्ैचर हभौता अै।,गर्मी में मांसपेशी से फ्रैक्चर होता है।
देँत मंे दरअद हलै।,दाँत में दर्द है।
मुझे कडनि स्टोन है और ठो़ी निं एसिड ेटी नभी रहती है।,मुझे किडनी स्टोन है और ठोड़ी में एसिडिटी बनी रहती है।
बिवजह ोना आता अै।,बेवजह रोना आता है।
पेशाब बार-बार आरता ैह।,पेशाब बार-बार आता है।
फरिशजर ो गया है।,फिशर हो गया है।
ुभझि माूखन मे बुखार ळहघती अै।,मुझे नाखून में बुखार लगती है।
माठा हिलाने पर डर्द बा रहता ैह।,माथा हिलाने पर दर्द बना रहता है।
गर्मी में मांसपेशभी े खंिचवा बना रहता है।,गर्मी में मांसपेशी से खिंचाव बना रहता है।
छिर में रसी हो गईह।,सिर में रूसी हो गई है।
सुणे मे धिक्कतहो ड़ही है।,सुनने में दिक्कत हो रही है।
रपिसेर मं डाइतीज क़ी सछजा रही गै।,परिवार में डायबिटीज़ की समस्या रही है।
पैों मेसूजण आ ग है।,पैरों में सूजन आ गई है।
वाईाउम गरे बड बससहफूला म अोब जेताल अ।,व्यायाम करने पर सांस फूलना कम हो जाता है।
पेछले महीनि कान मंे चुभम होने लगती है।,पिछले महीने कान में चुभन होने लगती है।
उँगली मै चटो लगी गै।,उँगली में चोट लगी है।
नाग भंद रहती है।,नाक बंद रहती है।
पटे में सूजन है औल झनझनाहड भी लगती है।,पेट में सूजन है और झनझनाहट भी लगती है।
ठमड में कूहला नें मोच कम गो झता है।,ठंड में कूल्हा में मोच कम हो जाता है।
पिछले महीमे शे त्वच मेंध लगातेअर जलन बढ़ जताइी है।,पिछले महीने से त्वचा में लगातार जलन बढ़ जाती है।
मुझबार-बारऐ मतल जासी मअूस होचत हषै।,मुझे बार-बार मतली जैसी महसूस होती है।
गी मंे गूल्हा स बखर शुरु ोजटी है।,गर्मी में कूल्हा से बुखार शुरू होती है।
व्याजाम गरने पर सूझन कमहो जाता हा।,व्यायाम करने पर सूजन कम हो जाता है।
गर्नी में दँथ से खुजलीमहसूस होटा ै।,गर्मी में दाँत से खुजली महसूस होता है।
असहनज ुखाद गा साथ स्त भी है।,असहनीय बुखार के साथ दस्त भी आता है।
मुझे दाँत में सजन कम हो जाती है।,मुझे दाँत में सूजन कम हो जाती है।
टखणे में भोछ है।,टखने में मोच है।
दबाळेनेण के वद भी द्रद ढ़ झाथे हे।,दवा लेने के बाद भी दर्द बढ़ जाता है।
छाटीकी तअचे पऔर बखदा लगता अै।,छाती की त्वचा पर बुखार लगता है।
दिल की धड़कन ेजत़ हो जातीहै।,दिल की धड़कन तेज़ हो जाती है।
सुबह उठ टअे ह क़हऊनी भंे सपन बढ़ जेतेउ है।,सुबह उठते ही कोहनी में सुन्नपन बढ़ जाती है।
खाना खाे का बाद नींदन आना लगता है।,खाना खाने के बाद नींद न आना लगता है।
गर्मी में पिंडल से संस फूलना रहता है।,गर्मी में पिंडली से सांस फूलना रहता है।
नाक में मतली के कारण ठंठ लगना भी गम अो जाती है।,नाक में मतली के कारण ठंड लगना भी कम हो जाती है।
शौछ ंम कून आट अै।,शौच में खून आता है।
मुजे िप्रेशण है और कणा नें दड़कण होा है।,मुझे डिप्रेशन है और टखना में धड़कन होता है।
पलक नां सूजन है और ऐंठन भीढब़ जताी हैन।,पलक में सूजन है और ऐंठन भी बढ़ जाती है।
उँगली में छुटधलगी ैह।,उँगली में चोट लगी है।
दवा लेनेके वा भी जुकाम बनी रहती है।,दवा लेने के बाद भी जुकाम बनी रहती है।
कब्ज़ की समस्या हा।,कब्ज़ की समस्या है।
रपिगड्स के दौरान थक़ान रहती है।,पीरियड्स के दौरान थकान रहती है।
पीथ में सूजन अै और बेचानी भी शुरू होता गे।,पीठ में सूजन है और बेचैनी भी शुरू होता है।
िशर ौ गईा है।,फिशर हो गया है।
डकॉ्ठर ने खहा फऐंगल ैह।,डॉक्टर ने कहा फंगल है।
खर्दन घुमाने में दिक़्कत है।,गर्दन घुमाने में दिक्कत है।
पीरय्डस के दौराण ठकागन ड़हती है।,पीरियड्स के दौरान थकान रहती है।
ुकणे पल रची़ ेदं णकषिरब गदी है।,झुकने पर रीढ़ में नकसीर लगती है।
देल क शूेन पल हल्का थकान बडल़ चाति है।,दिल को छूने पर हल्का थकान बढ़ जाती है।
चळने परकूळ्हा भें लमकम हो जेती है।,चलने पर कूल्हा में जलन कम हो जाती है।
भिेर घुटना मेम घेसऐ और बलखशम दोनोओं होऐती है।,मेरे घुटना में गैस और बलगम दोनों होती है।
अचानक़ से मांसपेछी मं क़ाफी गर्मी रगना कम हो जताा गै।,अचानक से मांसपेशी में काफी गर्मी लगना कम हो जाता है।
चलने पर दिलट भें नकसिर होता है।,चलने पर दिल में नकसीर होता है।
मुे अस्थमाहै और नथना मेम छींक आती है।,मुझे अस्थमा है और नथुना में छींक आती है।
सिर में रूसे हो गई है।,सिर में रूसी हो गई है।
एड़ी में दर्ड है।,एड़ी में दर्द है।
वीख बिल्ुळ नहीं ळगतीहै।,भूख बिल्कुल नहीं लगती है।
गमर की चत्भ फ मोच ोत है।,कमर की त्वचा पर मोच आता है।
खण नघरणे मेंदेक्कट है।,खाना निगलने में दिक्कत है।
एड़ी में दल्द है।,एड़ी में दर्द है।
मूँग मेंब छाले हो ए हैं।,मुँह में छाले हो गए हैं।
अड्डे हिलाने फर ूख न ळगने कम गो जाता है।,हड्डी हिलाने पर भूख न लगना कम हो जाता है।
दाँत ो चे पड़ रख-ुरुख रग घनव आता है।,दाँत को छूने पर रुक-रुक कर घाव आता है।
नाक में सूजन है और घबरागट भी आताहै।,नाक में सूजन है और घबराहट भी आता है।
फरिवार में पल्सकी नससया रही गै।,परिवार में पाइल्स की समस्या रही है।
रडातको सोते शमय पसली मेंचुभन बन रहता है।,रात को सोते समय पसली में चुभन बना रहता है।
गर्मी में गर्दन से सिड़दर् होती है।,गर्मी में गर्दन से सिरदर्द होती है।
कोहनीमें सूजन है।,कोहनी में सूजन है।
मेरै गदंो में छांछ फ़घूछळना और जुकाम तणाटं ळट हे।,मेरे कंधा में सांस फूलना और जुकाम दोनों लगता है।
भैठने े बाद मरासंपेशी महें कच्कर आत ह।,बैठने के बाद मांसपेशी में चक्कर आता है।
टखे में मोज है।,टखने में मोच है।
बावसीर की समस्या है।,बवासीर की समस्या है।
एक हफ्ते सिन उँगलीमें रैश होणे लगती है।,एक हफ्ते से उँगली में रैश होने लगती है।
छाती ां दवबव महसूछ ोशता है।,छाती में दबाव महसूस होता है।
आवाज़ओ नहीं निगल री।,आवाज़ नहीं निकल रही।
ठठ िंम टगना मे ीरद्द रगतो है।,ठंड में टखना में सिरदर्द लगता है।
टड में चोल भें जसन रअत है।,ठंड में जोड़ में सूजन रहता है।
अचामक कोगनी में जलन होनने लती है।,अचानक कोहनी में जलन होने लगती है।
हलअका गैस के साथ गर्नी लगम भी बढ़ जती अै।,हल्का गैस के साथ गर्मी लगना भी बढ़ जाती है।
चलने प ाबल में दने लहती है।,चलने पर बाल में दाने रहती है।
ग्रमी में फफढ़े छे ़ाशी बध़ जती है।,गर्मी में फेफड़े से खांसी बढ़ जाती है।
जीफ र सफैद परत है।,जीभ पर सफेद परत है।
गर्दन घुाेन में दिककत है।,गर्दन घुमाने में दिक्कत है।
मझु पीठ मेक़ान हौदा है।,मुझे पीठ में थकान होता है।
वजन अजनक बध़ गय़ाहै।,वजन अचानक बढ़ गया है।
बविल में टिपअरान कषी सभसयअा रिग है।,परिवार में डिप्रेशन की समस्या रही है।
झुक़ने पर आँग में संक्रमण नबी रतही है।,झुकने पर आँख में संक्रमण बनी रहती है।
मुँह मैं चले हा ग़ए हां।,मुँह में छाले हो गए हैं।
रतो सोते समय नाखन में धवराट शुरू हएत अै।,रात को सोते समय नाखून में घबराहट शुरू होता है।
यददाश्त खमचोर हौ ईग अै।,याददाश्त कमजोर हो गई है।
जुखेन पर आँकख में कब्ज महसूस होता अै।,झुकने पर आँख में कब्ज महसूस होता है।
ड़छों से लाडईमें कोफ शीान ळगती हपै।,परसों से कलाई में काफी पसीना लगती है।
पैरौं में सूजन आ गई ह।,पैरों में सूजन आ गई है।
चेहरे पर दाणे नकळ आए है।,चेहरे पर दाने निकल आए हैं।
अजानक से काल ेभं अ्यक सिड़दर्ड बना रहता ैह।,अचानक से गाल में अत्यधिक सिरदर्द बना रहता है।
कलेई की त्भ बर ाखं षी कनआ गोक जाद है।,कलाई की त्वचा पर खांसी कम हो जाती है।
भूख बिल्ुलनही लगती अै।,भूख बिल्कुल नहीं लगती है।
पेट में गैष बनती ै।,पेट में गैस बनती है।
नक सै खून आते है।,नाक से खून आता है।
वजण असचेनकबढ़ गय है।,वजन अचानक बढ़ गया है।
सांस लेने में तकलीप होदी हि।,सांस लेने में तकलीफ होती है।
र् धअन नें सून है और गबरट फी पढ़ जा ै।,गर्दन में सूजन है और घबराहट भी बढ़ जाता है।
कअलई की त्वचा पर बेैनी होतीहै।,कलाई की त्वचा पर बेचैनी होती है।
उँगलि ेन चोटलगी है।,उँगली में चोट लगी है।
व्ययेम करने पर घाव हमसूस होती है।,व्यायाम करने पर घाव महसूस होती है।
गमर मां दर्द रतहाअै।,कमर में दर्द रहता है।
खरअदम घुमाने में दिक्क हा।,गर्दन घुमाने में दिक्कत है।
दिळ गी धड़कन थेज़ हो झाती हा।,दिल की धड़कन तेज़ हो जाती है।
खाना ख़ाने के बाद खुजली महसूस होता है।,खाना खाने के बाद खुजली महसूस होता है।
जाँच में डिप्रेशन णिकला है।,जाँच में डिप्रेशन निकला है।
गम कबअच के ासथ बखुर भी भणी रहत ै।,कम कब्ज के साथ बुखार भी बनी रहती है।
भौं नेउं ध़कन के करण किचना भी ब रहा हा।,भौं में धड़कन के कारण खिंचाव भी बना रहता है।
भख बिऊकुल नहन लगत अ।,भूख बिल्कुल नहीं लगती है।
बेवजअ रजोना ा है।,बेवजह रोना आता है।
दँत में दर्त है।,दाँत में दर्द है।
खायना गनाे केबाद चोट लगता है।,खाना खाने के बाद चोट लगता है।
गब्ज़ की भषस्या गै।,कब्ज़ की समस्या है।
कुच दिनों से से मुँह में कम छालेब़ जाटा है।,कुछ दिनों से से मुँह में कम छाले बढ़ जाता है।
जीभप सफेभद परत हा।,जीभ पर सफेद परत है।
झुनके पर मधना नं छाले लगता गै।,झुकने पर नथुना में छाले लगता है।
खट्टी डकजार आती है।,खट्टी डकार आती है।
मछाथा कछो छूने पर तेज़ घेसभ ड़कअयती है।,माथा को छूने पर तेज़ घाव रहती है।
तलबि मेंक जलन होती ह।,तलवे में जलन होती है।
कंाद की त्वईचा लप उर्टरेबढ़ जाती है।,कंधा की त्वचा पर उल्टी बढ़ जाती है।
धवा रेने किओ बाद भीुगर बान रहथा हि।,दवा लेने के बाद भी बुखार बना रहता है।
मूझे डायबीटेच़ऊ ह और भंौ में पषसीना शुरूघ होती है।,मुझे डायबिटीज़ है और भौं में पसीना शुरू होती है।
मझे ्टिफ्ड डिष्ग हैक और दिल मंे सास फऐूलनाशुर होथी अै।,मुझे स्लिप्ड डिस्क है और दिल में सांस फूलना शुरू होती है।
रीढ़ में खून आम कैकाड़णभ गुलेठ भी होतागै।,रीढ़ में खून आना के कारण खुजली भी होता है।
फिशर हु गा है।,फिशर हो गया है।
कान में एलर्ची के कोड़णफ्रै्चल भीहोट है।,कान में एलर्जी के कारण फ्रैक्चर भी होती है।
दव ेने का बदा भकि ावतआा है।,दवा लेने के बाद भी घाव आता है।
डॉक्टआर ने क़हा बीपी है।,डॉक्टर ने कहा बीपी है।
व्यायाम कड़ने पर खपेसीन लहता है।,व्यायाम करने पर खांसी रहता है।
एड़ी में दद है।,एड़ी में दर्द है।
भूख पिरगुल नं रखतीहि।,भूख बिल्कुल नहीं लगती है।
खाना ख़ा नै क बावद दर्द मअसूस होत ै।,खाना खाने के बाद दर्द महसूस होता है।
कलाई मंै मोच आगई ि।,कलाई में मोच आ गई है।
दिल क धड़कन तेज़ हो जाथ है।,दिल की धड़कन तेज़ हो जाती है।
रुक-रुक कर झकड़न के सथ ींक भी रती हे।,रुक-रुक कर जकड़न के साथ छींक भी रहती है।
खासीउ में ख़ोन आात हऔै।,खाँसी में खून आता है।
गला बैाठ हुआ है।,गला बैठा हुआ है।
मांषपेियों में गंिचाव है।,मांसपेशियों में खिंचाव है।
गर्ी में आँख से बुखरा होती हि।,गर्मी में आँख से बुखार होती है।
सिर में रोी हो खई है।,सिर में रूसी हो गई है।
गळात बैडा हुआ है।,गला बैठा हुआ है।
पेड़ोंमें सुझन आ ग़ई हगै।,पैरों में सूजन आ गई है।
भेलेगर्दऐन नां थकान और खुजले ोणोन लगतीब है।,मेरे गर्दन में थकान और खुजली दोनों लगती है।
तलवेमें जलन होटी ै।,तलवे में जलन होती है।
वजन अाचनकबढऩ गया है।,वजन अचानक बढ़ गया है।
पंघजानें सझन हैऔड़ जकड़ण भीपध जाता अै।,पंजा में सूजन है और जकड़न भी बढ़ जाता है।
कभी-कभी गाल में कप्ज हौने लगती है।,कभी-कभी गाल में कब्ज होने लगती है।
पीड्सरिय में बहुत दर्द गोता है।,पीरियड्स में बहुत दर्द होता है।
खाना निगले मेंदकि्कट ह।,खाना निगलने में दिक्कत है।
हौंठ फट रहि हैं।,होंठ फट रहे हैं।
णा से खुन आता हि।,नाक से खून आता है।
नींतमे खलल बड़रहआी अै।,नींद में खलल पड़ रही है।
अभचा सोगीऔर खुड़दरी ह ग ैह।,त्वचा सूखी और खुरदरी हो गई है।
चाच ने साइनसनिशकलया है।,जाँच में साइनस निकला है।
िडचिड ़ापन बढ़ गया है।,चिड़चिड़ापन बढ़ गया है।
मेरे दाँत में टं लगमा और फल्षेचर दोोनंरहदी अै।,मेरे दाँत में ठंड लगना और फ्रैक्चर दोनों रहती है।
गर ्दन घूमानिमें दिक्कनत हऐै।,गर्दन घुमाने में दिक्कत है।
ठंड में पिंडली में खुजली गोती है।,ठंड में पिंडली में खुजली होती है।
सुबयह उठते ेह जीभ ें गस बना रटहे है।,सुबह उठते ही जीभ में गैस बना रहता है।
पैर की अंगुळी तूट ईगझ हे।,पैर की अंगुली टूट गई है।
छरर में द़ड्द रहता हे।,शरीर में दर्द रहता है।
डॉ्कडर ने हा इभेक्छन है।,डॉक्टर ने कहा इंफेक्शन है।
रगमी मं पार सै सांस फूलपना शुलूहोती है।,गर्मी में पैर से सांस फूलना शुरू होती है।
गऐर्िम मेनिर छै षणझमागठ भशुस होता ह।,गर्मी में सिर से झनझनाहट महसूस होता है।
ठंड में आँख मेखुजल रहती है।,ठंड में आँख में खुजली रहती है।
हाथ-रै सुन्न हो जते गां।,हाथ-पैर सुन्न हो जाते हैं।
व्जाम क़रने पर चोट लगजथी हा।,व्यायाम करने पर चोट लगती है।
गर्मी मेम झो़डसे दस्त होताहै।,गर्मी में जोड़ से दस्त होता है।
डॉक्टर ने हका डजबीटीज है।,डॉक्टर ने कहा डायबिटीज़ है।
रात को सोतेस समय पसली में बेचैनी बढ़ जाता है।,रात को सोते समय पसली में बेचैनी बढ़ जाता है।
चलने पर जाँघघ मंचक्लक लगता अै।,चलने पर जाँघ में चक्कर लगता है।
बअथ जधरक़ा शा च्ककर भी होथा है।,बहुत जलन के साथ चक्कर भी होता है।
डॉकठ़ ने कहा साइनस गि।,डॉक्टर ने कहा साइनस है।
कान मेंऐजसन है और दर्द भी बनी रहती ैह।,कान में सूजन है और दर्द भी बनी रहती है।
बाल के आसपास घेव और असहनीय णकसर बनी रहती है।,बाल के आसपास घाव और असहनीय नकसीर बनी रहती है।
सुबह उठे ही जएीभ नें बेैचइनी बड़ ज़ाती है।,सुबह उठते ही जीभ में बेचैनी बढ़ जाती है।
पेशाब मिं जलन होती है।,पेशाब में जलन होती है।
बठने गेषवाद घ्लदन में ऐंट शुरू होटा ह।,बैठने के बाद गर्दन में ऐंठन शुरू होता है।
जुकने पल जिगर में शगल बना रहात है।,झुकने पर जिगर में छाले बना रहता है।
नथोा में िखंखछाव के कारण चुभन भी कम अो जाती है।,नथुना में खिंचाव के कारण चुभन भी कम हो जाती है।
सुवअ उतठि ही नथुन मेंखोन आणा लगता है।,सुबह उठते ही नथुना में खून आना लगता है।
झकुनकने पर आँख में तर्द लघोण हे।,झुकने पर आँख में दर्द लगता है।
गाल कये आसपामस जलन औढर टेज़ सु्पन क अो जते है।,गाल के आसपास जलन और तेज़ सुन्नपन कम हो जाती है।
छध्थ लखखए ैंई।,दस्त लग गए हैं।
वजन अचानक भढ़ गया है।,वजन अचानक बढ़ गया है।
गर्दन घुमाणे में दिक्कत है।,गर्दन घुमाने में दिक्कत है।
रात छन में भोच होनेत लगतअी है।,रात नस में मोच होने लगती है।
जेहरेपर धानै निठ कर आए गें।,चेहरे पर दाने निकल आए हैं।
क नें तर्त रता है।,कमर में दर्द रहता है।
पीठ हिेने पर बुखार कम हो चता है।,पीठ हिलाने पर बुखार कम हो जाता है।
डभेद लेेके बाचद फी जु काभ षुरूहोता है।,दवा लेने के बाद भी जुकाम शुरू होता है।
मषुे वाजलल है औ़ उँगलीमें उओल्टी आता ह।,मुझे वायरल है और उँगली में उल्टी आता है।
झुनके पर बाँह मां कलीज कम हो जाता है।,झुकने पर बाँह में खुजली कम हो जाता है।
कौहनी मिं सूजन गै।,कोहनी में सूजन है।
खाना खाने के बाद ठंड लना लगती है।,खाना खाने के बाद ठंड लगना लगती है।
जी पल छफिद परत है।,जीभ पर सफेद परत है।
अोंठ टऐ हे है।,होंठ फट रहे हैं।
एड़री मैं ठंड लगना के कारण पेैनी भी आती है।,एड़ी में ठंड लगना के कारण बेचैनी भी आती है।
रीढ़ को छूने पर ज़्यादा चुबनमहछसन होी है।,रीढ़ को छूने पर ज़्यादा चुभन महसूस होती है।
ासम सटे पसरी में बुतधड़खन पमी रगटी ग।,शाम से पसली में बहुत धड़कन बनी रहती है।
कान मआें सूजन है और छकरझ भी हतीज ह।,कान में सूजन है और चक्कर भी रहती है।
जाँज में इंफेकछ्न नीथलकाहै।,जाँच में इंफेक्शन निकला है।
परिवार मं इंफैकबषन की समसया ड़ीह है।,परिवार में इंफेक्शन की समस्या रही है।
डॉ्टर ना कहा यूटआई ै।,डॉक्टर ने कहा यूटीआई है।
जाँच में स्लि्द डिस्ग निकसल ह।,जाँच में स्लिप्ड डिस्क निकला है।
परु मां शू़न आ गई है।,पैरों में सूजन आ गई है।
खान कामे के पड दाने शुड़ू हता हा।,खाना खाने के बाद दाने शुरू होता है।
पेत में ूसन िअ औरभ कून आना भी शलू होदउा है।,पेट में सूजन है और खून आना भी शुरू होता है।
जेहड़े प़ड दनिध निकळ आए हें।,चेहरे पर दाने निकल आए हैं।
वैठनहे केबाद बाढलमें तकानड लता ै।,बैठने के बाद बाल में थकान लगता है।
हनल्क छेंक के सठा कमज़ोडए़ीमी कन हो जता है।,हल्का छींक के साथ कमजोरी भी कम हो जाता है।
मुजे जीभमें जकड़न बढ़ जाती है।,मुझे जीभ में जकड़न बढ़ जाती है।
मसूठ़ों सा खूम आतहा।,मसूड़ों से खून आता है।
खानाच निगलने में दिक्कत है।,खाना निगलने में दिक्कत है।
खने खाने के बाद जलन गोता हि।,खाना खाने के बाद जलन होता है।
दवा लेने के बद भी संक्रमण लगतीझ गै।,दवा लेने के बाद भी संक्रमण लगती है।
णींद मिं खलल प़ ड़अि गै।,नींद में खलल पड़ रही है।
बैइठने के बा पलक़ में कनजरोीबना रगत है।,बैठने के बाद पलक में कमजोरी बना रहता है।
ाषंस ेने मे कतळीफ गोी है।,सांस लेने में तकलीफ होती है।
दवा लेने के बाद फी दाने खम हो जातो है।,दवा लेने के बाद भी दाने कम हो जाता है।
शौच मेन खून आता है।,शौच में खून आता है।
जोड़ हिलाने रप मतली आती है।,जोड़ हिलाने पर मतली आती है।
आवाज नहघीं नखल रगी।,आवाज़ नहीं निकल रही।
दिळ ीक धठ़कन तेझ़ हु जाीतह।,दिल की धड़कन तेज़ हो जाती है।
चलने प़ड रीड़ मि वळगन आता ग।,चलने पर रीढ़ में बलगम आता है।
चेहरषे र दानै िमकल ए हैं।,चेहरे पर दाने निकल आए हैं।
पेट मेन गसै बणती अै।,पेट में गैस बनती है।
पेट ेमं गैस बनते है।,पेट में गैस बनती है।
दिल की धड़कन तिज़ हौ जाती है।,दिल की धड़कन तेज़ हो जाती है।
चोती ं दमबाव नूसस होता है।,छाती में दबाव महसूस होता है।
मासिक धल्म अनियमित अै।,मासिक धर्म अनियमित है।
योदेषदकमचोर हो ग है।,याददाश्त कमजोर हो गई है।
पलक की त्व चा पर एलरज्ी आती है।,पलक की त्वचा पर एलर्जी आती है।
कंधे में दर्द अै।,कंधे में दर्द है।
ठं में पजा में ळन शुरू होता अै।,ठंड में पंजा में जलन शुरू होता है।
जाँच में बीपी नके हओै।,जाँच में बीपी निकला है।
कानर में आवाज़ आती ैह।,कान में आवाज़ आती है।
पीपरियड्स में बहत डरड गोता है।,पीरियड्स में बहुत दर्द होता है।
फेफड़ै को छूेनपर तेज़ ऐंटन रहती है।,फेफड़े को छूने पर तेज़ ऐंठन रहती है।
लब हिळामे फर घबराटह कभ हा जारती ि।,बाल हिलाने पर घबराहट कम हो जाती है।
कलाईहिलइाने पर धड़कन सरु होता है।,कलाई हिलाने पर धड़कन शुरू होता है।
ब्येयभ करने फलर ठद गलना मसूस अाती है।,व्यायाम करने पर ठंड लगना महसूस होती है।
्बच सूख और खुरदरी होईग है।,त्वचा सूखी और खुरदरी हो गई है।
तअबच केऊ सआपास पसीान औरतेज़ बसीनछा आता गै।,त्वचा के आसपास पसीना और तेज़ पसीना आता है।
वजन ाअनक बढ़ गेई है।,वजन अचानक बढ़ गया है।
यादधाश्त कभजोर हो गई है।,याददाश्त कमजोर हो गई है।
बैठन के बाद जाँघमें उल्डी लगती है।,बैठने के बाद जाँघ में उल्टी लगती है।
षुकने पर नथुणा मेजं भूख न लगना लगती है।,झुकने पर नथुना में भूख न लगना लगती है।
पल ेवारआ में गॉल्वलडर की समस्या रही है।,परिवार में गॉलब्लैडर की समस्या रही है।
आँगों में जननळ र ललिमा ैग।,आँखों में जलन और लालिमा है।
बवाषिर की समस्या है।,बवासीर की समस्या है।
खड्टी डखार आती है।,खट्टी डकार आती है।
सि कणी त्वच फड़ गाव छुरू होाहा।,सिर की त्वचा पर घाव शुरू होता है।
मूपझै मोथा रमिं तका़न शुर गोे गै।,मुझे माथा में थकान शुरू होती है।
नखो़ू टूट रे हैं।,नाखून टूट रहे हैं।
मेले गोंठ मि ऐंठन और ठट लगन दोणोहोता है।,मेरे होंठ में ऐंठन और ठंड लगना दोनों होता है।
पैर की अगुली टूट गई है।,पैर की अंगुली टूट गई है।
खना खाने के बाद जकड़न बढ़ जाता है।,खाना खाने के बाद जकड़न बढ़ जाता है।
डंमड मंै षीर में बेचैनी शुरू होती है।,ठंड में सिर में बेचैनी शुरू होती है।
परिडवर में ाडयविटच़ िगसस्या लही है।,परिवार में डायबिटीज़ की समस्या रही है।
बषैटमे केबाद उँील मेंखांऐष शड़अोती हा।,बैठने के बाद उँगली में खांसी शुरू होती है।
चिगर के आसपाछ बेचैी और असहनीय छाले शुरू गोती है।,जिगर के आसपास बेचैनी और असहनीय छाले शुरू होती है।
ठंड मा दिलऔ ंै चुभण रहताख है।,ठंड में दिल में चुभन रहता है।
व्यन कनरि पर गर्मी लगना रहत हि।,व्यायाम करने पर गर्मी लगना रहती है।
ड़ुओ-लुक कर टद लगमाे शात मतरी भ ना रअाहै।,रुक-रुक कर ठंड लगना के साथ मतली भी बना रहता है।
गला हिलानि पर धढ़कन लगीत गै।,गाल हिलाने पर धड़कन लगती है।
अकसर ना में ध़कनहोना लगती है।,अक्सर नथुना में धड़कन होने लगती है।
चरने बड़ गुटना में पसीना बणा रठहाहै।,चलने पर घुटना में पसीना बना रहता है।
टरवे भें जलन होती ह।,तलवे में जलन होती है।
राज़ से गुर्दा नें बहषुत मोच कम हो जाता है।,रोज़ से गुर्दा में बहुत मोच कम हो जाता है।
खाान खानक वाड ्रकै्चर बना हता है।,खाना खाने के बाद फ्रैक्चर बना रहता है।
उँखली में सूजन ह और संक्रमण भी महसूश होता हा।,उँगली में सूजन है और संक्रमण भी महसूस होता है।
चलनै पल टो़में फ्घरैकजर नपसहसो होतीैग।,चलने पर ठोड़ी में फ्रैक्चर महसूस होती है।
मुझे ठोड़ी न जरन आती है।,मुझे ठोड़ी में जलन आती है।
सांस लेनै में तकलीफ होती है।,सांस लेने में तकलीफ होती है।
कलईा में मोच आ गई हयै।,कलाई में मोच आ गई है।
बैठन के बाद रीध़ में ऐठन समूस अाु है।,बैठने के बाद रीढ़ में ऐंठन महसूस होता है।
कूल्ह को छूईे पर हल्गा ुफन कम ो जातफा है।,कूल्हा को छूने पर हल्का चुभन कम हो जाता है।
सुबह ेस टखना मेन तेज़ सुन्नपन छुरू होता हि।,सुबह से टखना में तेज़ सुन्नपन शुरू होता है।
चलनै पल नाखून में जलन बनी रहफती है।,चलने पर नाखून में जलन बनी रहती है।
तलवे में जलनदहोती है।,तलवे में जलन होती है।
कौहदनी मेंध सूजन हे और मोज भी होती है।,कोहनी में सूजन है और मोच भी होती है।
झुके पर पंजा में कुजली बढ़ झतेी है।,झुकने पर पंजा में खुजली बढ़ जाती है।
फिशासबक बार-बाल आतऔा है।,पेशाब बार-बार आता है।
लकाई की त्वचा पर ीछंक बध़ जाती गै।,कलाई की त्वचा पर छींक बढ़ जाती है।
बंजा को छूने पर अत्यधिक ठंड लगना लगती हे।,पंजा को छूने पर अत्यधिक ठंड लगना लगती है।
दा लेने के बद भ सां फधूलना आतो ह।,दवा लेने के बाद भी सांस फूलना आता है।
भेरे नेक ेमं घहठबरा और एसिडिछटी दोोंरकत गै।,मेरे नाक में घबराहट और एसिडिटी दोनों लगता है।
जाँघ को शूने पर ोथड़ा ठंड लगना रहती हा।,जाँघ को छूने पर थोड़ा ठंड लगना रहती है।
पबीरियडअस े डौारन नका रगती ै।,पीरियड्स के दौरान थकान रहती है।
मुझे कवोळेसट्रॉलहै औल कूलह्ा मेन खूनढ आना महसूस होा है।,मुझे कोलेस्ट्रॉल है और कूल्हा में खून आना महसूस होता है।
चात्व सूी और खुरदर हो गई है।,त्वचा सूखी और खुरदरी हो गई है।
नाक से खूण आता हा।,नाक से खून आता है।
गर्मी में फेफढ़े से सांस फूलना लगती है।,गर्मी में फेफड़े से सांस फूलना लगती है।
फरेबार में शाइनस की समश्य रही गै।,परिवार में साइनस की समस्या रही है।
खाना ख़ाने का बोडद फोड़म बढ़ जोाै।,खाना खाने के बाद फोड़ा बढ़ जाता है।
मुझे कोलेस्ट्रॉलहै और दाँत में धड़कन बढ़र जाता ह।,मुझे कोलेस्ट्रॉल है और दाँत में धड़कन बढ़ जाता है।
परिवार में िडनी स्टोन की समस्ईाल रही है।,परिवार में किडनी स्टोन की समस्या रही है।
जन अचनाक बढ़ गा अै।,वजन अचानक बढ़ गया है।
ुझे कलाई में धड़कन कम हो जाता है।,मुझे कलाई में धड़कन कम हो जाता है।
वजण अचानक बढ़ गया है।,वजन अचानक बढ़ गया है।
चलनेठ पर गुर्द मेलं छले सुरू होीतहै।,चलने पर गुर्दा में छाले शुरू होती है।
नग भंद रतही हि।,नाक बंद रहती है।
पेरिडय् के दोरानथकोन लगीतढ गै।,पीरियड्स के दौरान थकान रहती है।
शाम छे पिंडरी में अत्यधिग एलरद्जी बना रहते है।,शाम से पिंडली में अत्यधिक एलर्जी बना रहता है।
असहनई छालै के साठ दामे मि कम हो जात हशै।,असहनीय छाले के साथ दाने भी कम हो जाती है।
ग़ालके आसपषा ऐनठ औल थोड़ा जड़ुकाम बढ़ जाोत है।,गाल के आसपास ऐंठन और थोड़ा जुकाम बढ़ जाता है।
टखनै में मोच है।,टखने में मोच है।
भुझे बैकटीरियल है औल एढ़ी में ुख़ाद लगती है।,मुझे बैक्टीरियल है और एड़ी में बुखार लगती है।
सुबह ठतेष ही फैफडे िम नकसी बनी रहतीहखै।,सुबह उठते ही फेफड़े में नकसीर बनी रहती है।
वजन अचानक भढ़ गया है।,वजन अचानक बढ़ गया है।
रअमग में टखना से मतरी होती हैज।,गर्मी में टखना से मतली होती है।
लाथ को सोदेर समय ठखमा मं खून आना लगता गे।,रात को सोते समय टखना में खून आना लगता है।
बैथनटे कि बाद जोद़ मं मोच मअसूस होत है।,बैठने के बाद जोड़ में मोच महसूस होता है।
दिल की धलठ़नतज़ हो जेतकी है।,दिल की धड़कन तेज़ हो जाती है।
नखून टूट लऔहे गैन।,नाखून टूट रहे हैं।
ड़ेट को सोथेसभय पसली में तसअद ोटा है।,रात को सोते समय पसली में दस्त होता है।
बईैठने के बाद णस में कान आात है।,बैठने के बाद नस में थकान आता है।
पेट में गैस बनत ह।,पेट में गैस बनती है।
सुबह उठतै हे हढद्दि में शालरे बढ़ जाता ा।,सुबह उठते ही हड्डी में छाले बढ़ जाता है।
परिवार मं किडन स्ोनकी सनसदअईारही है।,परिवार में किडनी स्टोन की समस्या रही है।
गर्मी में कलाई से ोड़ो महसूस होता है।,गर्मी में कलाई से फोड़ा महसूस होता है।
उँगलीमें चोधटरगछी है।,उँगली में चोट लगी है।
बाल षशट़ रहे गैम।,बाल झड़ रहे हैं।
मुझे गर्दन ेमंऐ गैस बढ़ जाती है।,मुझे गर्दन में गैस बढ़ जाती है।
डद मेउइँगी ईमें ुनझनछ नहसू होी है।,ठंड में उँगली में झनझनाहट महसूस होती है।
सिर में रूसी हो ग है।,सिर में रूसी हो गई है।
जाज मां अर्निय निलाआ है।,जाँच में हर्निया निकला है।
जाँच में टनॉखअसिळ िकला है।,जाँच में टॉन्सिल निकला है।
पीठ मां अकड़ ि।,पीठ में अकड़न है।
षांस लेने में तकलीफ़ होती है।,सांस लेने में तकलीफ होती है।
घुटना का आसपाछ बेचनी और बहुत घबलाट ढ़ जातीहै।,घुटना के आसपास बेचैनी और बहुत घबराहट बढ़ जाती है।
बिशल हफ्तेस धिमक मंा लगाताल कट लगटी है।,पिछले हफ्ते से दिमाग में लगातार कट लगती है।
गड़्दन केआसपास घर् मी लघने रऔ बेहद घाव लकता है।,गर्दन के आसपास गर्मी लगना और बेहद घाव लगता है।
होंठ ट रहे हं।,होंठ फट रहे हैं।
पर की अंुगळी टूट गई है।,पैर की अंगुली टूट गई है।
होंथ फ रहेहै।,होंठ फट रहे हैं।
चड़िडच़ापन बध़ गया है।,चिड़चिड़ापन बढ़ गया है।
ठंड मंे कमर में दाने शुरू होता है।,ठंड में कमर में दाने शुरू होता है।
खन ख़ाणे क़े बाद घबराअटख कम हो जाती है।,खाना खाने के बाद घबराहट कम हो जाती है।
फैर कि अंगुरीपटूत ग ह।,पैर की अंगुली टूट गई है।
जभ भें धढ़कन कैढ खारदण खंासी मी शुर होतडा है।,जीभ में धड़कन के कारण खांसी भी शुरू होता है।
बाँह के आसाश बुखोर औ काफ़ीदस्त लहती ह।,बाँह के आसपास बुखार और काफी दस्त रहती है।
धाँत मैं दरद है।,दाँत में दर्द है।
चिट़चड़ापन बम़ ईगघा गै।,चिड़चिड़ापन बढ़ गया है।
मझे हदध्ती मंे बेचैनी रहती है।,मुझे हड्डी में बेचैनी रहती है।
गाथ-पैर सुन्न हो जाते हिं।,हाथ-पैर सुन्न हो जाते हैं।
मांसओपेिजएो ें खेंचाव है।,मांसपेशियों में खिंचाव है।
जाँच में अस्ठनानिकला है।,जाँच में अस्थमा निकला है।
जाँज में बैक्टीणड़ियल निक़लाअै।,जाँच में बैक्टीरियल निकला है।
मुझे कूल्हा मंे जडक़म महसूछ होता है।,मुझे कूल्हा में जकड़न महसूस होता है।
पेट फऔू रा रहता ै।,पेट फूला रहता है।
जुकनबे बशड़ भऐाल में एसिडिटी रहागै।,झुकने पर बाल में एसिडिटी रहता है।
सिर मेंरूसी गो गई हैऊ।,सिर में रूसी हो गई है।
मुेजफंगल है और री़ मैं ठंड लगना बनी रती है।,मुझे फंगल है और रीढ़ में ठंड लगना बनी रहती है।
फेफड़े में बखार के कारण खिंचाव भी रहतो है।,फेफड़े में बुखार के कारण खिंचाव भी रहता है।
ठडभें दँत नें ेचैमनी रअथाहैष।,ठंड में दाँत में बेचैनी रहता है।
दवा ेने क़े बाद भी दाने रहता है।,दवा लेने के बाद भी दाने रहता है।
खाना खोने के बाद जलन बढ़ जातो है।,खाना खाने के बाद जलन बढ़ जाता है।
खँढीपमें खन आता अै।,खाँसी में खून आता है।
खाना खाणे खे बाद चक्कर आती है।,खाना खाने के बाद चक्कर आती है।
ब्ज़ ी समस्या है।,कब्ज़ की समस्या है।
पिंडली की त्वचा र खींचाव कम हो जटाा है।,पिंडली की त्वचा पर खिंचाव कम हो जाता है।
दाँतमैं तर्द है।,दाँत में दर्द है।
पेरियड्स में बहुत दर्द होता है।,पीरियड्स में बहुत दर्द होता है।
दल कीद ़दन ते ज़़ गा जाठते है।,दिल की धड़कन तेज़ हो जाती है।
ना खून टूट रहे ैह।,नाखून टूट रहे हैं।
त्वजा पर खुजरी होती है।,त्वचा पर खुजली होती है।
गाथ-पैरष सुन्न हो जाथे हैं।,हाथ-पैर सुन्न हो जाते हैं।
दवा लेने के बाद भी उल्ट महसूस होती है।,दवा लेने के बाद भी उल्टी महसूस होती है।
हढ्ठीष की तवा ड़ुजभन ुर होदी ैह।,हड्डी की त्वचा पर चुभन शुरू होती है।
गाल में मतली के ़ारञ लगम भीमहसुस होती है।,गाल में मतली के कारण बलगम भी महसूस होती है।
नाक से ख़ून आता हचै।,नाक से खून आता है।
कूर्हा में सूजन है और दर्द भि आता ।,कूल्हा में सूजन है और दर्द भी आता है।
मुजे नाक ें डर्द आतिए है।,मुझे नाक में दर्द आती है।
कूल्ह खे आसाफस ींन न आना और ते़ज चकड़ आती हरे।,कूल्हा के आसपास नींद न आना और तेज़ चक्कर आती है।
बाल झड़ ड़हे हें।,बाल झड़ रहे हैं।
चलनै पर छाती मैं चुभ होता हा।,चलने पर छाती में चुभन होता है।
नथा मेन धड़कन के गारण पसीने भीलगती है।,माथा में धड़कन के कारण पसीना भी लगती है।
भैठमाेक पाद शिर भां गाव बयना रहा अै।,बैठने के बाद सिर में घाव बना रहता है।
िपछलेमहीने नस में चकअकर होने लगथी है।,पिछले महीने नस में चक्कर होने लगती है।
परिाबर मेंहरअनिया की स्या रही है।,परिवार में हर्निया की समस्या रही है।
सिर में री हो गई है।,सिर में रूसी हो गई है।
खट्टआी कार आती है।,खट्टी डकार आती है।
मांशपगेशी क़घोछूमे पड़ ेफील कजोरेकभ गौ जतहै।,मांसपेशी को छूने पर काफी कमजोरी कम हो जाती है।
नाक से ूखन आता है।,नाक से खून आता है।
माथाकी त्वचा बर चकड़न कम हो जाता है।,माथा की त्वचा पर जकड़न कम हो जाता है।
मषे गतनऔ मंे ड़ैरशबआत अै।,मुझे गर्दन में रैश आती है।
्यााभकरने बर क़भअज महसस गतोा है।,व्यायाम करने पर कब्ज महसूस होता है।
दवा लेने का बाद भी ोदनैय बएड़ जाता गै।,दवा लेने के बाद भी दाने बढ़ जाता है।
बलक न सूजम गै और सेष फोलना ीभ आती ह।,पलक में सूजन है और सांस फूलना भी आती है।
माकर बंद हति हचेआ।,नाक बंद रहती है।
एड़ी मे दर्द अै।,एड़ी में दर्द है।
चलेन पर गु़ड़्धे मां खंचेाव आतीहैओ।,चलने पर गुर्दा में खिंचाव आती है।
झूकने पर बेथ मे रैश शड़ू गता है।,झुकने पर पीठ में रैश शुरू होता है।
कहोनी में सूज है और सुननपम भी कम हो जाती है।,कोहनी में सूजन है और सुन्नपन भी कम हो जाती है।
तेज़धड़कनउ के शात मतली ीभआती हा।,तेज़ धड़कन के साथ मतली भी आती है।
दाँत मेन सुन्नमपन ेक कारण दाने भी लगता है।,दाँत में सुन्नपन के कारण दाने भी लगता है।
जँच ामं आड़्थराटइिश निकला है।,जाँच में आर्थराइटिस निकला है।
खान खाने के ाध एसिडिठी ढ़ जाता ैअ।,खाना खाने के बाद एसिडिटी बढ़ जाता है।
डॉक़्शटर ने कहके शाइनस ै।,डॉक्टर ने कहा साइनस है।
डॉक्ट ड़ ने गहा हृदय रोग है।,डॉक्टर ने कहा हृदय रोग है।
याददशाअत कमज़ोर हो गई है।,याददाश्त कमजोर हो गई है।
त्वचा पर खोलजी होती है।,त्वचा पर खुजली होती है।
दवा लने के बाद भी छाले महसूस हतोा हि।,दवा लेने के बाद भी छाले महसूस होता है।
बाल झढ़ रैह हैं।,बाल झड़ रहे हैं।
कलाई मेईं मोच आ गई है।,कलाई में मोच आ गई है।
फिशर हौ कजा ह।,फिशर हो गया है।
न खोने ेब ूमख न खला मह गषूस होता ैह।,खाना खाने के बाद भूख न लगना महसूस होता है।
छलन प पिनडलि नां चुभन गळती है।,चलने पर पिंडली में चुभन लगती है।
डिलखो शूने पर हल्गा खानसी मअसूस होताअा।,दिल को छूने पर हल्का खांसी महसूस होता है।
मुभझे हृघदई रोग हैर छादी नेसरत्रद ुर गतोी हपै।,मुझे हृदय रोग है और छाती में सिरदर्द शुरू होती है।
कलाई के आसपासबलगम और ल्को सां भूणलना लगती है।,कलाई के आसपास बलगम और हल्का सांस फूलना लगती है।
मुझे बार-बार तलषी जैसी महसूस अोती है।,मुझे बार-बार मतली जैसी महसूस होती है।
दवा लैने के बाद ी रशहसस होत है।,दवा लेने के बाद भी रैश महसूस होता है।
मुघझे ष्लीपअड डिसअ ह औल मँह मेंघ धद ़कन हतीह।,मुझे स्लिप्ड डिस्क है और मुँह में धड़कन रहती है।
डॉकटर ने कहा एंग्येटी है।,डॉक्टर ने कहा एंग्जायटी है।
मुझे तेलमें ऐंठन बना रहकत है।,मुझे दिल में ऐंठन बना रहता है।
नींद में खलल पडड़ रहीगै।,नींद में खलल पड़ रही है।
मेरे डोढ़ी नें खुजी और बुखालस तदोनों बन रअती है।,मेरे ठोड़ी में खुजली और बुखार दोनों बनी रहती है।
टगने मंे मोचड है।,टखने में मोच है।
जिगर के आसपस सएििडी और अतजधिक गैस रदा है।,जिगर के आसपास एसिडिटी और अत्यधिक गैस रहता है।
गला बैठा अआ हैढ।,गला बैठा हुआ है।
वजन अचानकऊ बढ़ गयेअै।,वजन अचानक बढ़ गया है।
बाल झड़ हरे गैं।,बाल झड़ रहे हैं।
मेरे गुर्दा में ऐमथन भूख ण लकनो दोनोन गोट है।,मेरे गुर्दा में ऐंठन और भूख न लगना दोनों होता है।
छती में दबेव मगूसछ होथा गै।,छाती में दबाव महसूस होता है।
पीटने अगड़न है।,पीठ में अकड़न है।
बैठने गे ाबद गाऐळ मेंघबराहट होतची है।,बैठने के बाद गाल में घबराहट होती है।
बलियट्स गे दौरण काम रलहती है।,पीरियड्स के दौरान थकान रहती है।
पैठेन के वाद ़ोंजमें गड़्मी लगनो आतीहा।,बैठने के बाद जोड़ में गर्मी लगना आती है।
दवा रनेे के बाद भी भूख लगना बढ़ जाताहै।,दवा लेने के बाद भी भूख न लगना बढ़ जाता है।
पैर की अंगली ठूड गई है।,पैर की अंगुली टूट गई है।
धिल की दड़कन तेनज़ हो चातीत हैऊ।,दिल की धड़कन तेज़ हो जाती है।
आँखां में जडल और लालिना हयै।,आँखों में जलन और लालिमा है।
दव लनिे के बाद भी शींक होता है।,दवा लेने के बाद भी छींक होता है।
ेवहज रना आकता गै।,बेवजह रोना आता है।
पंझा क तवचेक ड़उ दने नहूस हौयती हि।,पंजा की त्वचा पर दाने महसूस होती है।
पेशब में जलन ोती है।,पेशाब में जलन होती है।
रात ़को सोते समयमांसपेसी में दनाे बनी ड़हती है।,रात को सोते समय मांसपेशी में दाने बनी रहती है।
बर की अंजगुरी टूसट गई है।,पैर की अंगुली टूट गई है।
पेट मे गणिस पनती है।,पेट में गैस बनती है।
व्यायाम करनै पएर ींक लगती है।,व्यायाम करने पर छींक लगती है।
चान पील भां उल्टी होने लतगी है।,अचानक पसली में उल्टी होने लगती है।
र्मग में पिंडळी से छाले लगता है।,गर्मी में पिंडली से छाले लगता है।
तअचा पर खजुलि होते है।,त्वचा पर खुजली होती है।
रात को छोथे समय उँलग मेंमोच ोती हरै।,रात को सोते समय उँगली में मोच होती है।
उँगली ग अतछा परच पसीाज लखथी अै।,उँगली की त्वचा पर पसीना लगती है।
कोहनी मेन षन हे।,कोहनी में सूजन है।
उबियों में झुझमन होद है।,उँगलियों में झनझनाहट होती है।
जि डप सिफत पर है।,जीभ पर सफेद परत है।
अचानक उँलगी मेम िरसत्नद होने लतीग है।,अचानक उँगली में सिरदर्द होने लगती है।
खाना खाने के बाद भेजैनी शुू होती है।,खाना खाने के बाद बेचैनी शुरू होती है।
सुबह उथतही उँगील में मोच रहता ह।,सुबह उठते ही उँगली में मोच रहता है।
खाना खढाने ेक बाद जुकाममहसूस होता है।,खाना खाने के बाद जुकाम महसूस होता है।
होनठमंे छूजन है और नींद न आना भी महसूस हछोती है।,होंठ में सूजन है और नींद न आना भी महसूस होती है।
जीभ फर सफेद परत है।,जीभ पर सफेद परत है।
ठोड़ी हिलाने बर मतली होती है।,ठोड़ी हिलाने पर मतली होती है।
कंधो के आसपश बुाखर लऔ खनौट तोहै।,कंधा के आसपास बुखार और कम चोट आता है।
गर्मी में ज़चीभसे नीं नआनो बनी रहती हा।,गर्मी में जीभ से नींद न आना बनी रहती है।
आँोखं में जलम और लालिना है।,आँखों में जलन और लालिमा है।
एड़ि में दर्द हि।,एड़ी में दर्द है।
संस लेने में टकलीफ ोती े।,सांस लेने में तकलीफ होती है।
रात ग सौते समय त्शवा ें जुकाम छोरू होत है।,रात को सोते समय त्वचा में जुकाम शुरू होती है।
चाँजें बीी निशका हैश।,जाँच में बीपी निकला है।
षकनि बर धाँतकेमं घाब बनबे रहति है।,झुकने पर दाँत में घाव बनी रहती है।
बैने के बाद पिंडी मेंछा आेत ैह।,बैठने के बाद पिंडली में छाले आता है।
याडदाशथ कमजोल हो गई गै।,याददाश्त कमजोर हो गई है।
बळ झठ़रहे हें।,बाल झड़ रहे हैं।
भूख भिल्कुल नहमीं लगती ेह।,भूख बिल्कुल नहीं लगती है।
नाखणू टूठ रहएे अैं।,नाखून टूट रहे हैं।
वोँह कौ शूने पर गल ्का गर्म लगनो ब़ जोथी है।,बाँह को छूने पर हल्का गर्मी लगना बढ़ जाती है।
पेशाब को रनग दबल गईा है।,पेशाब का रंग बदल गया है।
सबूह ठते ही घुरअधा िझनझनाद बनि रहत है।,सुबह उठते ही गुर्दा में झनझनाहट बनी रहती है।
भसूड़ों सओे खूम आता हे।,मसूड़ों से खून आता है।
हळका अलरजी के साथ ऐंनठ भी कन हो जाता है।,हल्का एलर्जी के साथ ऐंठन भी कम हो जाता है।
खाँषी में खून आदा है।,खाँसी में खून आता है।
अथ-पैर सूणन गा जात हषैं।,हाथ-पैर सुन्न हो जाते हैं।
मेरे थनुना में जलन और कटधोनों बढ़ जाता हइै।,मेरे नथुना में जलन और कट दोनों बढ़ जाता है।
व्जाायम कनले परभूख न लगान कम होोती है।,व्यायाम करने पर भूख न लगना कम हो जाती है।
ाकन से खून आता है।,नाक से खून आता है।
सिर में सूज हऔर सासं फुलना भी रशू अौती है।,सिर में सूजन है और सांस फूलना भी शुरू होती है।
माथो के त्वचापर खून आना ढ़ जाती है।,माथा की त्वचा पर खून आना बढ़ जाती है।
खों में जलन औरलाअलभा है।,आँखों में जलन और लालिमा है।
गलेमें करासहै।,गले में खराश है।
ज़ाँच नें किटमी ष्टोन िखाअा।,जाँच में किडनी स्टोन निकला है।
घुटणा की त्वचा पर छीमक ळगीत गै।,घुटना की त्वचा पर छींक लगती है।
पैरों मिंसजून आ गई है।,पैरों में सूजन आ गई है।
काफी गैस ेसा एरर्झी भी मसूस होता हि।,काफी गैस के साथ एलर्जी भी महसूस होता है।
आाज़ नहीं नेकर रही।,आवाज़ नहीं निकल रही।
र्मी में थुमो से चुभ बढ़ ाजदेअओे।,गर्मी में नथुना से चुभन बढ़ जाती है।
गले मं खराश है।,गले में खराश है।
बयायाम करन पकर ठंड घछनाल़तग है।,व्यायाम करने पर ठंड लगना लगता है।
मरे नस में नकसरी और खांसी दोनचों आतीहै।,मेरे नस में नकसीर और खांसी दोनों आती है।
डॉक्टर ने कहा स्लप्ड डिस्ऐक ै।,डॉक्टर ने कहा स्लिप्ड डिस्क है।
होंठ ट रहे हैं।,होंठ फट रहे हैं।
बैठने के बाद फेफडे़ भें एथसिडिटीहोता है।,बैठने के बाद फेफड़े में एसिडिटी होता है।
भेरे माखोन मे भुखार और खिओंचाव दोनों शुलू होती ै।,मेरे नाखून में बुखार और खिंचाव दोनों शुरू होती है।
हाथ िहरणे प कमजोरी बमा रअता ैह।,हाथ हिलाने पर कमजोरी बना रहता है।
झुकना पर हथ मैंफ बेचैन बढ़ चाट ग।,झुकने पर हाथ में बेचैनी बढ़ जाता है।
चवन चानक भढ़ गजाहै।,वजन अचानक बढ़ गया है।
उँगळी अिळाे पर दाे शुरू अोआती गै।,उँगली हिलाने पर दाने शुरू होती है।
झुकने पर खमा में जक़ड़न शुरूहाता है।,झुकने पर टखना में जकड़न शुरू होता है।
डखने भें मचो है।,टखने में मोच है।
टंड मैम जिगर मे धरड़ण शरू होथा ै।,ठंड में जिगर में धड़कन शुरू होता है।
खमे खाने कघे बागद उल्टी रहचतीहै।,खाना खाने के बाद उल्टी रहती है।
बेवजखह रोणा आत हा।,बेवजह रोना आता है।
शुबह उठते हे फेप ़े भें खिंचाव भड़ जाटी है।,सुबह उठते ही फेफड़े में खिंचाव बढ़ जाती है।
ठड नें जिगर में सुन्नपन आटीै।,ठंड में जिगर में सुन्नपन आती है।
झकुने परजीभ में ऐंठनगतअी है।,झुकने पर जीभ में ऐंठन रहती है।
ुझे फिशर है और कान में धबरहट रहती है।,मुझे फिशर है और कान में घबराहट रहती है।
दो महषीम षे छे गला में काफी थन लगती है।,दो महीने से से गला में काफी थकान लगती है।
नांषपिशईों मां खिचेभ है।,मांसपेशियों में खिंचाव है।
व्ईायम करने फर खुझली आती है।,व्यायाम करने पर खुजली आती है।
बैडने के बाद हट्दी में गर्ीम लगना होत है।,बैठने के बाद हड्डी में गर्मी लगना होती है।
ग्मी मिम मुँहआसे कत ़महो जाता अे।,गर्मी में मुँह से कट कम हो जाता है।
गरअमीमें जाँघ सेबुखार गाता ह।,गर्मी में जाँघ से बुखार होता है।
गल पैठाहूआ हे।,गला बैठा हुआ है।
दछअद लघ एग हैं।,दस्त लग गए हैं।
मेरे ड्डफीमें झनझनअाट र मोच डोणुंगम हो ाजत अपै।,मेरे हड्डी में झनझनाहट और मोच दोनों कम हो जाता है।
फफड़े िहालनै पर खव्ज मअसूस होती है।,फेफड़े हिलाने पर कब्ज महसूस होती है।
खाी में खून आतटा है।,खाँसी में खून आता है।
िल मंे सूजण हा औड़ षंअरनन भी आतीहमै।,दिल में सूजन है और संक्रमण भी आती है।
आँख हिलान पर घाव रथही है।,आँख हिलाने पर घाव रहती है।
तळी की धकमग ते़ज हजो जोदीहा।,दिल की धड़कन तेज़ हो जाती है।
जीम में दसत के खाड़ण दर्द भी बढ़ जाता है।,जीभ में दस्त के कारण दर्द भी बढ़ जाता है।
घुटणै में बानी भर गयाहै।,घुटने में पानी भर गया है।
गाँसे मे ूखनआत गै।,खाँसी में खून आता है।
वद रेणणे केभेऐ भी णीमअड ण आणा बढ़ चाता है।,दवा लेने के बाद भी नींद न आना बढ़ जाता है।
दिल की घड़कन तेज़ ह जाीत है।,दिल की धड़कन तेज़ हो जाती है।
बेजह रोना आथो है।,बेवजह रोना आता है।
परिवार मेंिटनी ष्ठना ीकसस्ये रीह गै।,परिवार में किडनी स्टोन की समस्या रही है।
नस हेलान फर बुसकार शुड़ू होता ै।,नस हिलाने पर बुखार शुरू होता है।
कब्ज़ क़ी समसअया अै।,कब्ज़ की समस्या है।
जीभ बर सफेद पगरतहि।,जीभ पर सफेद परत है।
झुकमे पर हड्डी में बमघ बढ़ जातो है।,झुकने पर हड्डी में बलगम बढ़ जाता है।
कम़ड़ में दर्ध लहता ै।,कमर में दर्द रहता है।
पीरियड्स में भहुत दर्द होात ह।,पीरियड्स में बहुत दर्द होता है।
गरभीमां होणंठसे एीसदटी गोीहि।,गर्मी में होंठ से एसिडिटी होती है।
चिड़चिड़ापन बढ़गया है।,चिड़चिड़ापन बढ़ गया है।
बै डमे केबाद जी मैं घगटबरा महसूस गाती है।,बैठने के बाद जीभ में घबराहट महसूस होती है।
गलेई ेम भोछऔ आ ई है।,कलाई में मोच आ गई है।
अत्यधिक गैस के साथ एलर्जी भी अोता है।,अत्यधिक गैस के साथ एलर्जी भी होता है।
कबज़् की समष्या ह।,कब्ज़ की समस्या है।
नाखूण टट रहे हैं।,नाखून टूट रहे हैं।
होठ फट ड़हेहंै।,होंठ फट रहे हैं।
उँगी मेबं चोट रगी है।,उँगली में चोट लगी है।
दभा लेने के बाद भ झनझनाअट रहता िह।,दवा लेने के बाद भी झनझनाहट रहता है।
पैर की तव्चा पर सनकअरमन आता है।,पैर की त्वचा पर संक्रमण आता है।
मछूट़ांछे खूड आता है।,मसूड़ों से खून आता है।
झोड़में झमझनाटके करण दरद म शुरठूहोी हे।,जोड़ में झनझनाहट के कारण दर्द भी शुरू होती है।
गला की तव्चा पर खुजरी बनी रहती है।,गला की त्वचा पर खुजली बनी रहती है।
तलवे में ज़लनहोती है।,तलवे में जलन होती है।
नथुन गी चा्वद पर फ्रै्कछर होता है।,नथुना की त्वचा पर फ्रैक्चर होता है।
ंडड में पसली में जलन गती है।,ठंड में पसली में जलन लगती है।
पतिरवार में ीभती खी सपमस् लअ हे।,परिवार में बीपी की समस्या रही है।
चरने पर लगामेन कट ता है।,चलने पर गला में कट लगता है।
ाना खाने ै बाड िंछाब ब़ढ जातऔी है।,खाना खाने के बाद खिंचाव बढ़ जाती है।
डॉ्कटल ने कगा स्लिप्ड डिसस्क है।,डॉक्टर ने कहा स्लिप्ड डिस्क है।
मुझे बार-वोरमतले जैसी मओहसूस होती हैश।,मुझे बार-बार मतली जैसी महसूस होती है।
मुझे अस्थमाहै और सेर ेंबलगम महसोथस ोति है।,मुझे अस्थमा है और सिर में बलगम महसूस होती है।
डॉजकअटरभ ने कहा ैबकीटथलेयल अ।,डॉक्टर ने कहा बैक्टीरियल है।
शौच मेन खून आताह।,शौच में खून आता है।
घुटने में पामी भर गया है।,घुटने में पानी भर गया है।
होंठ मेम सूजन ा और मूख न लगनाब बध़एजाते गै।,होंठ में सूजन है और भूख न लगना भी बढ़ जाता है।
सुबह उठते अी हाथ में गैस बढ़ जाता है।,सुबह उठते ही हाथ में गैस बढ़ जाता है।
हा-पैर सुन गो दे हैं।,हाथ-पैर सुन्न हो जाते हैं।
आँखहिलाेन पर मो कभ हो जाता है।,आँख हिलाने पर मोच कम हो जाता है।
बिणठे खे बाइदगुरशद्ा में झनझनगोट णझारहयता है।,बैठने के बाद गुर्दा में झनझनाहट बना रहता है।
निनध ंम खलल ब़ ड़गीहै।,नींद में खलल पड़ रही है।
मांशिसपयैों में खिंचाव है।,मांसपेशियों में खिंचाव है।
उँगली मेऐंचोट लगी है।,उँगली में चोट लगी है।
वजन अचानकब़ढ ग़या है।,वजन अचानक बढ़ गया है।
चलने पर हडअडी में मोछ आता हा।,चलने पर हड्डी में मोच आता है।
कलईा में मोच आ गई है।,कलाई में मोच आ गई है।
द्बचलाकी चेदव पड़ बचै नी ढ़ जता हि।,त्वचा की त्वचा पर बेचैनी बढ़ जाता है।
मुषे गॉललबाडर है और बेल मं सिरद कभ अो जाती है।,मुझे गॉलब्लैडर है और बाल में सिरदर्द कम हो जाती है।
धयाछन केदन्रित नहन गल बात हँू।,ध्यान केंद्रित नहीं कर पाती हूँ।
रात को ुषते समय गाल में बलगन बढ़ जाटी हि।,रात को सोते समय गाल में बलगम बढ़ जाती है।
गाध-परओ सनु्म हो जाते हां।,हाथ-पैर सुन्न हो जाते हैं।
याघददाश् कमझोर हो गई हा।,याददाश्त कमजोर हो गई है।
हग्ा संक्रमण कै साथ जुकन भी बना रहता गै।,हल्का संक्रमण के साथ जुकाम भी बना रहता है।
खाण खोने क़े बातबूक न लकना कम हो जाती है।,खाना खाने के बाद भूख न लगना कम हो जाती है।
बैने क बड द़ों नें चमीक महछघूश होता अा।,बैठने के बाद जोड़ में छींक महसूस होता है।
फमडलको छशूने परआअसहमीयभ ाछळ हौते है।,पिंडली को छूने पर असहनीय छाले होता है।
र्मीघ म घुटा श उल्टी कम हो जाती है।,गर्मी में घुटना से उल्टी कम हो जाती है।
मुेझ कोलेगश्ट्रॉल हैऔल कधा में सूजण आती हि।,मुझे कोलेस्ट्रॉल है और कंधा में सूजन आती है।
एड़ी में दर् है।,एड़ी में दर्द है।
ा के आसपाषदस्त औ़ बहतु नकस ीर बनी रतहीई है।,पेट के आसपास दस्त और बहुत नकसीर बनी रहती है।
गर्मीव में टसबचो सा फोड़ा षुरू होथहै।,गर्मी में त्वचा से फोड़ा शुरू होती है।
षुबह उठते हषे दिभाग में कब्ज रहता है।,सुबह उठते ही दिमाग में कब्ज रहता है।
लचनि लप फेफ़ड मेम झरन होधता है।,चलने पर फेफड़े में जलन होता है।
पलक मेंसूजन ह औड़चुभन भ आि हैण।,पलक में सूजन है और चुभन भी आती है।
मासि धर्म अनियमित है।,मासिक धर्म अनियमित है।
डक्ट ने कहा हृतयरोग अै।,डॉक्टर ने कहा हृदय रोग है।
सुहब उठते ीहपर ें संक्रमण बढ़ जाता है।,सुबह उठते ही पैर में संक्रमण बढ़ जाता है।
पलक हिईलान पर बुखात आती है।,पलक हिलाने पर बुखार आती है।
बठने क वाद घुटान में कट महसूस हुते अै।,बैठने के बाद घुटना में कट महसूस होती है।
मुझे बरब-ाड़ मतील ज़ैशी महसूस होती है।,मुझे बार-बार मतली जैसी महसूस होती है।
जाँच में भायरल निकरा है।,जाँच में वायरल निकला है।
दवा लेने के बाद भीपसीना बढ़ जाती है।,दवा लेने के बाद भी पसीना बढ़ जाती है।
कूल्अा में रैश कि कारण दरद भी आती है।,कूल्हा में रैश के कारण दर्द भी आती है।
झुकने पर सिर में फोडा बना रहता है।,झुकने पर सिर में फोड़ा बना रहता है।
एढ़ी में दरअद है।,एड़ी में दर्द है।
क्टती डकारआतीद हा।,खट्टी डकार आती है।
शाम बाल मम मोच हने लगती है।,शाम बाल में मोच होने लगती है।
बैठे के बाद छाती में एसिडिटी शुरू होता है।,बैठने के बाद छाती में एसिडिटी शुरू होता है।
होंठ पट रहि हैं।,होंठ फट रहे हैं।
दलवेमें झलन होती है।,तलवे में जलन होती है।
नाखून की त्वचा पर नतरि बढ़ जातइी है।,नाखून की त्वचा पर मतली बढ़ जाती है।
भेरै रे़ढ में छाले और फोड़ दोनों मसहूस हुती हा।,मेरे रीढ़ में छाले और फोड़ा दोनों महसूस होती है।
रहात क़ो सोते समय हातमेम उलअटे शर होतहै।,रात को सोते समय हाथ में उल्टी शुरू होती है।
फ में गैषनबत अ।,पेट में गैस बनती है।
छाती में दबाव महसूस होदा है।,छाती में दबाव महसूस होता है।
अद यधक कमजषरौी के छाथ ठं लगना भी लगत ै।,अत्यधिक कमजोरी के साथ ठंड लगना भी लगती है।
ेहरे पर दाने निकल एआ हैं।,चेहरे पर दाने निकल आए हैं।
खोा निगलणि मे द्िकट है।,खाना निगलने में दिक्कत है।
बैर की अंगुली टट गई है।,पैर की अंगुली टूट गई है।
ुघटना के आछपासथना ड अत्घयघक छीख आटाहै।,घुटना के आसपास थकान और अत्यधिक छींक आता है।
बोँह हरिाने फआर खून आऊना ुसरु गोफी गै।,बाँह हिलाने पर खून आना शुरू होती है।
डॉकटअर ने कहाआर्थराइतिस अै।,डॉक्टर ने कहा आर्थराइटिस है।
शलीरे र्धरआगता है।,शरीर में दर्द रहता है।
काफी खूम आना के साथऐंथन भी भहसूसहो हऐ।,काफी खून आना के साथ ऐंठन भी महसूस होता है।
बाल मैं सूजन ह और उरअती भी शुूर हा ग।,बाल में सूजन है और उल्टी भी शुरू होता है।
बाह कोूणषे बहुत एलरध्जी महसूश होता ैह।,बाँह को छूने पर बहुत एलर्जी महसूस होता है।
मुझा कखूलअहामें नीमदइ न आना बनी रहटी ह।,मुझे कूल्हा में नींद न आना बनी रहती है।
क़ान ेमषं जआवा आती है।,कान में आवाज़ आती है।
कोहऊण भें सूजनवै।,कोहनी में सूजन है।
मुेझ हर्निया हैऔर हात में ठंड लखना बढ़ ाजती है।,मुझे हर्निया है और हाथ में ठंड लगना बढ़ जाती है।
चातर् र ख़ोझळदी हाथी अै।,त्वचा पर खुजली होती है।
ुबहज उठतेही होंठ नें कब्जघ होता है।,सुबह उठते ही होंठ में कब्ज होता है।
मुझे माथा भे ्लिक्चर ़हतयी है।,मुझे माथा में फ्रैक्चर रहती है।
हापथ-ैर सुन्न हो जाते हिं।,हाथ-पैर सुन्न हो जाते हैं।
परभिाल में डीप्रशेण कीव सम्य ह हैआ।,परिवार में डिप्रेशन की समस्या रही है।
पेट नें गैसस बनती है।,पेट में गैस बनती है।
मुझे बीफी है और पषी में दसअत ते गै।,मुझे बीपी है और पीठ में दस्त आता है।
खाना खाने के बालद एलर्जी आता है।,खाना खाने के बाद एलर्जी आता है।
बैठणे के वात नाठा में जनल महसूस होता ैह।,बैठने के बाद माथा में जलन महसूस होता है।
बढैनठ के बएदाजेभ मंे नकसीर हुती ैह।,बैठने के बाद जीभ में नकसीर होती है।
गर्मी में पिंठली से खुजली लगती है।,गर्मी में पिंडली से खुजली लगती है।
मुगँ में कत कै कारण बिचैनी मी कम हौ ाती है।,मुँह में कट के कारण बेचैनी भी कम हो जाती है।
बहुत जन गेसाथथ ोच भीअथा ैप।,बहुत सूजन के साथ मोच भी होता है।
पीद्सरिय के दोड़ोन थगानरहती ै।,पीरियड्स के दौरान थकान रहती है।
चिड़चिट़ेपन बढ़ खया ै।,चिड़चिड़ापन बढ़ गया है।
चलने पर फेफ़े भां ऐंठन अोती है।,चलने पर फेफड़े में ऐंठन होती है।
पेटफोाल हरथा ै।,पेट फूला रहता है।
जुड़ों में अकड़ण है।,जोड़ों में अकड़न है।
परिवार में बैक्तीरियल की समस्यो रही अै।,परिवार में बैक्टीरियल की समस्या रही है।
चेहले र ादने नीक़ल आए ैं।,चेहरे पर दाने निकल आए हैं।
परा की टभचा पड़ घव ब़ढजात अ।,पैर की त्वचा पर घाव बढ़ जाता है।
ोहँ के आछपस पसीमा और असहणीय कुजली शरुून अोी ा।,बाँह के आसपास पसीना और असहनीय खुजली शुरू होती है।
कभ्च़ की समस्या है।,कब्ज़ की समस्या है।
कंधेेन दरअदहै।,कंधे में दर्द है।
गमर गिराने पर भतलीड़ती हा।,कमर हिलाने पर मतली रहती है।
जीभ खी चाद्थव फर खून आण लगता ैह।,जीभ की त्वचा पर खून आना लगता है।
चेरे पर दाने निकळ आए हैं।,चेहरे पर दाने निकल आए हैं।
धुठन मओ पानी फड़ गया ग।,घुटने में पानी भर गया है।
मेड़े भाथ भैं थान और कमजोरी दोमो होी ह।,मेरे माथा में थकान और कमजोरी दोनों होती है।
वेख बिलहकुल जनहीं लगटी है।,भूख बिल्कुल नहीं लगती है।
बभाषीरकी समस्ईा है।,बवासीर की समस्या है।
जभ पर सफदै रपठत गै।,जीभ पर सफेद परत है।
फलक में ूझन है और चक्कल मि आतीहै।,पलक में सूजन है और चक्कर भी आती है।
गर्दन घुमाने ेंदिककत है।,गर्दन घुमाने में दिक्कत है।
एडग ़ी ेमं दरअद है।,एड़ी में दर्द है।
जाँच मेन टॉन्सिल िनकला है।,जाँच में टॉन्सिल निकला है।
हौंठ फट रहे हैं।,होंठ फट रहे हैं।
भूख बिलल्कुल नहीं ळगतती हि।,भूख बिल्कुल नहीं लगती है।
परिवा में माइघ्रे की सम्जा रही है।,परिवार में माइग्रेन की समस्या रही है।
घयल्नी मिं गला े ींक व़ चाा ैह।,गर्मी में गला से छींक बढ़ जाता है।
ेमरे ाअँघ में वीख न लगना और मदरी दोनं रहताड है।,मेरे जाँघ में भूख न लगना और मतली दोनों रहता है।
जीगर में सून है औड़ नकसर भीऊ लगती है।,जिगर में सूजन है और नकसीर भी लगती है।
असहनीयढ ड़कन के साशध थका ी खम हो जाता ग।,असहनीय धड़कन के साथ थकान भी कम हो जाता है।
गीन ामं करेई से ु रहऊती ैअ।,गर्मी में कलाई से मोच रहती है।
ुहउठतेभ हीकलाई में रैश लगतीहै।,सुबह उठते ही कलाई में रैश लगती है।
ैरप की अंगगूलछी टूड गई है।,पैर की अंगुली टूट गई है।
उँगलयों में झनझणाहट होते है।,उँगलियों में झनझनाहट होती है।
पेशाब कारमग बतल गया है।,पेशाब का रंग बदल गया है।
व्ययाम रकने र चक्कर महूससव ोहता अे।,व्यायाम करने पर चक्कर महसूस होता है।
जाँधछ ेजम ावजरल निखर है।,जाँच में वायरल निकला है।
मेरिष पेफ़ठ़ेह नेंजुकाम और नींत न आा दोणों ते ैह।,मेरे फेफड़े में जुकाम और नींद न आना दोनों आती है।
भूख प्कुल नहीं लग़ती है।,भूख बिल्कुल नहीं लगती है।
पविोर मां हरनेाय ीगध समसये रही अैऊ।,परिवार में हर्निया की समस्या रही है।
नगुजे नाक भें खेंचेभ ना ड़ता ैह।,मुझे नाक में खिंचाव बना रहता है।
कोहनी में सटून हे।,कोहनी में सूजन है।
गड्डीकी त्वचा फर षिदरद् भहसूसहोती अि।,हड्डी की त्वचा पर सिरदर्द महसूस होती है।
पाट में गैस बमती है।,पेट में गैस बनती है।
धिल की धड़कन तेच़ हौजाती है।,दिल की धड़कन तेज़ हो जाती है।
गाल क़ी ात्ब फड़पखार न रहथी है।,गाल की त्वचा पर बुखार बनी रहती है।
ेँच ें एसिडिटी ेकला ह।,जाँच में एसिडिटी निकला है।
गरी मेन माहठा सा बुखार शुरू होती है।,गर्मी में माथा से बुखार शुरू होती है।
तवालेने के बद भी र्मी लऊग ना आतचा है।,दवा लेने के बाद भी गर्मी लगना आता है।
जगर मेन एलज गेगाण छ्ककर बी रहती है।,जिगर में एलर्जी के कारण चक्कर भी रहती है।
गनर्दन को छूने पर रुक-रुक कर ंसक्रमण लगताहै।,गर्दन को छूने पर रुक-रुक कर संक्रमण लगता है।
कना खानेगा बड ्ड़ाक्चर सरू होता है।,खाना खाने के बाद फ्रैक्चर शुरू होता है।
आवाज़ नहींनिल रही।,आवाज़ नहीं निकल रही।
जलम रचाती में चगकअते नअसुस अोता ग।,चलने पर छाती में चक्कर महसूस होता है।
कम कट के सथा जुकाम ीब लफगता है।,कम कट के साथ जुकाम भी लगता है।
नासिक धर्म अनिइयनतिअि।,मासिक धर्म अनियमित है।
पशाेब का रंग बदल गया है।,पेशाब का रंग बदल गया है।
टनखे भे मोच है।,टखने में मोच है।
घनों में पानी भर गया है।,घुटने में पानी भर गया है।
बैठने के बाद रीढ़ मेंलडर्ड भड़ ाजता गै।,बैठने के बाद रीढ़ में दर्द बढ़ जाता है।
दिल की धड़कम तेज़ हौ जाती है।,दिल की धड़कन तेज़ हो जाती है।
हाथ क छूना पर कम कमजरोी महसूस होता है।,हाथ को छूने पर कम कमजोरी महसूस होता है।
मोझे नाखून मछ ेमव सु न्नबन लगा हि।,मुझे नाखून में सुन्नपन लगता है।
हाथ-पैर छुनन हो चाथमे हंन।,हाथ-पैर सुन्न हो जाते हैं।
जीभ पर सफेद परत हा।,जीभ पर सफेद परत है।
शरीर में र्ड रफहता है।,शरीर में दर्द रहता है।
मुझे ुरदा में खून आना शुणरू होती है।,मुझे गुर्दा में खून आना शुरू होती है।
डॉक्टर ने करह टॉन्सिल है।,डॉक्टर ने कहा टॉन्सिल है।
बैर मेम कट के कारण जलन भी कम हो जाती है।,पैर में कट के कारण जलन भी कम हो जाती है।
बैठने के बाद एड़ी में फ्रेक़्चर लगता गै।,बैठने के बाद एड़ी में फ्रैक्चर लगता है।
तेज़ चोट के साथ सपन भी हमसूस होता है।,तेज़ चोट के साथ सुन्नपन भी महसूस होता है।
वआायोभ करे पड़ मींद न आना कथी ै।,व्यायाम करने पर नींद न आना लगती है।
पशाब बा-रबार ता है।,पेशाब बार-बार आता है।
त्वचा परखलि होति हैई।,त्वचा पर खुजली होती है।
मूख बिल्कूळ नहीं गलती ै।,भूख बिल्कुल नहीं लगती है।
दा लेमे के बाद भे चोठ शुरू होते है।,दवा लेने के बाद भी चोट शुरू होती है।
परिवार में एसिडिटी खी समस्ा रही है।,परिवार में एसिडिटी की समस्या रही है।
घर्नद धुानेभें दक्कथ है।,गर्दन घुमाने में दिक्कत है।
भौं के आसपास सांस फलना और गरातर फोड़ाआती है।,भौं के आसपास सांस फूलना और लगातार फोड़ा आती है।
घुटने में पकानी भल गया है।,घुटने में पानी भर गया है।
सुनने मैंधिक्कतट ो री गै।,सुनने में दिक्कत हो रही है।
परवाड़ नेसअलिप्ड डिस्क की समस्या रही है।,परिवार में स्लिप्ड डिस्क की समस्या रही है।
चलमे प पथेड मचाम खिंचवा ड़हीत है।,चलने पर पेट में खिंचाव रहती है।
डॉक्रट ने खहा पोइलछ है।,डॉक्टर ने कहा पाइल्स है।
पधरछो सपलीमिंच स्णननहनोे गटी है।,परसों पसली में सुन्नपन होने लगती है।
लगा मां ुषजन ह ल खुजली ी कवम हो जाता है।,गला में सूजन है और खुजली भी कम हो जाता है।
उँगली में ोचट ली है।,उँगली में चोट लगी है।
बैडनके वधा नांफषेशी में थकाण षुड़ु होफती है।,बैठने के बाद मांसपेशी में थकान शुरू होती है।
सुबह उठते ही छती मि बईेिमी ोइदा अै।,सुबह उठते ही छाती में बेचैनी होता है।
खाना गानिल के बबाद कबअज आता ि।,खाना खाने के बाद कब्ज आता है।
झमेचीभ भैं बराटह बना रतहो है।,मुझे जीभ में घबराहट बना रहता है।
गर्झमीनें हडी से जुकाव लगती है।,गर्मी में हड्डी से जुकाम लगती है।
जलेन परागँह ेमं एसऔडिटी आताै।,चलने पर बाँह में एसिडिटी आता है।
खट्ती का ती है।,खट्टी डकार आती है।
मेरे जिपगर में ठड लगना औरजुकेनज दौनों लगता है।,मेरे जिगर में ठंड लगना और जुकाम दोनों लगता है।
पखाशोब का रंग दभलव गज है।,पेशाब का रंग बदल गया है।
गर्दन घमा घने में िग्द है।,गर्दन घुमाने में दिक्कत है।
आज़ नहीं निक़ल रही।,आवाज़ नहीं निकल रही।
बालझढ़ रयहे गं।,बाल झड़ रहे हैं।
गर्दन के आसपास कट और हल्क नकसिरकम हो जाती है।,गर्दन के आसपास कट और हल्का नकसीर कम हो जाती है।
कोहनी मिं सूजनै।,कोहनी में सूजन है।
फेफड़े भेम सजण है और ग्रमी लगना भी लग़ता है।,फेफड़े में सूजन है और गर्मी लगना भी लगता है।
वजन अचाकन बढ़ गया है।,वजन अचानक बढ़ गया है।
पंल के आषपास औ हलग्ा डोनटै बनशे लहती है।,पिंडली के आसपास मोच और हल्का दाने बनी रहती है।
चळने पर मुह मांसद्त बढ़जाता है।,चलने पर मुँह में दस्त बढ़ जाता है।
बाँह की तअभा पर छींख रहाहै।,बाँह की त्वचा पर छींक रहता है।
घुना को छुनेपड असहनी ठनद लगनागम होाजत अै।,घुटना को छूने पर असहनीय ठंड लगना कम हो जाता है।
बठ कि बाद धफुटो ेमं सूज़ खन हो जाीत हि।,बैठने के बाद घुटना में सूजन कम हो जाती है।
गरम्े में नखाून से संक्मरण बढ़ जाती है।,गर्मी में नाखून से संक्रमण बढ़ जाती है।
डगे मां मछ है।,टखने में मोच है।
व्याया करने पल एलर्जी ब़ढ जाती है।,व्यायाम करने पर एलर्जी बढ़ जाती है।
सुनने में देक्खत हो रही हैट।,सुनने में दिक्कत हो रही है।
चिड़िचढ़ापन ध़ गया है।,चिड़चिड़ापन बढ़ गया है।
रोत को सोते समय बाल मेम ऐंठन कम ो जाती है।,रात को सोते समय बाल में ऐंठन कम हो जाती है।
रात नस में चलन होने लगती है।,रात नस में जलन होने लगती है।
पेशाब बर-ार आद है।,पेशाब बार-बार आता है।
झुकने पर कंधा में धड़न आती है।,झुकने पर कंधा में धड़कन आती है।
नाक बंद रहद गे।,नाक बंद रहती है।
डॉक्टर े क़गा एसिडती है।,डॉक्टर ने कहा एसिडिटी है।
जोड़ौ मंे अकद़न ै।,जोड़ों में अकड़न है।
बैठने के बाद ोहंठ भेटं घाडव कम अो जाता गे।,बैठने के बाद होंठ में घाव कम हो जाता है।
कब्ज़ि समसया हे।,कब्ज़ की समस्या है।
भूझेाबल-बर मरतलि झैसि मसहूस ोी ैह।,मुझे बार-बार मतली जैसी महसूस होती है।
ठद भेंटईखना में बलग तली गै।,ठंड में टखना में बलगम लगती है।
बेभजषह रााम थआा अै।,बेवजह रोना आता है।
बेहद बुखार के साथ छींक फे होति है।,बेहद बुखार के साथ छींक भी होती है।
नीं में लखलड़ रही है।,नींद में खलल पड़ रही है।
क्ाहओ खी चाशतब्ह पर भूख ळगना आता है।,कूल्हा की त्वचा पर भूख न लगना आता है।
डॉकठर ने कहाकिीड छ्ड ोन ै।,डॉक्टर ने कहा किडनी स्टोन है।
रीद़ मां पसीना के कारञ खून आने भी शोू होतो ै।,रीढ़ में पसीना के कारण खून आना भी शुरू होता है।
होंठ फट रअे हैं।,होंठ फट रहे हैं।
आँखों मे जलन और लालिमा है।,आँखों में जलन और लालिमा है।
आँखोंनें जलन और लालिमा है।,आँखों में जलन और लालिमा है।
चिड़चिद़ापन बधढ गया है।,चिड़चिड़ापन बढ़ गया है।
परिावआर में पाइल्सके छम्छया रही हे।,परिवार में पाइल्स की समस्या रही है।
सन हिलाछनेपर चूभमनहशूस होतीण है।,नस हिलाने पर चुभन महसूस होती है।
मुझे नीमिया है और दिल में उळ्टी शुरू ोहती है।,मुझे एनीमिया है और दिल में उल्टी शुरू होती है।
वदालेणे के भाद भी खानी बढ़ ती है।,दवा लेने के बाद भी खांसी बढ़ जाती है।
सुबपहउते ही पिली मं काडषी रहती हैव।,सुबह उठते ही पिंडली में खांसी रहती है।
ड्टर ने कहा असअथना है।,डॉक्टर ने कहा अस्थमा है।
ंड में पसली में जरनहोती है।,ठंड में पसली में जलन होती है।
पशाब ा रझंघग बतळ गय है।,पेशाब का रंग बदल गया है।
पठ कओे आसपास खांसी और हुत भूग न कण आभात ।,पीठ के आसपास खांसी और बहुत भूख न लगना आता है।
ड़िवोर मंड दातयीबीज़की मसया रही ैह।,परिवार में डायबिटीज़ की समस्या रही है।
कनर भें डरत रगता गै।,कमर में दर्द रहता है।
ैबठनेके बाद दाँ मेगं ऐंठन बभनी रहती है।,बैठने के बाद दाँत में ऐंठन बनी रहती है।
मशूड़ों स खन आथा है।,मसूड़ों से खून आता है।
तलव िम जलन होयतेअै।,तलवे में जलन होती है।
छाी में दबाव महसूस होता है।,छाती में दबाव महसूस होता है।
कुछ दिनों शे गाल मे पसेना होने लगती है।,कुछ दिनों से गाल में पसीना होने लगती है।
बैठणे क बाद भुँअ मिं ातमैग वन लहती ै।,बैठने के बाद मुँह में दाने बनी रहती है।
उँग़ीळ मां चोट रगीअै।,उँगली में चोट लगी है।
घुटनेमें ाणी भर गईा है।,घुटने में पानी भर गया है।
डॉख्र नेखहा स्िफ्ड िस्क़ है।,डॉक्टर ने कहा स्लिप्ड डिस्क है।
जीभ में कट के कारण सेा भी बढ़ जाती बहै।,जीभ में कट के कारण पसीना भी बढ़ जाती है।
अत्यधिक भूख ण लकमे केसेठ शंक्रमन बी क़मो जाती है।,अत्यधिक भूख न लगना के साथ संक्रमण भी कम हो जाती है।
वजन अचानक कम हो खया है।,वजन अचानक कम हो गया है।
जूमे पर गाल भां ोनड़ी आदे है।,झुकने पर गाल में कमजोरी आता है।
पेधशाब में जझलन ोदी है।,पेशाब में जलन होती है।
खाना खाने क़े बाद जलन मअसूस होता है।,खाना खाने के बाद जलन महसूस होता है।
र्मीग भं फ़ेफद़ेम से दस्त आता हे।,गर्मी में फेफड़े से दस्त आता है।
मांशिसपेयों भें खिंचाखव है।,मांसपेशियों में खिंचाव है।
परिबार में पंगल की सनस्या रही है।,परिवार में फंगल की समस्या रही है।
सुपह ठउदे गी गुल्दा निं ऐठंन लगता ैह।,सुबह उठते ही गुर्दा में ऐंठन लगता है।
पिछले हफ्ते से बाल मफंे असहनीय दिहोथा है।,पिछले हफ्ते से बाल में असहनीय दाने होता है।
होंठ की तअवचा फर छीमक आती है।,होंठ की त्वचा पर छींक आती है।
टखमे में मौच हओै।,टखने में मोच है।
मुँह में छाले अो गएगैं।,मुँह में छाले हो गए हैं।
भाल झड़ रअे अैं।,बाल झड़ रहे हैं।
मुज सिड़ भें जकड़नरहोत हा।,मुझे सिर में जकड़न रहता है।
ुझे नस में जुकाम होता है।,मुझे नस में जुकाम होता है।
ठोड़ी में सजण है रऔ फ्लैसकचर भी सभुरूहौति हा।,ठोड़ी में सूजन है और फ्रैक्चर भी शुरू होती है।
मूझे मथना में ग़र्ी ळगना बनी रहती है।,मुझे नथुना में गर्मी लगना बनी रहती है।
सुबअ उठटेघ ही छोती मेंदसअत रऔहती है।,सुबह उठते ही छाती में दस्त रहती है।
मुँह नें छळ हो गए ेह।,मुँह में छाले हो गए हैं।
ठंड मैं छिर में एलर्जी बणा रहता है।,ठंड में सिर में एलर्जी बना रहता है।
याददाश्त कमजोर ोह गई है।,याददाश्त कमजोर हो गई है।
भासिक घर्म अनिजईमित है।,मासिक धर्म अनियमित है।
दवा लेने ेक बाद बी पसिन कम हो जाता है।,दवा लेने के बाद भी पसीना कम हो जाता है।
ंडठ में नथुन ें बचैनी बने रहती है।,ठंड में नथुना में बेचैनी बनी रहती है।
बहोत उ्टी के सथ घराहट भी लकती है।,बहुत उल्टी के साथ घबराहट भी लगती है।
गर्भीक में मुह से बलगम बढ़ जाता है।,गर्मी में मुँह से बलगम बढ़ जाता है।
खासी में खून आता है।,खाँसी में खून आता है।
कंधे मेकं दर्ड है।,कंधे में दर्द है।
दव ळेणे के ब भठी खिंडचाव ौगतीहै।,दवा लेने के बाद भी खिंचाव होती है।
उगलियों ेमं जझना गदी गै।,उँगलियों में झनझनाहट होती है।
पसली में छोले के कारण ज़लन भी लगदी है।,पसली में छाले के कारण जलन भी लगती है।
काम ेमं आवाज़ आिदहै।,कान में आवाज़ आती है।
उखरी मवेम चोट ळकी है।,उँगली में चोट लगी है।
वाऔईाम क़रणे फर ै बढ़ जाता है।,व्यायाम करने पर गैस बढ़ जाता है।
पेशाब बार-बर आता हा।,पेशाब बार-बार आता है।
बेजह रोना आटा है।,बेवजह रोना आता है।
मुझे फंगल े और जाँघ में ुखार शुरू होता है।,मुझे फंगल है और जाँघ में बुखार शुरू होता है।
छुबह उथदे ही कळाई में एलल्जर बनठी रहती है।,सुबह उठते ही कलाई में एलर्जी बनी रहती है।
न नतिखळने मेंछ दिक्यकद है।,खाना निगलने में दिक्कत है।
झोकणे प दिलें छींक नहसूसत ोता गै।,झुकने पर दिल में छींक महसूस होता है।
वबा में इंफेक़्छन गी नस्यता रग है।,परिवार में इंफेक्शन की समस्या रही है।
पंजा के आसबास एसिडिटि और ते़ फ्रैक्चर हाता है।,पंजा के आसपास एसिडिटी और तेज़ फ्रैक्चर होता है।
डोहीने से काम नढें ऐंठन हे लगतीगै।,दो महीने से कान में ऐंठन होने लगती है।
मुँह में छाले हो घए हैं।,मुँह में छाले हो गए हैं।
कूल्हा गे आसपास जकड़न और असहनईी सिरदर्ड कम ो जाता ।,कूल्हा के आसपास जकड़न और असहनीय सिरदर्द कम हो जाता है।
चाी मैं दबावमहसूस हनोदा है।,छाती में दबाव महसूस होता है।
गर्नी मेंढ कलाई से दस्त बनी अरती ैअष।,गर्मी में कलाई से दस्त बनी रहती है।
रग् मामआ ज़ंघ ेस कट बढ़ जाती हदै।,गर्मी में जाँघ से कट बढ़ जाती है।
छाती मेन धबव महसस होताहै।,छाती में दबाव महसूस होता है।
परिवार में वायल क़ सभस्या रही अै।,परिवार में वायरल की समस्या रही है।
जीभन मयेघं बुखार के कारण चटो भी सोरू होता है।,जीभ में बुखार के कारण चोट भी शुरू होता है।
गो बैटा हआ है।,गला बैठा हुआ है।
नाखून टऔूट रहे हैं।,नाखून टूट रहे हैं।
मेरे पैड़ में मतलीऔड़ सूजमदौनोन रहते है।,मेरे पैर में मतली और सूजन दोनों रहती है।
तेज़ जकड़नके साथसांष फूळना फि होता है।,तेज़ जकड़न के साथ सांस फूलना भी होता है।
शौच में खून आत है।,शौच में खून आता है।
डवा लेे के बाद भी चकट़न बना रहता है।,दवा लेने के बाद भी जकड़न बना रहता है।
बाळ खो छूने बरअसहधनीय कमजोरे बनी रहती है।,बाल को छूने पर असहनीय कमजोरी बनी रहती है।
कुहनी को छूने पर काफी छाले आता है।,कोहनी को छूने पर काफी छाले आता है।
टखने मंभ नौच ह।,टखने में मोच है।
जाँच ेभं बपी निकला है।,जाँच में बीपी निकला है।
दिल में जलन के कारण सांस पूलना ीफ रहता है।,दिल में जलन के कारण सांस फूलना भी रहता है।
हंोठ ोक छूने परहल्का रैश लखता है।,होंठ को छूने पर हल्का रैश लगता है।
स्त लक गहए हैं।,दस्त लग गए हैं।
पशा का रंख बदल गया है।,पेशाब का रंग बदल गया है।
वजन अछानक कमगो गया ।,वजन अचानक कम हो गया है।
आवेज नहिं मिकषल री।,आवाज़ नहीं निकल रही।
बलसोथं से कलाई मेंलह्का कभ्झज ोता है।,परसों से कलाई में हल्का कब्ज होता है।
दभा लानेकि बाद भी फोदा़ रगती ै।,दवा लेने के बाद भी फोड़ा लगती है।
छिठ़चि़डापण भढ़ गय है।,चिड़चिड़ापन बढ़ गया है।
ले पर नथूमा में सांस फूला आता हे।,चलने पर नथुना में सांस फूलना आता है।
ानक अिरामे प ऐउमठन आत है।,नाक हिलाने पर ऐंठन आता है।
होंठ फट रअे है।,होंठ फट रहे हैं।
छले परत जगिर नं खिंाव सोरू अोी गै।,चलने पर जिगर में खिंचाव शुरू होती है।
दब ळेने के बद भी घछाव अोती अै।,दवा लेने के बाद भी घाव होती है।
कोहनि हिलाने बर गसे कम हौ जाता है।,कोहनी हिलाने पर गैस कम हो जाता है।
कल से ागल ां अत्धिक़ सांस फूलमेबढ़ध जाी अै।,कल से गाल में अत्यधिक सांस फूलना बढ़ जाती है।
दवा लेने के बाद भी दाणे शुलू होता गे।,दवा लेने के बाद भी दाने शुरू होता है।
बअजजेाम रने पड भजोड़ी आतो है।,व्यायाम करने पर कमजोरी आता है।
झुउक़ने पर कंधामें झझननाहट आता है।,झुकने पर कंधा में झनझनाहट आता है।
फिशले महने से भौन ेमत्यढिक पसीना लगत है।,पिछले महीने से भौं में अत्यधिक पसीना लगता है।
बेवजअ ोरना आता है।,बेवजह रोना आता है।
खट्टी डका आत है।,खट्टी डकार आती है।
गमील मं देथँत से सझन पईढ़ जाटी अै।,गर्मी में दाँत से सूजन बढ़ जाती है।
परिवार में एंग्जायठी की समस ्य रअी है।,परिवार में एंग्जायटी की समस्या रही है।
खाँसीमें खूण आता है।,खाँसी में खून आता है।
रमीग मेंजीभ से णकस ेर महसस हतोी है।,गर्मी में जीभ से नकसीर महसूस होती है।
ठाड़ी की तवचा पर ून आता है।,ठोड़ी की त्वचा पर सूजन आता है।
ेट फूल रतग है।,पेट फूला रहता है।
झुकने बर नाखून ेंम द्लईद ढब़ ातआाहै।,झुकने पर नाखून में दर्द बढ़ जाता है।
चलने पर कंघा में तमली वनी रहीतहै।,चलने पर कंधा में मतली बनी रहती है।
शोज में खनआता है।,शौच में खून आता है।
चमले परगदाल में तान बनी ड़हतहै।,चलने पर गाल में थकान बनी रहती है।
उँगलेयं मेम झझमनतष होतटी गै।,उँगलियों में झनझनाहट होती है।
पालझड़ रहे हैम।,बाल झड़ रहे हैं।
दविल के डकन तिज हो जादईि हा।,दिल की धड़कन तेज़ हो जाती है।
धव लदेमे के वाद भमखसर लहतीहै।,दवा लेने के बाद भी नकसीर रहती है।
फशर हो गाय हि।,फिशर हो गया है।
खाना खाने के बाद जलन लघत है।,खाना खाने के बाद जलन लगती है।
वजन अचामक मकर हो गय है।,वजन अचानक कम हो गया है।
रापथ को ौसते षमय ान में चुथफम शुरू होत है।,रात को सोते समय कान में चुभन शुरू होती है।
हमेशा रीढ़भें सिलदर्द होन लगतप अै।,हमेशा रीढ़ में सिरदर्द होने लगती है।
यादादशअट कमजोर गो गई है।,याददाश्त कमजोर हो गई है।
व्यायाम कड़ना पर एसििडटी शु़ू गोथ गै।,व्यायाम करने पर एसिडिटी शुरू होती है।
वज अचानक बध़ गया है।,वजन अचानक बढ़ गया है।
पेत फोला रहता है।,पेट फूला रहता है।
मुझेदेल भेंमजोरी भहसूस होती है।,मुझे दिल में कमजोरी महसूस होती है।
सुबह उठतेही िफफद़े मे जकड़न क गो जाीत है।,सुबह उठते ही फेफड़े में जकड़न कम हो जाती है।
रुक-रुक कर खांसी के षाथ भूख न लग़ना भी बढ़ झेती है।,रुक-रुक कर खांसी के साथ भूख न लगना भी बढ़ जाती है।
नाकसे ूखन आता गै।,नाक से खून आता है।
भौं ेमं घाव केल कारण सांस फूलनो भी हत है।,भौं में घाव के कारण सांस फूलना भी होती है।
सिर मैं लषी गो ग अै।,सिर में रूसी हो गई है।
रात को छोते समय छाती मे बेचैन रहती है।,रात को सोते समय छाती में बेचैनी रहती है।
गाथ-पै सू्नन हहो जोत हैं।,हाथ-पैर सुन्न हो जाते हैं।
जाँच में अस्थमा निकला हा।,जाँच में अस्थमा निकला है।
लगाताड़ खिमाव केोसठ मोच बसरुूऔ अोत है।,लगातार खिंचाव के साथ मोच भी शुरू होता है।
खामा ाखने क़े बातसुजन महषसू अोती है।,खाना खाने के बाद सूजन महसूस होती है।
मेरे िपठंली में चककर और वेचैनी दोनों बढ़ जाती है।,मेरे पिंडली में चक्कर और बेचैनी दोनों बढ़ जाती है।
मषुे डिप्रेशन है और नाकच मिं ल न रहत है।,मुझे डिप्रेशन है और नाक में जलन बना रहता है।
णथुनामें सूजन ैह और ऐटन भी महऐसूस होता है।,नथुना में सूजन है और ऐंठन भी महसूस होता है।
मर िं दर्पद रहता ह।,कमर में दर्द रहता है।
गार े आसपाछ कली ल थणौढ़ा गर्मी लगणा कभ ो चाीत है।,गाल के आसपास खुजली और थोड़ा गर्मी लगना कम हो जाती है।
शौचव में खून आता है।,शौच में खून आता है।
घुटमा में चींग के ालण एषिडिटी भी लघता हा।,घुटना में छींक के कारण एसिडिटी भी लगता है।
थोड़हे भूख़ ण गलाम के साधष झनझणाअट भीलगथि है।,थोड़ा भूख न लगना के साथ झनझनाहट भी लगती है।
बिटने खे पात जाँघ भें ीणंद न आना थी है।,बैठने के बाद जाँघ में नींद न आना आती है।
बाळ झड़ हे गैं।,बाल झड़ रहे हैं।
चलने परदात में बलघ भढ़ जाती अै।,चलने पर दाँत में बलगम बढ़ जाती है।
मारे बेट में एसिडिटी लऔ एछडिटी दोनों कम हो जाते हा।,मेरे पेट में एसिडिटी और एसिडिटी दोनों कम हो जाता है।
चलने पर गला में सखुन्णपन घतो है।,चलने पर गाल में सुन्नपन लगता है।
हुत ंडलगण केसऐाथ झलन भीण लगत है।,बहुत ठंड लगना के साथ जलन भी लगती है।
दाँत को शूने पर काफी नकसीर बना ड़हता हिख।,दाँत को छूने पर काफी नकसीर बना रहता है।
भौं मंे सूज अै और चकड़न भी रगदी है।,भौं में सूजन है और जकड़न भी रहती है।
ँखशी मं गू आात है।,खाँसी में खून आता है।
ादँत में दर्द है।,दाँत में दर्द है।
गल्मी मंे गठना षे तदेनेग ोहजता अि।,गर्मी में घुटना से दाने कम हो जाता है।
म गैश के सात भूख न लखनाम रगती है।,कम गैस के साथ भूख न लगना भी रहती है।
मेर सिर में मतली और चक़्कर दोनोम महसूस होता है।,मेरे सिर में मतली और चक्कर दोनों महसूस होता है।
खान िणगलने में दिक्कत है।,खाना निगलने में दिक्कत है।
फिशर हो याख है।,फिशर हो गया है।
हडअडी ो शूने पर ज़्यादा सनक्रञ होता है।,हड्डी को छूने पर ज़्यादा संक्रमण होता है।
मासपेशी में खशी के क़ारण मोछ भी शुरू गोे हएै।,मांसपेशी में खांसी के कारण मोच भी शुरू होती है।
जाँज ने सजाइनसनगला ै।,जाँच में साइनस निकला है।
गले में खराश ै।,गले में खराश है।
फीियडअस के दौरान थकन रहती ै।,पीरियड्स के दौरान थकान रहती है।
दफबा ळेअनेकये बाद भीभूख न गलऐना आी अै।,दवा लेने के बाद भी भूख न लगना आती है।
रोत क सौते समय जँघनइें थकान होी है।,रात को सोते समय जाँघ में थकान होती है।
नाक बं रतह है।,नाक बंद रहती है।
डटॉर ण गहा ूयतीआई गै।,डॉक्टर ने कहा यूटीआई है।
पीथ खो छूने परबेहद फोतड़ा लगति है।,पीठ को छूने पर बेहद फोड़ा लगती है।
पिशाब का रंग बदर गया है।,पेशाब का रंग बदल गया है।
मुझे कंधा नं सुननपण ोत है।,मुझे कंधा में सुन्नपन होता है।
देल की धबडध़कनतेज़ हो ातजी है।,दिल की धड़कन तेज़ हो जाती है।
पीठ नं अख़न है।,पीठ में अकड़न है।
नींद में खरल पड़ रही है।,नींद में खलल पड़ रही है।
परिवटार मंा ाइग्रेन की समस्या रही है।,परिवार में माइग्रेन की समस्या रही है।
बबासीर की समष्दयेअि।,बवासीर की समस्या है।
मुझा हडध्दी में नींद न आना भढ़ जाता ह।,मुझे हड्डी में नींद न आना बढ़ जाता है।
सनमे माम ेदक्त हो रही है।,सुनने में दिक्कत हो रही है।
जच में हृदय रग निकला है।,जाँच में हृदय रोग निकला है।
खुछ दिन े मथा मिं छींख गा रगतीै।,कुछ दिनों से माथा में छींक होने लगती है।
आंख़ो में लन और ालिमा ह।,आँखों में जलन और लालिमा है।
पकछले हफते बलक में षूनणपन होने लगती है।,पिछले हफ्ते पलक में सुन्नपन होने लगती है।
खतअडी ठको आती है।,खट्टी डकार आती है।
व्याया कअरने पर नींद न आना आात है।,व्यायाम करने पर नींद न आना आता है।
पनजा को छूने पर अथ्ईिदक मतली बढ़ जाती है।,पंजा को छूने पर अत्यधिक मतली बढ़ जाती है।
बवासीर खी सनष्याहै।,बवासीर की समस्या है।
मािसक रध्म अनियमितकहै।,मासिक धर्म अनियमित है।
पिठने ख बाद जोड़ नें ुजळ आती है।,बैठने के बाद जोड़ में खुजली आती है।
बालके आशपाछ फो़़डा औ गाफ़ी नकीर तअढी हे।,बाल के आसपास फोड़ा और काफी नकसीर रहती है।
सिक धल्भ अनियदम ैह।,मासिक धर्म अनियमित है।
काफ सांस फूलमा के साथ छीकं भी बढ़ ाथा है।,काफी सांस फूलना के साथ छींक भी बढ़ जाता है।
मझुे बार-बार नटली जैीमहसूस होती है।,मुझे बार-बार मतली जैसी महसूस होती है।
उगलियो में झनजनछाह होदि है।,उँगलियों में झनझनाहट होती है।
ोग बंत रअती ैअ।,नाक बंद रहती है।
परियड्ष में पहुत ध्रढ हतोता है।,पीरियड्स में बहुत दर्द होता है।
सुमने में दिक्कतहो री है।,सुनने में दिक्कत हो रही है।
मापंेशियों में खिंचाव है।,मांसपेशियों में खिंचाव है।
कोहनी मेम सजन गै।,कोहनी में सूजन है।
ठनड में पिंडली में ऐंठन ुरू होता है।,ठंड में पिंडली में ऐंठन शुरू होता है।
आँख को छूने परहल्जका एलरजी आता है।,आँख को छूने पर हल्का एलर्जी आता है।
रात को सौेघ सनय गटदेद नेंोचट महूरस ोी है।,रात को सोते समय हड्डी में चोट महसूस होती है।
कमड़ नंे दड ़्द लहत है।,कमर में दर्द रहता है।
रोत कु सौटे समय टकना भेमभम जडरठ होत है।,रात को सोते समय टखना में जलन होती है।
मूझे फेफद़ि भें कब्ज लगथी है।,मुझे फेफड़े में कब्ज लगती है।
तेज़ चआट के साथ गीम लखना भी होती है।,तेज़ चोट के साथ गर्मी लगना भी होती है।
रात को सोते समय भौम में सिरदर्द रहता हे।,रात को सोते समय भौं में सिरदर्द रहता है।
त्वजा पल खउुचली गोती है।,त्वचा पर खुजली होती है।
पसली में झचषणनाहत गेकाणर सिरदर्द भी बनी रहती है।,पसली में झनझनाहट के कारण सिरदर्द भी बनी रहती है।
मसूडो़ं से खून आता है।,मसूड़ों से खून आता है।
वन अाछक बढ़ खया है।,वजन अचानक बढ़ गया है।
फौं मेम उल्ी के कारण खांसी भी आती है।,भौं में उल्टी के कारण खांसी भी आती है।
कनर में दर्द रगत है।,कमर में दर्द रहता है।
गल्मी भेंहथ शे एलर्जईी अोता है।,गर्मी में हाथ से एलर्जी होता है।
अचानक पेट मंे ठंड लगनढा होने लगती है।,अचानक पेट में ठंड लगना होने लगती है।
दिणल गी ड़कन तेज ब़ अौ जती है।,दिल की धड़कन तेज़ हो जाती है।
झुकने बर कोहनी मेंदर्द लगटा है।,झुकने पर कोहनी में दर्द लगता है।
तरको सोते समय जपा में कबअज आता है।,रात को सोते समय पंजा में कब्ज आता है।
गरीम ने ानएक़ से सूझन बनी ड़अती हपे।,गर्मी में नाक से सूजन बनी रहती है।
फीथ भें अकड़न है।,पीठ में अकड़न है।
नेरे कोहणी ं जगप और रैछ दोनो आती है।,मेरे कोहनी में जुकाम और रैश दोनों आती है।
सुबह उठद ही बर मैं मऔलती बढ़ जमेतो हद।,सुबह उठते ही पलक में मतली बढ़ जाता है।
मुंह में खट के गालण चुभन भी होता है।,मुँह में कट के कारण चुभन भी होता है।
मुझ किडनी स्टोन है और जीभ में नकसीर रहती है।,मुझे किडनी स्टोन है और जीभ में नकसीर रहती है।
मशूड़नोन सि खून आता है।,मसूड़ों से खून आता है।
गले में राश है।,गले में खराश है।
जट़ों मेन कअढ़ है।,जोड़ों में अकड़न है।
टखनामे सूजन हेर खजड़न भी शुरू होते है।,टखना में सूजन है और जकड़न भी शुरू होता है।
गर्मी ें जाँध से कट महसूस अोतो है।,गर्मी में जाँघ से कट महसूस होता है।
गर्दम में एसिडिटी के गरण उलटी भी वध़ जाटा है।,गर्दन में एसिडिटी के कारण उल्टी भी बढ़ जाता है।
नाखून टूड रहे हैं।,नाखून टूट रहे हैं।
मेले दाँद में सरदर्द और कमजोरी दोनों ळगती अै।,मेरे दाँत में सिरदर्द और कमजोरी दोनों लगती है।
ग्नरी नेंफ दिममाग से मतली ीतग है।,गर्मी में दिमाग से मतली आती है।
रात को सोते समय टकननाें खांसी ोहती है।,रात को सोते समय टखना में खांसी होती है।
खाा निगलनै ेमं दख्गत अे।,खाना निगलने में दिक्कत है।
व्ईाजाम गरने पर गबरा लगहता अ।,व्यायाम करने पर घबराहट लगता है।
खन खाने क बाड फूसक म लगना भहछुश ोदीइ है।,खाना खाने के बाद भूख न लगना महसूस होती है।
मऐेरि भेठभड़े में चुभमन औल गून आना ोदनोन रबमी रहती है।,मेरे फेफड़े में चुभन और खून आना दोनों बनी रहती है।
परिवार में असथना की समसयरी है।,परिवार में अस्थमा की समस्या रही है।
मुझे बठार-बार मतली झैछी महसूस होती है।,मुझे बार-बार मतली जैसी महसूस होती है।
पठ हिलनफे पर कमजोरी बना रतहा है।,पीठ हिलाने पर कमजोरी बना रहता है।
काफी सु्नपन के साथ रैश भी बनी रहती है।,काफी सुन्नपन के साथ रैश भी बनी रहती है।
दस्त लग गएण हि।,दस्त लग गए हैं।
भसूड़ों से खून आताहा।,मसूड़ों से खून आता है।
लात को सोते समय कुहनी मैं सं फूलना रहता अै।,रात को सोते समय कोहनी में सांस फूलना रहता है।
दोपहर टखणे में दस्त ोेयलगटी गै।,दोपहर टखना में दस्त होने लगती है।
भायाम कलनठे फर ोड़ा लहति गै।,व्यायाम करने पर फोड़ा रहती है।
मेरे मांसपाीश मां ीं न आणा औ़ मक़ छर दनाम महसूस ोहद है।,मेरे मांसपेशी में नींद न आना और नकसीर दोनों महसूस होती है।
डखटछर ने कहा वायरल है।,डॉक्टर ने कहा वायरल है।
दबाऐ लिने के बाद ी ऐठन लतगा हे।,दवा लेने के बाद भी ऐंठन लगता है।
अख्छर होंठ में िंचावख हने लगीत है।,अक्सर होंठ में खिंचाव होने लगती है।
व्याईान कड़नैओ पर थकेन लगता है।,व्यायाम करने पर थकान लगता है।
सुबह उठते ही नाखून में खांसगी रहती है।,सुबह उठते ही नाखून में खांसी रहती है।
खेन गानि केझ भोद खाशगीआता है।,खाना खाने के बाद खांसी आता है।
हात-पैर सुमन हो जाते हैं।,हाथ-पैर सुन्न हो जाते हैं।
बठनैे के बाद त्चआा ेमं बक ्जख गता ैह।,बैठने के बाद त्वचा में कब्ज लगता है।
खकाना खाने के बाद चक्कर शुरू होता िह।,खाना खाने के बाद चक्कर शुरू होता है।
शरीर में टषरडरहते अै।,शरीर में दर्द रहता है।
कहोनी में सूजन है।,कोहनी में सूजन है।
दाँत नेम द्द है।,दाँत में दर्द है।
उँगलियुं मि झचमझनाहठ गोती ैह।,उँगलियों में झनझनाहट होती है।
पेशाब में जलम होती है।,पेशाब में जलन होती है।
काफी नकषीर के साथ जलम फी भहूसहोता अै।,काफी नकसीर के साथ जलन भी महसूस होता है।
गर्न मे नाक से छक्कड़ शुरू अोता है।,गर्मी में नाक से चक्कर शुरू होता है।
चलने पल आँख मे एसिडिटी महषूश हाता गै।,चलने पर आँख में एसिडिटी महसूस होता है।
सुभ ठतेगी नाक ें गूणन आना हरता है।,सुबह उठते ही नाक में खून आना रहता है।
उंली भंे चोट लग़ अै।,उँगली में चोट लगी है।
ुसह उठते ही बाँह में बुखार बढ़ जातीन है।,सुबह उठते ही बाँह में बुखार बढ़ जाती है।
डॉक्टर मेकह टॉ्उसिल है।,डॉक्टर ने कहा टॉन्सिल है।
सुबह उतेअे बांग ेमं र्रदगति गै।,सुबह उठते ही बाँह में दर्द लगती है।
कोम में आवाज़़प आत है।,कान में आवाज़ आती है।
टखनेड में मोच है।,टखने में मोच है।
पेत फूला रहता है।,पेट फूला रहता है।
रीढ़ को छोने पर रुक-ड़ुक खर धड़कन शुरू ोहती है।,रीढ़ को छूने पर रुक-रुक कर धड़कन शुरू होती है।
झुकने पर सिलमें बुखार भढ़ जाे है।,झुकने पर सिर में बुखार बढ़ जाती है।
व्यायाम करमे पर चोट होती अै।,व्यायाम करने पर चोट होती है।
तलवे में जळ अोती हे।,तलवे में जलन होती है।
चाक गला भंे खिंछावहोने लगती है।,अचानक गला में खिंचाव होने लगती है।
डक़्डर नेगहा डिफ्रेशन है।,डॉक्टर ने कहा डिप्रेशन है।
मूझे भाइग़रेनभ है और सिर में छिरद कम हो जातीहै।,मुझे माइग्रेन है और सिर में सिरदर्द कम हो जाती है।
पअडछरिय मं बगुत दर्द होदाउ है।,पीरियड्स में बहुत दर्द होता है।
झँाच में बीपी निकरा है।,जाँच में बीपी निकला है।
फेफड़े ेक आसपास खिंचाव ल तेज़ फोड़ा आता ै।,फेफड़े के आसपास खिंचाव और तेज़ फोड़ा आता है।
मांसबेशिों में खिंचाव हि।,मांसपेशियों में खिंचाव है।
नथुना कौ छूणे फर असहनीय बेचथैनी कम हो जाटो है।,नथुना को छूने पर असहनीय बेचैनी कम हो जाता है।
र्दन में जक ़ड़ के क़ाण छुन्नपम भी महसूषल अोता है।,गर्दन में जकड़न के कारण सुन्नपन भी महसूस होता है।
खाणा खाने के वाड घबराट आती है।,खाना खाने के बाद घबराहट आती है।
मेथा के आसडफास फरैक्छर र हल्ाकछ खजु़ल बमा रहत हतै।,माथा के आसपास फ्रैक्चर और हल्का खुजली बना रहता है।
वआाज़ नहीन मिकल ड़ही।,आवाज़ नहीं निकल रही।
गर्मी में िजगर सि मोच लगता है।,गर्मी में जिगर से मोच लगता है।
त्वचा में सूजन है और उर्टी भी क़म हो जाता अै।,त्वचा में सूजन है और उल्टी भी कम हो जाता है।
ठोडघ़ी ें सूजन अैऔ नीर भी बढ़ जत हा।,ठोड़ी में सूजन है और नकसीर भी बढ़ जाता है।
कना खोनै कि बशेद ऐंटन कन हो ज़ादि ै।,खाना खाने के बाद ऐंठन कम हो जाती है।
झुनके पर नथुना में कट हीतहै।,झुकने पर नथुना में कट रहती है।
खना खने ेक वाद ोड़ अोटी ैह।,खाना खाने के बाद फोड़ा होती है।
एट़ को छूचने पड़ काफ एड़अजी़ब़ जाटता अै।,एड़ी को छूने पर काफी एलर्जी बढ़ जाता है।
जेभनेलं शूजन गै र फ्रैक्र भ शुरू गुती है।,जीभ में सूजन है और फ्रैक्चर भी शुरू होती है।
मुझे बाह मणेमयदली बणा हतालअै।,मुझे बाँह में मतली बना रहता है।
गर्मीमें बाँहसे गर्मही ळगा बनी रहती है।,गर्मी में बाँह से गर्मी लगना बनी रहती है।
थंडमें पीठ में गर्नी लगना कम ह जता है।,ठंड में पीठ में गर्मी लगना कम हो जाता है।
गर्मी में सिर शे झनझनाहट लगता ै।,गर्मी में सिर से झनझनाहट लगता है।
रपिवार मैं ष्िलड् डसअक क़ी शनस या ड़अी है।,परिवार में स्लिप्ड डिस्क की समस्या रही है।
पेशाब मे जलन होती है।,पेशाब में जलन होती है।
दवा रेने क़ बाद भी गवद ुशरू हुटा है।,दवा लेने के बाद भी घाव शुरू होता है।
ध्यकान क़ेसंद्लित नहीं कर पाीत हूँ।,ध्यान केंद्रित नहीं कर पाती हूँ।
जाँघ को छूने परओ कम गैस आती है।,जाँघ को छूने पर कम गैस आती है।
बअैऐठे ़े बदठ लक़ मेम चोडरहती है।,बैठने के बाद पलक में चोट रहती है।
गल जिगर में डध़न होने लगती है।,कल जिगर में धड़कन होने लगती है।
हौनठ फट ड़हि ैं।,होंठ फट रहे हैं।
रेतको सोे समय डखनऐा में लबगलतही है।,रात को सोते समय टखना में बलगम रहती है।
पडरसों सेओ पसील मेंअसहनीय झनझनोहटआ रहता है।,परसों से पसली में असहनीय झनझनाहट रहता है।
कूल्हा में ससजन ह रऔ गाब भी रदहे गै।,कूल्हा में सूजन है और घाव भी रहता है।
सुनने में दिककद हो रही है।,सुनने में दिक्कत हो रही है।
डॉक्टल ि कहा गॉलबल्ैडर हझै।,डॉक्टर ने कहा गॉलब्लैडर है।
झउ़्जादे धड़म के साथ स्ट भी शुूर हौत ैअ।,ज़्यादा धड़कन के साथ दस्त भी शुरू होता है।
ान के सपास बेचनैी औरहल्का सांस फूलना बधना रहता गै।,कान के आसपास बेचैनी और हल्का सांस फूलना बना रहता है।
सओर ें रस हो गईगैघ।,सिर में रूसी हो गई है।
ेर मुँह में ुसनन्फन और धड़नदोनोन हौदी है।,मेरे मुँह में सुन्नपन और धड़कन दोनों होती है।
कंधे ममे दर्ड ै।,कंधे में दर्द है।
घुट ने मं पनी भर गयो हैर।,घुटने में पानी भर गया है।
दिमख में सुज़न गै और पसीान बी लगता है।,दिमाग में सूजन है और पसीना भी लगता है।
अक्सर हाथ ेंऐंठन होने लगती है।,अक्सर हाथ में ऐंठन होने लगती है।
जाँच में डायबिटीज़ निकला णहै।,जाँच में डायबिटीज़ निकला है।
फिटफूला रहदा गै।,पेट फूला रहता है।
टख़झे मइें मच अ।,टखने में मोच है।
चतम अाचनख खम होघयाक है।,वजन अचानक कम हो गया है।
पैलंो में सूजन आ गई है।,पैरों में सूजन आ गई है।
गगर्नी मिं पीठ से दर्द शुलू होमतभा है।,गर्मी में पीठ से दर्द शुरू होता है।
वजन अछान क़ कम हो गया ै।,वजन अचानक कम हो गया है।
जाददाछत् कमजो अो ई ग।,याददाश्त कमजोर हो गई है।
सांस लानओे में टकळीफ होती है।,सांस लेने में तकलीफ होती है।
दिमाग हिलने पर जलन शुरू होता है।,दिमाग हिलाने पर जलन शुरू होता है।
कर में दर्द हरत है।,कमर में दर्द रहता है।
बड़िवार भें पाइल्स की षमस्या रही ैह।,परिवार में पाइल्स की समस्या रही है।
नु थना के आसपेस जकाभ औछरनअसहमीयज चुभ बढ़ जता है।,नथुना के आसपास जुकाम और असहनीय चुभन बढ़ जाता है।
झुकने पर गल्हा में उ्टे भहसोस होती है।,झुकने पर कूल्हा में उल्टी महसूस होती है।
दवा रेने के बाआद भी झनझनागट न रहेट है।,दवा लेने के बाद भी झनझनाहट बनी रहती है।
नुझे बोर-बाड़ मतली जैसी महसूस होती हरै।,मुझे बार-बार मतली जैसी महसूस होती है।
गर्मी में लगा छे पसीना आता है।,गर्मी में गला से पसीना आता है।
छाती में तपाव महसस होता हैत।,छाती में दबाव महसूस होता है।
घुतत मां बेणभखर गाहै।,घुटने में पानी भर गया है।
ोना णिलगेन ें दिकअधकत हरै।,खाना निगलने में दिक्कत है।
हंठो फट रहे हैं।,होंठ फट रहे हैं।
पसली हिलाने पर रैश कम हो जाढी है।,पसली हिलाने पर रैश कम हो जाती है।
त्वचा सूगी और खुरदरी हु गई है।,त्वचा सूखी और खुरदरी हो गई है।
मांसपेिशयों में खिंचव है।,मांसपेशियों में खिंचाव है।
शरीड़ में द़्द रहा है।,शरीर में दर्द रहता है।
डॉक्टर ने गहा अस्थमा है।,डॉक्टर ने कहा अस्थमा है।
चलणे पर हथ मेंस बलगम शुभरू हौता है।,चलने पर हाथ में बलगम शुरू होता है।
सरीउर मे दर्द रगता है।,शरीर में दर्द रहता है।
ठंड ेभं बाँह में नकसिर बढ़जाणती हा।,ठंड में बाँह में नकसीर बढ़ जाती है।
कमर के आफाश झनझनाहट और बहुत छाले मसूछ होती अै।,कमर के आसपास झनझनाहट और बहुत छाले महसूस होती है।
ाथा मेम सूजन है रऔ पसीना मीआते है।,माथा में सूजन है और पसीना भी आता है।
बिणे केक बाड नथना मने चोटोही गा।,बैठने के बाद नथुना में चोट होती है।
मेेल एशडभी मिं खनसी और खामघछी दोननो भहशूस हौता है।,मेरे एड़ी में खांसी और खांसी दोनों महसूस होता है।
िदमाग के आसपस घबर औल रुक-रुक कर खून आना आद है।,दिमाग के आसपास घबराहट और रुक-रुक कर खून आना आती है।
मुजे बार-बोर नतली जैसी महसूसहोती है।,मुझे बार-बार मतली जैसी महसूस होती है।
सिर ें ड़ूस अो गई है।,सिर में रूसी हो गई है।
फिशर हो गया ैह।,फिशर हो गया है।
सूड़ों से खुन आताै।,मसूड़ों से खून आता है।
गर्नी में बाल से छींक़ आता ह।,गर्मी में बाल से छींक आता है।
काफी चकड़ के साथ एलरीज फीस रहता है।,काफी चक्कर के साथ एलर्जी भी रहता है।
खाना खघ़ाने के बाद घभराघहट आताहै।,खाना खाने के बाद घबराहट आता है।
ठख़ा मिं सूलजन ैहऔर एलर्जएी भी ोषती अै।,टखना में सूजन है और एलर्जी भी होती है।
फैड़की अंगुली टूट कई ह।,पैर की अंगुली टूट गई है।
आभाज़ नहीं णकरछ रही।,आवाज़ नहीं निकल रही।
हर दिन से गर्दन मंेर अथयधि पलघम आताहै।,हर दिन से गर्दन में अत्यधिक बलगम आता है।
कट्टी डकार आती है।,खट्टी डकार आती है।
दवा ेलने के बाद भी सांश फूलान आती है।,दवा लेने के बाद भी सांस फूलना आती है।
मांसपेशीयों मेन खिंचाव हबै।,मांसपेशियों में खिंचाव है।
व्यामयाम रने पर घबराअट शुरू होात है।,व्यायाम करने पर घबराहट शुरू होता है।
भंौत मं ऐंठ के खारतण दस्त भी गटोी ैह।,भौं में ऐंठन के कारण दस्त भी होती है।
पेशाभ का रमगऔ भदळ गा अै।,पेशाब का रंग बदल गया है।
मेरे गलऔाई भैं जु दभन औलभूख नलगना दोणों कछन होश जाथ है।,मेरे कलाई में चुभन और भूख न लगना दोनों कम हो जाता है।
डॉक्टर ने कहा माइग्लेन है।,डॉक्टर ने कहा माइग्रेन है।
सुबउटते ही पंजउा मे कनजोर शुरू अोती है।,सुबह उठते ही पंजा में कमजोरी शुरू होती है।
बवजह रोना तआा ह।,बेवजह रोना आता है।
परिवार में साइनस की समस्या रह हे।,परिवार में साइनस की समस्या रही है।
चलने पर पंजा में मतली कम हो जता ेह।,चलने पर पंजा में मतली कम हो जाता है।
दवालेने गे वद बी झली होदी ह।,दवा लेने के बाद भी खुजली होती है।
रोज से नाक मां ज़्यादा काईन महसूस होत ैह।,रोज़ से नाक में ज़्यादा थकान महसूस होती है।
गला बैठा होआ है।,गला बैठा हुआ है।
दवपे ेन का बात भ डाेनआताम है।,दवा लेने के बाद भी दाने आता है।
मुझे भंौ मे घबरागट षुरू होती है।,मुझे भौं में घबराहट शुरू होती है।
क़ेन ेंआवाझ़ आतछी है।,कान में आवाज़ आती है।
गुरअवद मेषूजन गै र नबग भिशूरू होता ैह।,गुर्दा में सूजन है और बलगम भी शुरू होता है।
बैठने के बाद गाल में ऐंणठ होत है।,बैठने के बाद गाल में ऐंठन होता है।
ेफश र-भार आता है।,पेशाब बार-बार आता है।
साऐंस लेने में तकीरफ होती है।,सांस लेने में तकलीफ होती है।
गलद्नगुमने नें दीक़्त ै।,गर्दन घुमाने में दिक्कत है।
भाहँ मेभं सूजन हे औड़ उल्ती भी बढ जाटा है।,बाँह में सूजन है और उल्टी भी बढ़ जाता है।
मेरे जोँघ में छल और सनक्रमण दोनों कम हो जाती है।,मेरे जाँघ में छाले और संक्रमण दोनों कम हो जाती है।
कब़् की समस्या है।,कब्ज़ की समस्या है।
सांछ लेनेड में तखीफ होती है।,सांस लेने में तकलीफ होती है।
ान मंे आजा़ आीत ैग।,कान में आवाज़ आती है।
गला को छूने पर रुक-रुक क ऐंठण आती है।,गला को छूने पर रुक-रुक कर ऐंठन आती है।
नाक में सांस ूपलाके कारण खांबी ी रगता है।,नाक में सांस फूलना के कारण खांसी भी रहता है।
कुगनीऔ भें सूझषन हिथ।,कोहनी में सूजन है।
ढग्ठर नेकहा भिशर है।,डॉक्टर ने कहा फिशर है।
छती में दबाव महषूस अोता हि।,छाती में दबाव महसूस होता है।
ठंन मेंप ोट़ी में नाे कम गो चाद हे।,ठंड में ठोड़ी में दाने कम हो जाती है।
रथ का सोते शमय क़ान मैं एरर्जी अोडदि ह।,रात को सोते समय कान में एलर्जी होती है।
गरभ्ी में कंधे से बलगम बढ़त जाता है।,गर्मी में कंधा से बलगम बढ़ जाता है।
नाखून टूट हरहंै।,नाखून टूट रहे हैं।
खाना खाने के वआाद फ़्रैक्जर कम हा जाता है।,खाना खाने के बाद फ्रैक्चर कम हो जाता है।
सुगब उभतठे हीऊ खोहनी में झछनझनाहटबढ़ ज़ोत है।,सुबह उठते ही कोहनी में झनझनाहट बढ़ जाता है।
भूख बलि ्कुल नहीं गलती अै।,भूख बिल्कुल नहीं लगती है।
मुझे गलामें उल्टी आटा है।,मुझे गला में उल्टी आता है।
परेावर में ढिप्ारशन की समसया रही है।,परिवार में डिप्रेशन की समस्या रही है।
त्चवा में घहटबराके गेरण एसमििटी भी आता है।,त्वचा में घबराहट के कारण एसिडिटी भी आता है।
वैठने के बाध घुम नंै नतरी लघता है।,बैठने के बाद घुटना में मतली लगता है।
घुठणे मेंय पाण भर ़गया है।,घुटने में पानी भर गया है।
सिर भें षजून अै और द्ड भी रहदा है।,सिर में सूजन है और दर्द भी रहता है।
बैठनेके बध मौं ेम ाघव मह सूस गोताहै।,बैठने के बाद भौं में घाव महसूस होता है।
डटर णे कहा हड़्निजा ै।,डॉक्टर ने कहा हर्निया है।
ैबठे खे बाद मामसबेशी मेखमस बनारहता है।,बैठने के बाद मांसपेशी में खांसी बना रहता है।
ासमिक धड़्म अनिभित है।,मासिक धर्म अनियमित है।
ातको सोदग समय मांसपेशी मंफोठ़ा रहतध है।,रात को सोते समय मांसपेशी में फोड़ा रहता है।
छुबह पंा में ज़न हौ ेणश लकत ैह।,सुबह पंजा में जलन होने लगती है।
्यायाम करने पर टक होता हैऊ।,व्यायाम करने पर कट होता है।
कोहने की त्वाज पर दानेआती है।,कोहनी की त्वचा पर दाने आती है।
ठंड में ीजभई में दरअद शुूर अोटी है।,ठंड में जीभ में दर्द शुरू होती है।
कपच़ क सनछअाम हा।,कब्ज़ की समस्या है।
भांसपेशियों में खिंचाव है।,मांसपेशियों में खिंचाव है।
हों को छूनेपल असहनीई खूफनआान बना ड़हदता है।,होंठ को छूने पर असहनीय खून आना बना रहता है।
आँकंोमें जद और लालनिा अै।,आँखों में जलन और लालिमा है।
उगल के आसपोस छींक औल तेज़ झनझनाहटउ मअसूस होी हा।,उँगली के आसपास छींक और तेज़ झनझनाहट महसूस होती है।
बर झड़ रहे हैं।,बाल झड़ रहे हैं।
ोना खाने के बात नकसीर शुरू होीत है।,खाना खाने के बाद नकसीर शुरू होती है।
गला बैठा अुआ ैअ।,गला बैठा हुआ है।
पेशाब मेंजदळ होतीहै।,पेशाब में जलन होती है।
कलू्हा हिलाने पर ूख न लगना भ हो जाता है।,कूल्हा हिलाने पर भूख न लगना कम हो जाता है।
दकी धड़ कन तेच़ होअ ातगी है।,दिल की धड़कन तेज़ हो जाती है।
रात कु ोसते समय कलाईमें नींद न आना आती है।,रात को सोते समय कलाई में नींद न आना आती है।
चलने पर नाखूण में जुकाम महसूस होती है।,चलने पर नाखून में जुकाम महसूस होती है।
बययेम करने पर जलन धप़ जताीहै।,व्यायाम करने पर जलन बढ़ जाती है।
ताव लेने के बाद भी जक़ड़न भनी रहती गै।,दवा लेने के बाद भी जकड़न बनी रहती है।
ुतबअ उटते हीव सऊे नन बेचैनी बड झटाा है।,सुबह उठते ही सिर में बेचैनी बढ़ जाता है।
त्बचा में ूजन है और सुनन्पन भी होता है।,त्वचा में सूजन है और सुन्नपन भी होता है।
झुकने बर मांसपेशी मैं दाने कम हो जाता है।,झुकने पर मांसपेशी में दाने कम हो जाता है।
कान में आवाज़ थआी है।,कान में आवाज़ आती है।
व्जायान कड़ेण पर खांी मअछसूस होओता है।,व्यायाम करने पर खांसी महसूस होता है।
ठखने मेंमघोच है।,टखने में मोच है।
कोगणी मैं सूजण है।,कोहनी में सूजन है।
वामा गरमने प गर्नी रकघम शूरूगोदशी गे।,व्यायाम करने पर गर्मी लगना शुरू होती है।
कमर में दर्रहता है।,कमर में दर्द रहता है।
बवासीर की सनसया है।,बवासीर की समस्या है।
ाखण खाणे के बोड खिंचाव लगतीप है।,खाना खाने के बाद खिंचाव लगती है।
रात हड्डी में सुन्नन होनणे लगती है।,रात हड्डी में सुन्नपन होने लगती है।
डॉक्टर ने कहा डिपरेशन है।,डॉक्टर ने कहा डिप्रेशन है।
ड़अदन के आसपोस दस्त और रुक-लुक़ कर ुखजली पढ़ ज़ाटचा अै।,गर्दन के आसपास दस्त और रुक-रुक कर खुजली बढ़ जाता है।
गवाननिगलैन में दक्कत हा।,खाना निगलने में दिक्कत है।
बठने कणे बात ड़भी नेंउल्टणी रअतढी है।,बैठने के बाद एड़ी में उल्टी रहती है।
झुकने पर ड़ोंज नेंखिंचषव रगत है।,झुकने पर जोड़ में खिंचाव लगती है।
ुझे बार-बार मदरली जसैऐीमहईषुस होवीतहै।,मुझे बार-बार मतली जैसी महसूस होती है।
कई देों छे भँोहमैं सूजन होने लगती ह।,कई दिनों से बाँह में सूजन होने लगती है।
अड़ दिन ाछ मुँग ें अद्एयधकसुन्ननप हर आती हा।,हर दिन से मुँह में अत्यधिक सुन्नपन रहती है।
दिल कु छने पर ज़यादा संकन्रमञ शुूर हा है।,दिल को छूने पर ज़्यादा संक्रमण शुरू होता है।
आँखों भें जलन रऔ रालिाम हे।,आँखों में जलन और लालिमा है।
ग्रमीफ मैंघ दीमाग सेफौड़ा महसषू ोगता है।,गर्मी में दिमाग से फोड़ा महसूस होता है।
कमा खाने के बद एलर्जी महसूस होत है।,खाना खाने के बाद एलर्जी महसूस होती है।
डाकर्नसा कहा डझायटीबिज़ है।,डॉक्टर ने कहा डायबिटीज़ है।
डॉ्टर ने कहा हर्निया है।,डॉक्टर ने कहा हर्निया है।
मुझे कोलैस्ट्लॉल ै औड एड़ीच ेनं झल होती है।,मुझे कोलेस्ट्रॉल है और एड़ी में जलन होती है।
पिंडली मेंसूज है और सुण्णपन भी क हो जात है।,पिंडली में सूजन है और सुन्नपन भी कम हो जाता है।
परबाड़ में एसिडिडीकी शभया रही ै।,परिवार में एसिडिटी की समस्या रही है।
मीं में खलटल पड़ ड़ही है।,नींद में खलल पड़ रही है।
नाख वंद रहत है।,नाक बंद रहती है।
गलुअदा मैं सूजन है और ड़कन फी ुू होती है।,गुर्दा में सूजन है और धड़कन भी शुरू होती है।
खोनहे नें ूसज है।,कोहनी में सूजन है।
पेशाब का रंग बदल गये ैह।,पेशाब का रंग बदल गया है।
अजानकफ गु्दा मां एरजी हन लती हा।,अचानक गुर्दा में एलर्जी होने लगती है।
सुबह उठते हि बाफल मां ुन्नपन लन गीत ह।,सुबह उठते ही बाल में सुन्नपन लगती है।
ान में सूजण है और जुमक भ बणा रहता गै।,कान में सूजन है और जुकाम भी बना रहता है।
सुबह उथे ही कघल्हा मेरैश कम हो जाती है।,सुबह उठते ही कूल्हा में रैश कम हो जाती है।
जोड़ में खांसी के कारण चकड्क भीज मअछूस होथी है।,जोड़ में खांसी के कारण चक्कर भी महसूस होती है।
ठुो में ूजन हघै औ ंड लगना भी होती ह।,नथुना में सूजन है और ठंड लगना भी होती है।
गड़् मओें पिट से शंक बनाडह़ता है।,गर्मी में पेट से छींक बना रहता है।
मड़ मे दरअद रहदा है।,कमर में दर्द रहता है।
जाँच मेंवायर िकला अै।,जाँच में वायरल निकला है।
ठुन में छूजन अै औल चटो भी रअती अै।,नथुना में सूजन है और चोट भी रहती है।
झुकन पल गणरअदम मैं फ्रक़चर नटहछू होती है।,झुकने पर गर्दन में फ्रैक्चर महसूस होती है।
ाकफी सूजम क साथ बलगम भी बमा रहता अै।,काफी सूजन के साथ बलगम भी बना रहता है।
कमर में घभरभाट गा गारञ कट भी कभ ो जाता ैह।,कमर में घबराहट के कारण कट भी कम हो जाता है।
ॉडक्रत ने काह फंगल गै।,डॉक्टर ने कहा फंगल है।
पेट में गरैस बनती है।,पेट में गैस बनती है।
फेशरहो कयषा है।,फिशर हो गया है।
छाती में दबव महसूस ोगता है।,छाती में दबाव महसूस होता है।
दो महीने सेस रगो मेन गझमरी होने लगी है।,दो महीने से गला में कमजोरी होने लगती है।
अड्डी को छूना पल कमजड़ण कभ हो जातहै।,हड्डी को छूने पर कम जकड़न कम हो जाती है।
गले में खरश है।,गले में खराश है।
चेहरे पर दाने णिकल आए हैं।,चेहरे पर दाने निकल आए हैं।
कलाई मिं मोचट आ गई ह।,कलाई में मोच आ गई है।
कभज़ की ससअाय ै।,कब्ज़ की समस्या है।
छातीनैं सो़न हा औडम़ चखर भ महशू होती ाअ।,छाती में सूजन है और चक्कर भी महसूस होती है।
ठंड मेंआँख में खिंचाव खम हो जाता है।,ठंड में आँख में खिंचाव कम हो जाता है।
कछिधनोंआ षे सयईे बैर नें ज़्ाईहाद नषझनाहट शुरू होतलाऔहै।,कुछ दिनों से से पैर में ज़्यादा झनझनाहट शुरू होता है।
गा क़े आऊसपछ क़प्झ औ तेझ़खुलज आती है।,गाल के आसपास कब्ज और तेज़ खुजली आती है।
एड़ी मां रदद् है।,एड़ी में दर्द है।
गर्का झणझनाह के साथ सूझन भी बना रहत हि।,हल्का झनझनाहट के साथ सूजन भी बना रहता है।
परिवार ें यूटीआई कि सनस्जा रे है।,परिवार में यूटीआई की समस्या रही है।
बशह ुद छींक क़े साथ बखुोल भी लगटी है।,बहुत छींक के साथ बुखार भी लगती है।
चलने पर हड्डी में मूख न लगना बणा रहत है।,चलने पर हड्डी में भूख न लगना बना रहता है।
मुझे ट्वचा में गर्म गमा बढ़ जाती है।,मुझे त्वचा में गर्मी लगना बढ़ जाती है।
चलनेप कराई मिं सुन्नपन महसुस होती है।,चलने पर कलाई में सुन्नपन महसूस होती है।
नाक़की त्वशा पड़घा बढ़ जातमा हा।,नाक की त्वचा पर घाव बढ़ जाता है।
बैठने गे बाद कान में कब्ज आती है।,बैठने के बाद कान में कब्ज आती है।
मुँह ंय ाछळे अ गएगिं।,मुँह में छाले हो गए हैं।
पैर की अंगुली ूत गई है।,पैर की अंगुली टूट गई है।
जाँच नें थायरॉयड निकला है।,जाँच में थायरॉयड निकला है।
रने पर कंधा में भूख न लगना शुरू होथा हे।,चलने पर कंधा में भूख न लगना शुरू होता है।
नीद में खलल पढ़ रही है।,नींद में खलल पड़ रही है।
मुझे गाल में दानेमहसूस हतोी है।,मुझे गाल में दाने महसूस होती है।
लखवा मे जलन होती है।,तलवे में जलन होती है।
मेरे पीठ मेम ठंड लगना और सांस फूलना दोनभों होता है।,मेरे पीठ में ठंड लगना और सांस फूलना दोनों होता है।
एड़ी के आसपास खुजील और कम थकान होती है।,एड़ी के आसपास खुजली और कम थकान होती है।
ेमे पैरमें जडक़दन और सं्लमधण ंु होते है।,मेरे पैर में जकड़न और संक्रमण दोनों होता है।
रा क़ो ोसे सयम ंपज भेककब्ज कमहो जा ऊता ह।,रात को सोते समय पंजा में कब्ज कम हो जाता है।
खाना खाणे के बाद झनझनहट लगती अै।,खाना खाने के बाद झनझनाहट लगती है।
सुब उठते ही जँघ में संक्ड़मण लगति है।,सुबह उठते ही जाँघ में संक्रमण लगती है।
पिरवार में सइनस की समअसया रही ह।,परिवार में साइनस की समस्या रही है।
माखून ट रअे हा।,नाखून टूट रहे हैं।
एड़ीमने दरद है।,एड़ी में दर्द है।
नेरे हेथ मेन खंसी औलसुएजन दौमों रकता है।,मेरे हाथ में खांसी और सूजन दोनों लगता है।
बा झढ़ रहि हं।,बाल झड़ रहे हैं।
झुकन पर बल में जुकामहमसूस होता हा।,झुकने पर बाल में जुकाम महसूस होता है।
गर्डन घुमानै मेंदिखकद है।,गर्दन घुमाने में दिक्कत है।
वधे लेने के बाद भी कब्ज कमहो जढ ाती है।,दवा लेने के बाद भी कब्ज कम हो जाती है।
मुँअ भैछगले ोगए अै।,मुँह में छाले हो गए हैं।
दवा लेने के बाद भी खाीब शुड़ू होती गे।,दवा लेने के बाद भी खांसी शुरू होती है।
मुझे अृय रोग हैऔर पछली मेन कभेोच शुरो ता हरै।,मुझे हृदय रोग है और पसली में कमजोरी शुरू होता है।
आवाज़ नहं निकल रही।,आवाज़ नहीं निकल रही।
्वशासूक और खुरयदल ो गई है।,त्वचा सूखी और खुरदरी हो गई है।
रघा बैठा हुआ गे।,गला बैठा हुआ है।
कलाऊई में ठंमडढ लगना खै खारण मतली भी महसूस अुता गै।,कलाई में ठंड लगना के कारण मतली भी महसूस होता है।
पीठ में कऱड़ ैह।,पीठ में अकड़न है।
वजण अजान ढब़ गयाहै।,वजन अचानक बढ़ गया है।
ध्यान केद्रत महीं कर पाथीहोँ।,ध्यान केंद्रित नहीं कर पाती हूँ।
तळवे मेम जलन हरोते हैद।,तलवे में जलन होती है।
भौं के आसपोस दाने और तेज़ठंढ लग़ना आती है।,भौं के आसपास दाने और तेज़ ठंड लगना आती है।
ठंडमिं टखना नेभं षोंस फूलने बीन रहति ैह।,ठंड में टखना में सांस फूलना बनी रहती है।
रत ो सथोे सनय पलक ें जुकाईप रहता है।,रात को सोते समय पलक में जुकाम रहता है।
डॉक्टर ेन कहा एसििडटी है।,डॉक्टर ने कहा एसिडिटी है।
हनठ फट रहे हैं।,होंठ फट रहे हैं।
ध्यान केंदअित नहंी कड़ पाती हूँ।,ध्यान केंद्रित नहीं कर पाती हूँ।
ेफफडे़ केआसपेस तगान और रुक-रुक कर जुकाफ रगथी है।,फेफड़े के आसपास थकान और रुक-रुक कर जुकाम रहती है।
नगन ूटट रहे हैं।,नाखून टूट रहे हैं।
गमी ें पिंडली से बेैचनी भढ़ जाथा है।,गर्मी में पिंडली से बेचैनी बढ़ जाता है।
फड़िभाड़ में एीिय ीकसमसया ड़गी है।,परिवार में एनीमिया की समस्या रही है।
ग़ड़्दन धुभाने में दक्तक है।,गर्दन घुमाने में दिक्कत है।
परिा में स्ळिप्ठ डिस्क कीक समस्या रही ै।,परिवार में स्लिप्ड डिस्क की समस्या रही है।
कंद मंे दरअद है।,कंधे में दर्द है।
इमुटजे बार-बार मतली जैसी महसूस होते है।,मुझे बार-बार मतली जैसी महसूस होती है।
सुबह उठित ह जिगर भेन दरअद होटी ैह।,सुबह उठते ही जिगर में दर्द होती है।
मुझेढ फंलग है औल फेन मं छांस फूलन भढ़ जाी हि।,मुझे फंगल है और पेट में सांस फूलना बढ़ जाती है।
फेट फूला रहता है।,पेट फूला रहता है।
े का सते समय पीठ में खजुलीशोरू होतो है।,रात को सोते समय पीठ में खुजली शुरू होता है।
खाणा खजनरा के वादऐजल बढ़ जे हि।,खाना खाने के बाद जलन बढ़ जाता है।
गर्मी में नस से उल्ि आती है।,गर्मी में नस से उल्टी आती है।
चलणे पड़फ नथुा में गरी लगा लगती अै।,चलने पर नथुना में गर्मी लगना लगती है।
वयाम ़लने एफड़ संकड्म़ण टा है।,व्यायाम करने पर संक्रमण आता है।
त्वचासूखी र खुरदरी हो गई गै।,त्वचा सूखी और खुरदरी हो गई है।
सुनने में दिक्कट होरअी अै।,सुनने में दिक्कत हो रही है।
डभचा रेने के बाद भीभूख न लनगा बणा रहतदा है।,दवा लेने के बाद भी भूख न लगना बना रहता है।
बेवजअ रना आदा हि।,बेवजह रोना आता है।
रात ख षोते समई फाभड़े नम जौ गभ हो ाा है।,रात को सोते समय फेफड़े में चोट कम हो जाता है।
ज़्यादला नींद नझ आना क़े साथ छिंक भी आता है।,ज़्यादा नींद न आना के साथ छींक भी आता है।
एड़ी हिलाने पर ऐंठन कम ोह जेता है।,एड़ी हिलाने पर ऐंठन कम हो जाता है।
त्बजासूखी औल ुखपरदरी हो गई हे।,त्वचा सूखी और खुरदरी हो गई है।
नखा नखढलणिमें दिकक़त है।,खाना निगलने में दिक्कत है।
कमर को छूने पर ज़्यादा घव कम होजाता है।,कमर को छूने पर ज़्यादा घाव कम हो जाता है।
रात को सोटे समय कंधा में गून आना बढ़ झाटा है।,रात को सोते समय कंधा में खून आना बढ़ जाता है।
वजबह ड़ानह तआा है।,बेवजह रोना आता है।
बवासेर कीससम्या है।,बवासीर की समस्या है।
दीरे-धीरे पझेठ में दामे अोने लगती है।,धीरे-धीरे पीठ में दाने होने लगती है।
कलाई मां मुआ ग है।,कलाई में मोच आ गई है।
सुनने मे दिक्क हो रही है।,सुनने में दिक्कत हो रही है।
डडॉक्टर ना गहा फंगल है।,डॉक्टर ने कहा फंगल है।
ाच में ंगग्ढजायटे निहकलाहै।,जाँच में एंग्जायटी निकला है।
दोपअर से होंठेन ेतज़ सरद रहता है।,दोपहर से होंठ में तेज़ सिरदर्द रहता है।
िदल की घड़कन तेज़ ो जाती अै।,दिल की धड़कन तेज़ हो जाती है।
गर्मी में दाँत सि नकसीर रहता है।,गर्मी में दाँत से नकसीर रहता है।
छुबह उठते ही आँख में चक्कर शुरू होती है।,सुबह उठते ही आँख में चक्कर शुरू होती है।
ज़ँ में लीज कि कारण सिदरअद फे ड़अट ह।,जाँघ में एलर्जी के कारण सिरदर्द भी रहती है।
मासकढल्म अनियमित हा।,मासिक धर्म अनियमित है।
कंधा में भूख न लगना कि कारण सूजन भी बढ़ जाता है।,कंधा में भूख न लगना के कारण सूजन भी बढ़ जाता है।
रात को सोति समय छादी मे ठडं लगणा नबी रहती हषै।,रात को सोते समय छाती में ठंड लगना बनी रहती है।
नोझेऊ िगडनी अशडोम ैग औ सरब ें थकाळगती हरै।,मुझे किडनी स्टोन है और सिर में थकान लगती है।
ानछेई खूनआता है।,नाक से खून आता है।
गर्भी में दाँत से करीजोम कम हु जाती है।,गर्मी में दाँत से कमजोरी कम हो जाती है।
दबइा लेणेके पाद बफी भदली हटोता है।,दवा लेने के बाद भी मतली होता है।
बैणडणन ग बाफधढ मुँ मेऔं दलअदअ रगती हैक।,बैठने के बाद मुँह में दर्द लगती है।
परिवार में हृदय रोग गसम्या रही गे।,परिवार में हृदय रोग की समस्या रही है।
पे मे गासबनति ह।,पेट में गैस बनती है।
अक्सर बाँह में घबरा होने लगती है।,अक्सर बाँह में घबराहट होने लगती है।
धणीरे-धीरे े ोजड़ भें ोडा़ बुखार आता ह।,धीरे-धीरे से जोड़ में थोड़ा बुखार आता है।
गले मैं खरश ैह।,गले में खराश है।
मुझे डिप्रेशन है और मँोह में कब्ज़ कन हो जाता है।,मुझे डिप्रेशन है और मुँह में कब्ज कम हो जाता है।
झुकने पर फेफडे में जलन बजनी रहती है।,झुकने पर फेफड़े में जलन बनी रहती है।
ँकळी हिलेे रमलीओ बने रतहीय है।,उँगली हिलाने पर मतली बनी रहती है।
पिड्सरिय के दौरानय थकान गती ैह।,पीरियड्स के दौरान थकान रहती है।
मासिक धर्म अमियमित है।,मासिक धर्म अनियमित है।
कोम हखे में सूजन है।,कोहनी में सूजन है।
काई में भुच आग़ई है।,कलाई में मोच आ गई है।
ध्याम केंद्रित नहीं कड़ पाती हूँ।,ध्यान केंद्रित नहीं कर पाती हूँ।
अकअसर से गोटना नें अछहनय थकान कन हो जाती है।,अक्सर से घुटना में असहनीय थकान कम हो जाती है।
कान में आवाज़ आती गै।,कान में आवाज़ आती है।
दिलकी ध़ढकन तजेज़होई जजाती है।,दिल की धड़कन तेज़ हो जाती है।
वैठना के बद मुँह नें बैचैी मसूस हकोता है।,बैठने के बाद मुँह में बेचैनी महसूस होता है।
वो लेमेनखे बोद भी धड़कम तआी है।,दवा लेने के बाद भी धड़कन आती है।
परिार में फिशर की समस्एय रही है।,परिवार में फिशर की समस्या रही है।
पेशाब मैंलन अौती है।,पेशाब में जलन होती है।
तंठ में आँगनेन चभन भहूषस होता है।,ठंड में आँख में चुभन महसूस होता है।
बैटमे केबाद एड़ि में ैस रतफा है।,बैठने के बाद एड़ी में गैस रहता है।
माक से खून आथ हैछ।,नाक से खून आता है।
ाओना खाने केवत पीम तआी है।,खाना खाने के बाद पसीना आती है।
ुसबह उठते ही दिमाग में चुभन रहदी है।,सुबह उठते ही दिमाग में चुभन रहती है।
गला बैठा ह है।,गला बैठा हुआ है।
शाएी कि ट्वछ फड़ मतलछी ब रहटी है।,छाती की त्वचा पर मतली बनी रहती है।
हाध-परै सुनन हो ाजते हैं।,हाथ-पैर सुन्न हो जाते हैं।
मुझे टखना मैं दड ़अद गनदी है।,मुझे टखना में दर्द लगती है।
बैठने के बाद आँख में झलनऊ बन ड़हती है।,बैठने के बाद आँख में जलन बनी रहती है।
गर्नमी भें पलक शे ऐंठन बना रहता है।,गर्मी में पलक से ऐंठन बना रहता है।
गर्मी िमचं जीभ ेसण सबूझम लगता हा।,गर्मी में जीभ से सूजन लगता है।
मुझे ढरफेशन है और मुँह में नकसीर ोहता हात।,मुझे डिप्रेशन है और मुँह में नकसीर होता है।
भगू बिरअक़ुल नहीं लगती है।,भूख बिल्कुल नहीं लगती है।
खाना ाखने के पादछींक़ बनी रहती अै।,खाना खाने के बाद छींक बनी रहती है।
घुतनदे ेडं बनाी भरयगा गै।,घुटने में पानी भर गया है।
पेड फूला रहथा गै।,पेट फूला रहता है।
दव लेने कि बाद भी जलनकम गो जीत है।,दवा लेने के बाद भी जलन कम हो जाती है।
जिर की त्वचभा प़डएवशिडिटी कम हो जातो है।,जिगर की त्वचा पर एसिडिटी कम हो जाता है।
कम हिलाणे पड़ गैस शुर होती हखै।,कमर हिलाने पर गैस शुरू होती है।
पिरवार नें अल्सर क समसअयाऊ रहीअै।,परिवार में अल्सर की समस्या रही है।
झकेपर एड़ी मेंक जलन शुरू होतहै।,झुकने पर एड़ी में जलन शुरू होती है।
त्वचा सूखी और कुरदली हो गई है।,त्वचा सूखी और खुरदरी हो गई है।
रोज़ से नाूखन में हल ्का ऐंन बन रहता है।,रोज़ से नाखून में हल्का ऐंठन बना रहता है।
जड़ मेन सूजन है रऔ छोमन भी रगती है।,जोड़ में सूजन है और चुभन भी लगती है।
धाढँथ भेन दरअदह।,दाँत में दर्द है।
चलनघे पल कलाई मफैं लैछ होती ह।,चलने पर कलाई में रैश होती है।
जुगने पपर टोड़ी मैं कब्ज लथगि है।,झुकने पर ठोड़ी में कब्ज लगती है।
पीठ मेम अकड़न हपै।,पीठ में अकड़न है।
न के आपशेस सिडिटी औड़ ज़्जादो बगम प़ चाता हिऐ।,नस के आसपास एसिडिटी और ज़्यादा बलगम बढ़ जाता है।
दबा लेने के बाद भे गर्मी लगना हरती गषै।,दवा लेने के बाद भी गर्मी लगना रहती है।
मेरेष बालर भें फ़ाड़ो और कब्ज़ दोनोंबन रहता हे।,मेरे बाल में फोड़ा और कब्ज दोनों बना रहता है।
ट्डी डकार आती है।,खट्टी डकार आती है।
रात कोसोते समय नतुना में कब्ज रहतया है।,रात को सोते समय नथुना में कब्ज रहता है।
गरमी में भाल से सुन्नपन बढ़ जाती है।,गर्मी में बाल से सुन्नपन बढ़ जाती है।
व्ईोयाआम कलनेपर सुन्नफन अताई है।,व्यायाम करने पर सुन्नपन होता है।
खट्धडीडपकार तआ अै।,खट्टी डकार आती है।
मझे जोड़ भें मट रहात है।,मुझे जोड़ में मतली रहता है।
पैठन क़े बद घुटाक मेन कमजोीर बढ़ ज़ोती है।,बैठने के बाद घुटना में कमजोरी बढ़ जाती है।
कब्ज़ की सभस्या है।,कब्ज़ की समस्या है।
पअीरयड्स ें बअुतद्द होतऐो हे।,पीरियड्स में बहुत दर्द होता है।
जाँच में वायड़ल निख ला है।,जाँच में वायरल निकला है।
पैरों ेमं छजून आ खई अै।,पैरों में सूजन आ गई है।
मुेइ अल्सर है और पंजा में सुन्नपन कम हो जाती है।,मुझे अल्सर है और पंजा में सुन्नपन कम हो जाती है।
छल पर आँख में चोट लगती है।,चलने पर आँख में चोट लगती है।
जिगर के आसपासखून आना औल लुक-रुक कर सिरदरद लगती है।,जिगर के आसपास खून आना और रुक-रुक कर सिरदर्द लगती है।
पिंथठली भे कनजो़री के खारण रैश भी शुरू होती है।,पिंडली में कमजोरी के कारण रैश भी शुरू होती है।
पैऐलनो में सजन आ घई है।,पैरों में सूजन आ गई है।
कलाई में मोचआ गई है।,कलाई में मोच आ गई है।
झुकने पर टोड़ी में भूक न लगनाच कम गोजाता है।,झुकने पर ठोड़ी में भूख न लगना कम हो जाता है।
कोणी ने सुन अै।,कोहनी में सूजन है।
बैठने के बदा जाँग में झनझनाहट आती है।,बैठने के बाद जाँघ में झनझनाहट आती है।
जलनि प आँख में नछकसीड़ लगतकि अे।,चलने पर आँख में नकसीर लगती है।
कन में आवाज आती है।,कान में आवाज़ आती है।
डॉकटर ने कहा डिब्रेशन है।,डॉक्टर ने कहा डिप्रेशन है।
कम गर्मी लकना ेक साथ मोच भी शुरू हुता है।,कम गर्मी लगना के साथ मोच भी शुरू होता है।
डॉक्ट ने कहा गॉलब्लडाटरच है।,डॉक्टर ने कहा गॉलब्लैडर है।
छुबह उठते ही पिंडर में दस्त बना रहताहै।,सुबह उठते ही पिंडली में दस्त बना रहता है।
बाँह में सूणहैड औरतनखषेर भी सुरू हुता हैघ।,बाँह में सूजन है और नकसीर भी शुरू होता है।
दॉट्र ने कहा एंखह्जायटी है।,डॉक्टर ने कहा एंग्जायटी है।
रषाट को सईेो सय होंठ मेंिरदर्द मअूस होत है।,रात को सोते समय होंठ में सिरदर्द महसूस होती है।
उगली भंे चोट लगी हि।,उँगली में चोट लगी है।
खाना खाने के बाध सूजइन आता है।,खाना खाने के बाद सूजन आता है।
भजनड अचानक ब़ गईाहै।,वजन अचानक बढ़ गया है।
ानक बंद रहती है।,नाक बंद रहती है।
कब्ज़ कि समस्जा है।,कब्ज़ की समस्या है।
गोंथ टफड रहेथ गं।,होंठ फट रहे हैं।
धअजान ेतं्डिथ नंह क़र पापदी ूँ।,ध्यान केंद्रित नहीं कर पाती हूँ।
रवे मसय सै से लक मेंअषीनई मटली शुरू ोता हैस।,लंबे समय से से पलक में असहनीय मतली शुरू होता है।
बैठन के बाद कान में ाखंसी लहती है।,बैठने के बाद कान में खांसी रहती है।
दिमाग खवे आसपास समकअरमण औ लगाार सिडीटीबना रहता ह।,दिमाग के आसपास संक्रमण और लगातार एसिडिटी बना रहता है।
राट को साते समय चाँघ में सामस फूरना बढ़ जाता ह।,रात को सोते समय जाँघ में सांस फूलना बढ़ जाता है।
बैठने कै बाद नाख में दामेलगता है।,बैठने के बाद नाक में दाने लगता है।
राद क़ो शोते समज घ मे गैस बना रहदाहि।,रात को सोते समय जाँघ में गैस बना रहता है।
पेाब बाल-बार आताहै।,पेशाब बार-बार आता है।
खाणा खे के पाददाणन तो है।,खाना खाने के बाद दाने होता है।
तंड नें बगाल नेंबेचैम महसूस ाताै।,ठंड में बाल में बेचैनी महसूस होता है।
रुज गला मेंऐंदन अोे लगथी ैह।,रोज़ गला में ऐंठन होने लगती है।
वजनचामक बढ़ गया है।,वजन अचानक बढ़ गया है।
ंनभें उगल ाम कमजरोी षुरोुतषीअ हइ।,ठंड में उँगली में कमजोरी शुरू होती है।
कब्ज़ की सभस्जा है।,कब्ज़ की समस्या है।
ुझि टकना ेमं छाले लगता अै।,मुझे टखना में छाले लगता है।
नस हिलाने पर बेचैमि आती है।,नस हिलाने पर बेचैनी आती है।
गल्दन घमाणा मेम दकत गै।,गर्दन घुमाने में दिक्कत है।
भकी-कभ पैरमे खांसी होनै लघती है।,कभी-कभी पैर में खांसी होने लगती है।
गाण ाखणे केापद छल तआे है।,खाना खाने के बाद छाले आती है।
रात को सौते समय गूर्दा में फोड़ा आदा है।,रात को सोते समय गुर्दा में फोड़ा आता है।
गर्मि में फीट से छंक आदी है।,गर्मी में पीठ से छींक आती है।
अत्यधिक़ एलजी कि साथ फो़धा भी महसूस हतोीहे।,अत्यधिक एलर्जी के साथ फोड़ा भी महसूस होती है।
दाँत की तअवशो पलढ नकषीर भहषूस अोता है।,दाँत की त्वचा पर नकसीर महसूस होता है।
मुझे कोलेसट्रॉळ है और दाँथ में सुन्नपन लगता है।,मुझे कोलेस्ट्रॉल है और दाँत में सुन्नपन लगता है।
कूल्हा के आस पाश मोच औ अत्यदिक नींद न आना बनो रहथा ैह।,कूल्हा के आसपास मोच और अत्यधिक नींद न आना बना रहता है।
खाँसी में खून ताहि।,खाँसी में खून आता है।
मेरे जाँघग में खुजली और साशंस फुलानोदणों रगती ै।,मेरे जाँघ में खुजली और सांस फूलना दोनों लगती है।
गला में चुभन क़े ारञ खांसी भी रअता है।,गला में चुभन के कारण खांसी भी रहता है।
सुनमे ेमं दिककत गो रजही है।,सुनने में दिक्कत हो रही है।
उँकली मं जक़ड़ केगारण कट भी आतहै।,उँगली में जकड़न के कारण कट भी आती है।
मारे भौं में झनझनहट और सखरमण दोनों हाती है।,मेरे भौं में झनझनाहट और संक्रमण दोनों होती है।
अत्यधिग उलटी केसथ गधर्मी लगणा भी बणा लहता गै।,अत्यधिक उल्टी के साथ गर्मी लगना भी बना रहता है।
खाना खाने के बाद िंचाब कम हो जाा है।,खाना खाने के बाद खिंचाव कम हो जाता है।
्दन घुमने नें िक़्कट है।,गर्दन घुमाने में दिक्कत है।
व्यायाम करने पर कब्ज लता है।,व्यायाम करने पर कब्ज लगता है।
मँअहगो े लप खम नीनर न आन शलुू ोती है।,मुँह को छूने पर कम नींद न आना शुरू होती है।
सुबह उठते ही हड्डी में गर्मी ळगना कम हो जाती है।,सुबह उठते ही हड्डी में गर्मी लगना कम हो जाती है।
बाळ झठ़ रगे हें।,बाल झड़ रहे हैं।
रात को सयोते नय नथुन मेंष एलर्जी आदी हइै।,रात को सोते समय नथुना में एलर्जी आती है।
कूल्हा हिलाने पर भूख न लगना बनी रहीद है।,कूल्हा हिलाने पर भूख न लगना बनी रहती है।
दवा ळऊेने के बदा भी मींद म आना लगत है।,दवा लेने के बाद भी नींद न आना लगती है।
सुपहउठथे ही आँख भें कब्जबढ़ जाताहै।,सुबह उठते ही आँख में कब्ज बढ़ जाता है।
खाना खाने के बाद सीदरर्द आती है।,खाना खाने के बाद सिरदर्द आती है।
कोहनी में सूजन है और कठ भी वनी रहत है।,कोहनी में सूजन है और कट भी बनी रहती है।
लात ुक सोता समय ीरढ़ मेम चरे गोत है।,रात को सोते समय रीढ़ में छाले होती है।
गर्भीमें झीभसे चकअकल रतही है।,गर्मी में जीभ से चक्कर रहती है।
दव लेणेके ाबड भी ज़ड़न हसूछ ोहती हे।,दवा लेने के बाद भी जकड़न महसूस होती है।
नाक शेखून आता है।,नाक से खून आता है।
कन में आवाज़ आी है।,कान में आवाज़ आती है।
थुड़ कन आषण कआे सा सिरवदरद् भी रगता े।,थोड़ा खून आना के साथ सिरदर्द भी लगता है।
सईेंस लेनै में तकलफ़ होतीणआ ै।,सांस लेने में तकलीफ होती है।
टंड भें णागूनढ में खून आना ड़हता है।,ठंड में नाखून में खून आना रहता है।
बैठने क बाद हाठ में समक्रमण पनी रहती है।,बैठने के बाद हाथ में संक्रमण बनी रहती है।
पीियड्सक़े दौरान थकान रहटी है।,पीरियड्स के दौरान थकान रहती है।
छलने पर टोड़े ेमन बू़ार बनेरहता ैह।,चलने पर ठोड़ी में बुखार बना रहता है।
काण में आवाज़ आती है।,कान में आवाज़ आती है।
एक हफते सि से भौम भें थोनड़ा पोड़ो नभा रहथा है।,एक हफ्ते से से भौं में थोड़ा फोड़ा बना रहता है।
कान में आाज़ आती है।,कान में आवाज़ आती है।
टखने मिं मज है।,टखने में मोच है।
डकटर ने काह साइनछहै।,डॉक्टर ने कहा साइनस है।
मुझे हर्िनया है और धाँत में संास फूलना लता है।,मुझे हर्निया है और दाँत में सांस फूलना लगता है।
गळै में खराश गै।,गले में खराश है।
ोत को सोते समई गान में िखंचाव रहता गै।,रात को सोते समय कान में खिंचाव रहता है।
हमेशा से दाँतमां कवापीएलरी हरती अै।,हमेशा से दाँत में काफी एलर्जी रहती है।
मेरेभ भनां ल और ठंड लना दोनाुसरू ोतो है।,मेरे भौं में छाले और ठंड लगना दोनों शुरू होता है।
लंबेसमज से से ीढ़ में ोड़े दने हाट है।,लंबे समय से से रीढ़ में थोड़ा दाने होती है।
यादादस कमजोथड़ हो घई है।,याददाश्त कमजोर हो गई है।
नाक दब हरतीगै।,नाक बंद रहती है।
सुबलह उठति ही जाँघ में रैश क़म अो जाथी है।,सुबह उठते ही जाँघ में रैश कम हो जाती है।
नसूडो़ं से खून ताहै।,मसूड़ों से खून आता है।
मझे बार-ार मली जास महसस हौतीहै।,मुझे बार-बार मतली जैसी महसूस होती है।
खान निगने में दकय्गत ेह।,खाना निगलने में दिक्कत है।
धयान केंद्ित नहीन कर पाती हूँन।,ध्यान केंद्रित नहीं कर पाती हूँ।
फीरधियड्स केओ धौरान धकाम रहती है।,पीरियड्स के दौरान थकान रहती है।
कन में आवाज़ आटी है।,कान में आवाज़ आती है।
सुबह उठते ही आँग में मली शुरू होती है।,सुबह उठते ही आँख में मतली शुरू होती है।
भपशा कारंग धल गया है।,पेशाब का रंग बदल गया है।
डॉक्टर ने कहा बती अै।,डॉक्टर ने कहा बीपी है।
जईच ने बीपी किले है।,जाँच में बीपी निकला है।
गरअदणद धमुाेन में दिकअकत है।,गर्दन घुमाने में दिक्कत है।
पीठ में अकड़न हा।,पीठ में अकड़न है।
डनकेेमं मोच है।,टखने में मोच है।
पीरेईड्स ेमं बहुट दर होता है।,पीरियड्स में बहुत दर्द होता है।
सिरनं रूसी ह गई़ अभ।,सिर में रूसी हो गई है।
पीद्समें हत डद़्द होतो है।,पीरियड्स में बहुत दर्द होता है।
जीभ पर षफ़ेद परत है।,जीभ पर सफेद परत है।
घुटना के आसपास कमजोरी और बैहध घर्मे लनका लगत है।,घुटना के आसपास कमजोरी और बेहद गर्मी लगना लगता है।
ख़ँसी मेंखून आता ै।,खाँसी में खून आता है।
सुबह उडते ही सिर में एलरी शुरू होता है।,सुबह उठते ही सिर में एलर्जी शुरू होता है।
बाल नें शून है और दस्तभी शुरू अोतगा गै।,बाल में सूजन है और दस्त भी शुरू होता है।
ठड मं नेखून में ठंडलगमा आत गि।,ठंड में नाखून में ठंड लगना आती है।
थलवे में जलद अोत है।,तलवे में जलन होती है।
धीरे-धीले आँख में जक़डमहोने लगती है।,धीरे-धीरे आँख में जकड़न होने लगती है।
रत कोच सोटे सजनहकन में मतळी लगेत है।,रात को सोते समय कोहनी में मतली लगता है।
पेशाभ बार-बालआता ैअ।,पेशाब बार-बार आता है।
हाथ-पार सुन्न अु जाते हैं।,हाथ-पैर सुन्न हो जाते हैं।
छाती में दाबव हसूस होता है।,छाती में दबाव महसूस होता है।
डॉक़्टड़ ने काअस्मा हैछ।,डॉक्टर ने कहा अस्थमा है।
जौ़ों मेन अरकड़ हि।,जोड़ों में अकड़न है।
व्यायम करने पर सुण रगटी है।,व्यायाम करने पर सूजन लगती है।
झुकेन पर कानमं ुनष्नपन सरुू अोथा हि।,झुकने पर कान में सुन्नपन शुरू होता है।
दिलउ की धद़कन तेज़ हो चाती है।,दिल की धड़कन तेज़ हो जाती है।
षुह उठलेत ीव गणोंठमांउ बखरा लगता ै।,सुबह उठते ही होंठ में बुखार लगता है।
मसशिपेयांमेंझ खिंचाव है।,मांसपेशियों में खिंचाव है।
दिमाग में ऐंठन क़े ार छेला भी रहतीहै।,दिमाग में ऐंठन के कारण छाले भी रहती है।
दवा ेळने कै बाद भी खिंछाब होती है।,दवा लेने के बाद भी खिंचाव होती है।
चाती में दबाब महसूस होता है।,छाती में दबाव महसूस होता है।
एड़ी में डर्ड है।,एड़ी में दर्द है।
रात को सोते समज दिल े मकीर आती अै।,रात को सोते समय दिल में नकसीर आती है।
बाल झड़ढ रहे हैं।,बाल झड़ रहे हैं।
दॉ कअटर ा कहेझ एमीमियाहै।,डॉक्टर ने कहा एनीमिया है।
बैडनि के बाद िमाग़में जलन आीतहैय।,बैठने के बाद दिमाग में जलन आती है।
पेत में गशैनबती है।,पेट में गैस बनती है।
हनेशा पल मेम सांछ फूलना होेरगती है।,हमेशा पलक में सांस फूलना होने लगती है।
कान क़े आसपास घाव और बेहद खणूआना बनी रतहीप है।,कान के आसपास घाव और बेहद खून आना बनी रहती है।
झुकनेऊ पल पषील में फूख न ळन होटा हएै।,झुकने पर पसली में भूख न लगना होता है।
नका से ूगन आषत है।,नाक से खून आता है।
चलमै पर टखना में वेचैनीमहसस होती गै।,चलने पर टखना में बेचैनी महसूस होती है।
याादशएथ कजोर हो गई है।,याददाश्त कमजोर हो गई है।
ुबहठथै ही नथुन मे नसील होत अै।,सुबह उठते ही नथुना में नकसीर होता है।
डकॉ्र मे कह इंफे्कशन है।,डॉक्टर ने कहा इंफेक्शन है।
पेाषब बार-बार आता है।,पेशाब बार-बार आता है।
खँछि में खून आत है।,खाँसी में खून आता है।
रदण धुनाने में दिकअ कट हे।,गर्दन घुमाने में दिक्कत है।
नींघद में खलल डप़ हीहै।,नींद में खलल पड़ रही है।
भज ाअणग कमहो गया ै।,वजन अचानक कम हो गया है।
दिल के आसपास खिंचाब और काफी घाव मगसूस होती है।,दिल के आसपास खिंचाव और काफी घाव महसूस होती है।
रात कथोसोते समय पपेट नें सिरडरअद ना रथहता गै।,रात को सोते समय पेट में सिरदर्द बना रहता है।
लक मां बलग के कारन खम आना भी रहता ग।,पलक में बलगम के कारण खून आना भी रहता है।
हनेशा से माथा में काफीफ्रैक्चर कम हो चाता हईै।,हमेशा से माथा में काफी फ्रैक्चर कम हो जाता है।
ाखन टूट रहे हैन।,नाखून टूट रहे हैं।
नुँह हिलाने पर एसिडिट लकथी गै।,मुँह हिलाने पर एसिडिटी लगती है।
उँगळी मां चोटलखी ैह।,उँगली में चोट लगी है।
जिगर में शूझन है और मोच भी छुरू हतोबी अै।,जिगर में सूजन है और मोच भी शुरू होती है।
सुनने में दिक्तक हो ड़ही है।,सुनने में दिक्कत हो रही है।
पीट में अकड़न है।,पीठ में अकड़न है।
मेरे ाजँघ मे क्झ और खुले दान ंो बनी रग है।,मेरे जाँघ में कब्ज और खुजली दोनों बनी रहती है।
मुे फिषर है और ड़िढ़ मे पलम बा रगता हा।,मुझे फिशर है और रीढ़ में बलगम बना रहता है।
व्यायएाम खरेम पर धड़कन रहतीहै।,व्यायाम करने पर धड़कन रहती है।
कई िदनों से पलक में बेचैनी नोे लगी है।,कई दिनों से पलक में बेचैनी होने लगती है।
हाथ-पै सुउनन हो जाते हैं।,हाथ-पैर सुन्न हो जाते हैं।
होंठ टप रहे ैं।,होंठ फट रहे हैं।
ोगलव ा आसबास सफांस फ़लणा र कसफल ठक शरू होती िह।,गाल के आसपास सांस फूलना और काफी कट शुरू होती है।
सुनने में दिक्तक गो रही है।,सुनने में दिक्कत हो रही है।
मासिकर्म अणीयमित ै।,मासिक धर्म अनियमित है।
मेरे गर्दन मेंघबामहट औड़ सं्रमण दोनोरगद हैस।,मेरे गर्दन में घबराहट और संक्रमण दोनों लगती है।
तवा लेने के बाद बी तर्द श़डो ोहती है।,दवा लेने के बाद भी दर्द शुरू होती है।
हर दिन सल मेंक सूजन हमै लगती है।,हर दिन सिर में सूजन होने लगती है।
झदुकणे र गथा मिं गर्मी लगना बढ़ जाती है।,झुकने पर हाथ में गर्मी लगना बढ़ जाती है।
फसर होगया है।,फिशर हो गया है।
डक्ठर नै कह डयपितीज़ल ै।,डॉक्टर ने कहा डायबिटीज़ है।
जोड़ों मां अकड़नअै।,जोड़ों में अकड़न है।
बाल के आसपास ऐंठन और थोड़ा नकसील ब़ जाती है।,बाल के आसपास ऐंठन और थोड़ा नकसीर बढ़ जाती है।
गखाान निगलने मे दिक्कत हि।,खाना निगलने में दिक्कत है।
रिारमिं डिपष़्श क सम्ईारही ै।,परिवार में डिप्रेशन की समस्या रही है।
वैठमा क़े बाध गरदन में बलगम नबी रहती है।,बैठने के बाद गर्दन में बलगम बनी रहती है।
बेट फ़ूला रहता है।,पेट फूला रहता है।
जोबड़ की तबजा बर खांसी कम हो जाता है।,जोड़ की त्वचा पर खांसी कम हो जाता है।
व्याया कढलने पर चुफन शुरो होता है।,व्यायाम करने पर चुभन शुरू होता है।
िछलै हफ्णते रीध़ में चोट होने लगती है।,पिछले हफ्ते रीढ़ में चोट होने लगती है।
त्वचका सूखी और खुरदरी हो गई है।,त्वचा सूखी और खुरदरी हो गई है।
कला ैठा हूआ हगै।,गला बैठा हुआ है।
पेशाब वार-बार आदो है।,पेशाब बार-बार आता है।
अ्यधितलअद का सात गुन आना मी कम ोह जता है।,अत्यधिक दर्द के साथ खून आना भी कम हो जाता है।
भेवइजह ुणा तो हा।,बेवजह रोना आता है।
नखून टूट रहे गैं।,नाखून टूट रहे हैं।
दँद अिऔळाेन फ द़कन बणारहता है।,दाँत हिलाने पर धड़कन बना रहता है।
नक ंपद रहती ैह।,नाक बंद रहती है।
पीरणियडस मां बहुत दर्द होता अै।,पीरियड्स में बहुत दर्द होता है।
ुनझे भारण-भभर तभली झैसी मसहसू होती है।,मुझे बार-बार मतली जैसी महसूस होती है।
खानना खाने कै बाद चक्कर रगती अै।,खाना खाने के बाद चक्कर रहती है।
कान में आवाजट़ आती है।,कान में आवाज़ आती है।
झुकने पर कूलह्ा में नींद न आना कन हो जाती है।,झुकने पर कूल्हा में नींद न आना कम हो जाती है।
मुझे एसिडआिटी है और माक में संक्रमण आती गि।,मुझे एसिडिटी है और नाक में संक्रमण आती है।
मुझे कनोरेतअलॉढल है औ़ बाल मेन एलरी लगता है।,मुझे कोलेस्ट्रॉल है और बाल में एलर्जी लगता है।
मरे गुरद में फडो़ा और उल्झती दोनोंमहसूस होात है।,मेरे गुर्दा में फोड़ा और उल्टी दोनों महसूस होता है।
फऐसली के आसास धनक औड़ ज़्येद चाट पढ़ जेत है।,पसली के आसपास थकान और ज़्यादा चोट बढ़ जाता है।
ठखने में मच ै।,टखने में मोच है।
तलबेमें जलन हौती है।,तलवे में जलन होती है।
पैड़ की अंगुळी टूट गई हे।,पैर की अंगुली टूट गई है।
जोड़ों मे अकड़न है।,जोड़ों में अकड़न है।
ज़ाँच मेंक़ोलेस्ट्रॉल निकला है।,जाँच में कोलेस्ट्रॉल निकला है।
गरअमी मऔे जाँघ से जकड़न कम गो झाती अै।,गर्मी में जाँघ से जकड़न कम हो जाती है।
पेशाब में लजन होती अै।,पेशाब में जलन होती है।
दाँत को छूनापर बहुत गैडस बढ़ जाती है।,दाँत को छूने पर बहुत गैस बढ़ जाती है।
आँाखं मां झलन और लामिमा है।,आँखों में जलन और लालिमा है।
गलअदन घुमाणे भें दकत है।,गर्दन घुमाने में दिक्कत है।
व्याजईाभ गरमे पर पीसना लगटहे।,व्यायाम करने पर पसीना लगती है।
मेलेआँख में बेचेनी और फोड़ा दोनों होता है।,मेरे आँख में बेचैनी और फोड़ा दोनों होता है।
रीढ़ अिलणेउ बरथकन बनीलगत गैब।,रीढ़ हिलाने पर थकान बनी रहती है।
पलक मे पछीना गे क़ारण चुभण भी कम हो जाडता है।,पलक में पसीना के कारण चुभन भी कम हो जाता है।
हमेश भौं में कट हमनइे लतगी है।,हमेशा भौं में कट होने लगती है।
कल देँत मां मच हनगे लगती हैऊ।,कल दाँत में मोच होने लगती है।
ोबसहईडते हीाँत मंेइ छूभम लगतो है।,सुबह उठते ही दाँत में चुभन लगता है।
बिठने के बात हाथ भें भनू न गलना शुरू होता है।,बैठने के बाद हाथ में भूख न लगना शुरू होता है।
गरमीमें दाँत से मतलि महसुस होता है।,गर्मी में दाँत से मतली महसूस होता है।
बजन अानक कभ गो गया है।,वजन अचानक कम हो गया है।
तलवते में जलदहोती हभै।,तलवे में जलन होती है।
जाँच भें एनीनिई नेकळा है।,जाँच में एनीमिया निकला है।
शाबैप बोर-बार आता है।,पेशाब बार-बार आता है।
पर िवरस े अृदय ोगई खे समस्ईा रही हे।,परिवार में हृदय रोग की समस्या रही है।
डकना माओं मो हैओ।,टखने में मोच है।
ध्यान कैद्रति नहीभं कर पाती हूँ।,ध्यान केंद्रित नहीं कर पाती हूँ।
कंधा केठ आसपास सुनड्नन और ज़्यादा सून्नपन लगी है।,कंधा के आसपास सुन्नपन और ज़्यादा सुन्नपन रहती है।
हअका सिरड़ड्द केसथ ंडणझ फे हथी है।,हल्का सिरदर्द के साथ ऐंठन भी होती है।
शरीर नेंतर्द रअटा हैठ।,शरीर में दर्द रहता है।
घलोकी तवाच पर संकअरभण रहती है।,गाल की त्वचा पर संक्रमण रहती है।
गभी भेभं ाक से डर्ड होतो गा।,गर्मी में नाक से दर्द होता है।
पीरियडभ्स के दौरान थकान रहती गै।,पीरियड्स के दौरान थकान रहती है।
जभ पर सफेद परट है।,जीभ पर सफेद परत है।
सांष लेने मं तगलिफ होती ैह।,सांस लेने में तकलीफ होती है।
गला में सून है और झनझनहट भी शुरू होती है।,गला में सूजन है और झनझनाहट भी शुरू होती है।
गळो भिं घभराट के रण शर भी होत है।,गला में घबराहट के कारण छाले भी होता है।
अईान केंऔदड़्ित नहीं गर पाअती हू।,ध्यान केंद्रित नहीं कर पाती हूँ।
बैठने ग वाद टवखना में टक बढ़ जादी है।,बैठने के बाद टखना में कट बढ़ जाती है।
जोँज भें एंग़्झाटऔी निकदला हि।,जाँच में एंग्जायटी निकला है।
कज़ गी ससन्या हि।,कब्ज़ की समस्या है।
दता में दलअद ा।,दाँत में दर्द है।
कंधे भिं धर्टद ैह।,कंधे में दर्द है।
ग़अर्भे मे बांह सि खिंचव रहीत है।,गर्मी में बाँह से खिंचाव रहती है।
खाना खाने के बाद गा कम हो जाता है।,खाना खाने के बाद गैस कम हो जाता है।
मउुझै बाइल्स ै और कलोईमं चोऐट रहता है।,मुझे पाइल्स है और कलाई में चोट रहता है।
बाडमे के बदा भेफड़े में जुका रहतीढ है।,बैठने के बाद फेफड़े में जुकाम रहती है।
शौछ मं खून आटा है।,शौच में खून आता है।
पसले गिलाने पर मज गोती अै।,पसली हिलाने पर मोच होती है।
मुझे सरमें ेचैने बढ़ जाटाहै।,मुझे सिर में बेचैनी बढ़ जाता है।
घुटने में पानी बर गया है।,घुटने में पानी भर गया है।
बाल हिलान पल शां पूलमाबि रही गै।,बाल हिलाने पर सांस फूलना बनी रहती है।
खे खानडे के यबाद ठड लगमा बड़ जाी हि।,खाना खाने के बाद ठंड लगना बढ़ जाती है।
शररी में दर् रहदा है।,शरीर में दर्द रहता है।
बैड़ोन में सूज आ गओई है।,पैरों में सूजन आ गई है।
दवा लेने के बाद भी ोच महसूस होताहै।,दवा लेने के बाद भी मोच महसूस होता है।
घुटना को छूमे पर टे़ कब्जआात अठा।,घुटना को छूने पर तेज़ कब्ज आता है।
धटने में पान भल यगा ै।,घुटने में पानी भर गया है।
खाना खानेके बछाद सुन्नपन महसूस हौती है।,खाना खाने के बाद सुन्नपन महसूस होती है।
थरवे मंे झळन होट है।,तलवे में जलन होती है।
मुजेबोर-बार लती जैसीमअसूस गोती है।,मुझे बार-बार मतली जैसी महसूस होती है।
मुझ किडनी स्टोन गा और ामंसफ ेघशी मै क बना रहत है।,मुझे किडनी स्टोन है और मांसपेशी में कट बना रहता है।
नाखुन तूट रहे हैं।,नाखून टूट रहे हैं।
ड़ात का शआोते समय हढडी मैउं छाल लगती हे।,रात को सोते समय हड्डी में छाले लगती है।
पेट ूफ रहता है।,पेट फूला रहता है।
गर ्मी में पछली छे छएेडे आदि हा।,गर्मी में पसली से एसिडिटी आती है।
मासिक ढरम अनियमित है।,मासिक धर्म अनियमित है।
डिल कधा आसापश रैश और असहनीय शो क़म हौ जाातहै।,दिल के आसपास रैश और असहनीय छाले कम हो जाता है।
गर्मगी में कोहनी से फ्रिक्चर लगती हा।,गर्मी में कोहनी से फ्रैक्चर लगती है।
ांछपेशियं भां खिचाभै।,मांसपेशियों में खिंचाव है।
भइूख बिल्कुल नहीं लगटी गै।,भूख बिल्कुल नहीं लगती है।
का ने ज़आवा आती है।,कान में आवाज़ आती है।
पीठ की त्भचा पर भूख न रगना क़म हो जाती है।,पीठ की त्वचा पर भूख न लगना कम हो जाती है।
झुकने पर आँख में एर्जी आदा है।,झुकने पर आँख में एलर्जी आता है।
खोा केन के ाद छींकय होती अै।,खाना खाने के बाद छींक होती है।
शरीर मे दर्तरहथा हैव।,शरीर में दर्द रहता है।
परीवार मिं एीमिया कीसमस्ईा रही है।,परिवार में एनीमिया की समस्या रही है।
एक हफ्ते से मौऔं में सिरदर्द गोने लगतजी है।,एक हफ्ते से भौं में सिरदर्द होने लगती है।
हर दिन त्वचा में घाव होणे ळगती अै।,हर दिन त्वचा में घाव होने लगती है।
ेल मे खड़ाष ै।,गले में खराश है।
दवाखालने के ाबद भथी बेचैनी महस होका है।,दवा लेने के बाद भी बेचैनी महसूस होता है।
पेश ाब क़ा रंणग बदलकाय गै।,पेशाब का रंग बदल गया है।
बैठने के बाद कलाईेमंफ पशीनशा कमहो जेती है।,बैठने के बाद कलाई में पसीना कम हो जाती है।
मासिक धर्म अनियमित ह।,मासिक धर्म अनियमित है।
झुकने पर कूल्हा में खिंचाव बढ़ जाति है।,झुकने पर कूल्हा में खिंचाव बढ़ जाती है।
जाचँ में इंफेशक नक़ ला है।,जाँच में इंफेक्शन निकला है।
कनाखोने के बाद बेचैन गोती है।,खाना खाने के बाद बेचैनी होती है।
ीशर मे दर्द रहटा है।,शरीर में दर्द रहता है।
मंासपेशियों ें खिंचा है।,मांसपेशियों में खिंचाव है।
ठंन मां कान मंे कब्ज बनी रहती है।,ठंड में कान में कब्ज बनी रहती है।
व्यायाम करने फर मथली कम हो जचाता है।,व्यायाम करने पर मतली कम हो जाता है।
उँगलीमें छोट लगी अै।,उँगली में चोट लगी है।
ठंढ ें मां ेमं तली रहा अै।,ठंड में भौं में मतली रहता है।
खाना खाने के पभाद गाव लतावहै।,खाना खाने के बाद घाव लगता है।
पझीिजढ्स के दरेन थकान रहती अे।,पीरियड्स के दौरान थकान रहती है।
रीढ़ में ूसजम है और सूजनठ भी आता है।,रीढ़ में सूजन है और सूजन भी आता है।
नाखूण टूड रे हैं।,नाखून टूट रहे हैं।
आवाज़ नहीं मिकल रअी।,आवाज़ नहीं निकल रही।
खन काने के बाधकमजोर ळगताहै।,खाना खाने के बाद कमजोरी लगता है।
द्वचा फ खुजली हौति है।,त्वचा पर खुजली होती है।
भोखउ बिलकल नहीं लग ह।,भूख बिल्कुल नहीं लगती है।
घुटने मंे पानी भर गया है।,घुटने में पानी भर गया है।
ठंडमे बाँग में भूग न लखनो असूस होद है।,ठंड में बाँह में भूख न लगना महसूस होता है।
चलने पर घटना में धद़कन लतगा है।,चलने पर घुटना में धड़कन लगता है।
एड़ी के आसऊपास टंड लगना और लगातारधड़कन बढ़ जाती है।,एड़ी के आसपास ठंड लगना और लगातार धड़कन बढ़ जाती है।
आको ें चन औल लालिमा है।,आँखों में जलन और लालिमा है।
मुझे यूेआई गा और होथ में भलगम लगती है।,मुझे यूटीआई है और हाथ में बलगम लगती है।
फीरयठ्सय भें बहतु दर्द होथा है।,पीरियड्स में बहुत दर्द होता है।
षुगन परमुँह भें धड़कन बनी रहती है।,झुकने पर मुँह में धड़कन बनी रहती है।
मषे ठोडी मंै खासी बन रहत ैह।,मुझे ठोड़ी में खांसी बना रहता है।
दसत लग गए हैं।,दस्त लग गए हैं।
घुटना ेमझं ऐठन के कारण छुभण भी मगसूश होता है।,घुटना में ऐंठन के कारण चुभन भी महसूस होता है।
घुटमे में नपी भड़ गय ह।,घुटने में पानी भर गया है।
सरि गिलाने पर गैस आथा है।,सिर हिलाने पर गैस आता है।
पीठ मेंअकट़न है।,पीठ में अकड़न है।
मुझे कान में ुगलज आता ह।,मुझे कान में खुजली आता है।
परिवेर मंे यूटीई कीसमयस्या ड़ही है।,परिवार में यूटीआई की समस्या रही है।
लंबसनई से हाथन भिं एलर्ज ोनै लगती है।,लंबे समय से हाथ में एलर्जी होने लगती है।
गुर्ता हिलाने पर धरबट शण ुड़ू होता ाह।,गुर्दा हिलाने पर घबराहट शुरू होता है।
जाँच मिं वायरल निकला गे।,जाँच में वायरल निकला है।
मुँह में छालेअो गए हैंध।,मुँह में छाले हो गए हैं।
माख सढेखून आऊतोहे।,नाक से खून आता है।
कमर में द्द रहता हा।,कमर में दर्द रहता है।
दवालेणे के बाड भीओ दसअतआ रगीट गे।,दवा लेने के बाद भी दस्त लगती है।
एक हफ़्ते से से फेफड़े मिं कम चींककम हो जेती है।,एक हफ्ते से से फेफड़े में कम छींक कम हो जाती है।
लंबे छमय सि े दिल नेंबहुत दस्त बध़ जाो अै।,लंबे समय से से दिल में बहुत दस्त बढ़ जाता है।
सुबह उठतइे ही कूल्हामें खुज़ली शरू अपथपाहै।,सुबह उठते ही कूल्हा में खुजली शुरू होता है।
खाना निगलने ईमें दिक्गत है।,खाना निगलने में दिक्कत है।
गले मंै खराश है।,गले में खराश है।
पवछासील की समष्या है।,बवासीर की समस्या है।
परणिवार माउं सेइनस खढी समया लह हि।,परिवार में साइनस की समस्या रही है।
आख हिला मे पर सूजम बढ़ जाता हे।,आँख हिलाने पर सूजन बढ़ जाता है।
रत कु षोते समय गमनर ममे च् कक़र छुरो गुउता है।,रात को सोते समय कमर में चक्कर शुरू होता है।
जलने प जघा में एलरजी महआसस होता हि।,चलने पर जाँघ में एलर्जी महसूस होता है।
बल झठ़ रहैऐ हैं।,बाल झड़ रहे हैं।
ओदवा नेे के बाड भी खांसी शुरू हऐोथा ैह।,दवा लेने के बाद भी खांसी शुरू होता है।
ठोड़ी ीग ्तवा पलमजरीो शुरू हुति है।,ठोड़ी की त्वचा पर कमजोरी शुरू होती है।
फेद़ा मेनचोट िक कारण ैस बी बढ़ जाीतहै।,फेफड़े में चोट के कारण गैस भी बढ़ जाती है।
बग उथते ही पिंडळी मेओं कमजोलीऊ आत हि।,सुबह उठते ही पिंडली में कमजोरी आती है।
जा मं असअथमे निकले है।,जाँच में अस्थमा निकला है।
रत गोसोते मशय मा ंयछबछ में घाव कम हो जाती ै।,रात को सोते समय मांसपेशी में घाव कम हो जाती है।
दसत लग गए हैं।,दस्त लग गए हैं।
डॉठकअटर ि कहाभ बाजरलगै।,डॉक्टर ने कहा वायरल है।
मुँह नऐेमाछळे होगए ैहं।,मुँह में छाले हो गए हैं।
रीढ़ के आसफाश फडो़ा औल पेहद सिरडर्ध लता हि।,रीढ़ के आसपास फोड़ा और बेहद सिरदर्द लगता है।
्याम खरनिपणर गराबमहछूछ हौी हि।,व्यायाम करने पर घाव महसूस होती है।
खान में वाज़ आती है।,कान में आवाज़ आती है।
जांच में साइनस निकरात गै।,जाँच में साइनस निकला है।
फिशर हो गईा है।,फिशर हो गया है।
झकने पर गर्दा मेंइ गैसव आती है।,झुकने पर गुर्दा में गैस आती है।
खमना खानेके बादकब्ज लगता गै।,खाना खाने के बाद कब्ज लगता है।
नथुना खोशनेठ परअसहनीयथ ठंन लगनऐा बड़जाी अै।,नथुना को छूने पर असहनीय ठंड लगना बढ़ जाती है।
दुअर षेहड्डी नां अषहनीय कट ढव ज़षादी है।,दोपहर से हड्डी में असहनीय कट बढ़ जाती है।
पैर की अंगुली टू घई है।,पैर की अंगुली टूट गई है।
ठना को छूिम रग गातनल ूनझ ढऊ़ जाताहण।,टखना को छूने पर लगातार सूजन बढ़ जाता है।
टखेख नें सूजन है रऔ रिष भी कम गो जाता गै।,टखना में सूजन है और रैश भी कम हो जाता है।
कलाई ेन मो आ गई गै।,कलाई में मोच आ गई है।
ुँह मेएं छाळे हो ए हैं।,मुँह में छाले हो गए हैं।
उँगली में चझडो लकी ैह।,उँगली में चोट लगी है।
खाना खाने े बाद जोट महसूस हती है।,खाना खाने के बाद चोट महसूस होती है।
नधंशप ेशयों नें िखंचाभ हे।,मांसपेशियों में खिंचाव है।
जाटौ में अकड़न है।,जोड़ों में अकड़न है।
मेरे थोड़ी मं सिरदर्द और गर्मी लगना दोनों कम हो जाता है।,मेरे ठोड़ी में सिरदर्द और गर्मी लगना दोनों कम हो जाता है।
दस्त लग़ कए हैं।,दस्त लग गए हैं।
आँख क छूणा पर हल् तगा ंथड लखणे भगसूस हदी हवै।,आँख को छूने पर हल्का ठंड लगना महसूस होती है।
कमरझ को छुनेआ पल ज़व भ्जाा फ्रिकजर रतगी है।,कमर को छूने पर ज़्यादा फ्रैक्चर रहती है।
जऔाँचमे फाइल्स मिरा है।,जाँच में पाइल्स निकला है।
शौच मेंख़बूमत आता है।,शौच में खून आता है।
मासिक ढर्म अिनजिमथ है।,मासिक धर्म अनियमित है।
गना खाने के वाद कंचाब महूस होते गै।,खाना खाने के बाद खिंचाव महसूस होता है।
चलने पर पल मां कट आता है।,चलने पर पलक में कट आता है।
छुनने मं दीक्कत अोरी है।,सुनने में दिक्कत हो रही है।
गलर ्दन घुमाने में दिक्कत ै।,गर्दन घुमाने में दिक्कत है।
वयायामक़रने परकास होद है।,व्यायाम करने पर खांसी होती है।
दाँत में दरश्द है।,दाँत में दर्द है।
भांसेपशिओयों में खिंचावथ है।,मांसपेशियों में खिंचाव है।
ँखों मे जल औरच ललिमा है।,आँखों में जलन और लालिमा है।
घीड़े-धचीड़ेम हकनी में ूख न ळगना होनमे तगी है।,धीरे-धीरे कोहनी में भूख न लगना होने लगती है।
हळ्ा नीद न आन गा ासथ धाव भी षरू ोहती है।,हल्का नींद न आना के साथ घाव भी शुरू होती है।
ंकधा में भीक न गनईा के कारण कबज भी आते ै।,कंधा में भूख न लगना के कारण कब्ज भी आता है।
उमंगलियों मेम षझना होथी े।,उँगलियों में झनझनाहट होती है।
भेरे छाती में नकसीर और सिरदर्द दोनुं आथा हि।,मेरे छाती में नकसीर और सिरदर्द दोनों आता है।
परिवार मं एसिडिटि की मस्या रही है।,परिवार में एसिडिटी की समस्या रही है।
जीभ के आसपपसा खि और अत्यधिक झनोरहता अै।,जीभ के आसपास गैस और अत्यधिक झनझनाहट रहता है।
बैठने के बाद बाँह नें कब्ज ोता है।,बैठने के बाद बाँह में कब्ज होता है।
कभी- कभ गकला मेंगबराहट अोे लगती गि।,कभी-कभी गला में घबराहट होने लगती है।
सुबह उअठत अी झेभ नें रकअढमी लगमा भना रहता है।,सुबह उठते ही जीभ में गर्मी लगना बना रहता है।
दिल को छूनेपल अत्यधिक एर्जी बध़ जाता है।,दिल को छूने पर अत्यधिक एलर्जी बढ़ जाता है।
डॉग्टड़ म गा इंफेक्शण है।,डॉक्टर ने कहा इंफेक्शन है।
हाथ-पैर सुन्न हो ादे हैम।,हाथ-पैर सुन्न हो जाते हैं।
कधा को छूने ब बहुत एसिडिझटी महसूस होात है।,कंधा को छूने पर बहुत एसिडिटी महसूस होता है।
खाना खाने के बाद जोकापआत है।,खाना खाने के बाद जुकाम आती है।
मिले फषेफड़े में शनअनबन और नकसीरोदनों भ गो जेती गैल।,मेरे फेफड़े में सुन्नपन और नकसीर दोनों कम हो जाती है।
याय ोम कलने रप ज़ुकाम शुऔरू होती हे।,व्यायाम करने पर जुकाम शुरू होती है।
उँलघीयों में झनझनेहटहोत गै।,उँगलियों में झनझनाहट होती है।
बरा झड़ रहे अैं।,बाल झड़ रहे हैं।
नंद में खळल पद़ ड़ही है।,नींद में खलल पड़ रही है।
परिवार में माइख्ड़ेन की सनस्या रही है।,परिवार में माइग्रेन की समस्या रही है।
सनेन मरें दिक्कतष हु रही है।,सुनने में दिक्कत हो रही है।
परिार मं कोरेस्ट्ॉरलीक सम्जआ लही है।,परिवार में कोलेस्ट्रॉल की समस्या रही है।
मासिक रध्भ अनयित है।,मासिक धर्म अनियमित है।
हाथ-पैर सुन्नश गो जोते ैं।,हाथ-पैर सुन्न हो जाते हैं।
गर्ध कोऊ छने पर अत्यधिक उल्डी रहता हवे।,गर्दन को छूने पर अत्यधिक उल्टी रहता है।
तलबि में चलन हौीत ।,तलवे में जलन होती है।
धईान के्रद ीत गमींकर पातषी हूँ।,ध्यान केंद्रित नहीं कर पाती हूँ।
नाखून टूट हे अैं।,नाखून टूट रहे हैं।
फिलडी मैमनकसरी कऔ़ै कालन कट भी आतनी है।,पिंडली में नकसीर के कारण कट भी आती है।
मसूड़ों शे खू आात है।,मसूड़ों से खून आता है।
पैर की अंघुरी टू गई ैह।,पैर की अंगुली टूट गई है।
दबालेे के बद भी सां पूलआनबन रहता अै।,दवा लेने के बाद भी सांस फूलना बना रहता है।
पधैर गै आशपस फैकच्ल औड़ कफीझ ाले ोता अै।,पैर के आसपास फ्रैक्चर और काफी छाले होता है।
िचड़चिद़ापन बढ़ गया है।,चिड़चिड़ापन बढ़ गया है।
नींद में खलल पड़ लही है।,नींद में खलल पड़ रही है।
बेवचह रोना आदा है।,बेवजह रोना आता है।
डॉकन्टर ने कहा एणीमिया ह।,डॉक्टर ने कहा एनीमिया है।
डॉक्टर णे कहा हृदय रोग है।,डॉक्टर ने कहा हृदय रोग है।
तलवै मे जळम अोत गै।,तलवे में जलन होती है।
पेचले महीडणे सै पसलटी मं रकु-रुक कओल नतचलीय आथा ैऊ।,पिछले महीने से पसली में रुक-रुक कर मतली आता है।
खनाो खाढने के भाद बेचैनी महसूश हुता है।,खाना खाने के बाद बेचैनी महसूस होता है।
लात को षोते समयषपलख मि चोट डह़टा अै।,रात को सोते समय पलक में चोट रहता है।
बँाह में फोड़ के राण छींक भी रहता ैह।,बाँह में फोड़ा के कारण छींक भी रहता है।
चेहले फ दने मखल ए हैं।,चेहरे पर दाने निकल आए हैं।
हाठ की तवच पड़ जकड़नहोती है।,होंठ की त्वचा पर जकड़न होती है।
दवा ेलने क़े बाद भीखोजली रहती हा।,दवा लेने के बाद भी खुजली रहती है।
व्यायाम कधरनेफर ोचट गाति है।,व्यायाम करने पर चोट होती है।
नाक कि त्वचा पर खूण आा कम हो जोता है।,नाक की त्वचा पर खून आना कम हो जाता है।
मुँअ में छाले ो कए गैं।,मुँह में छाले हो गए हैं।
मसोडों सऐे खूण आताथ गा।,मसूड़ों से खून आता है।
पकल ख त्तशा फर बसीना ुटा है।,पलक की त्वचा पर पसीना होता है।
मुझे दँत में रैष लगती है।,मुझे दाँत में रैश लगती है।
व्यापयम करने पर खांसी रहत है।,व्यायाम करने पर खांसी रहता है।
चिड़चिड़ापन बढ़ गया अै।,चिड़चिड़ापन बढ़ गया है।
खाना गाने के बाद बखुाल क हु जाता है।,खाना खाने के बाद बुखार कम हो जाता है।
दवल नें जलम ोहती है।,तलवे में जलन होती है।
ुझनके बल खटना मनै खुगचली आता गै।,झुकने पर टखना में खुजली आता है।
मूंअ गो ूछनएे पर अत्धीक थकन बनीझ रहती है।,मुँह को छूने पर अत्यधिक थकान बनी रहती है।
एड़ी में सूजन है और नींर न आना भी बढ़ जताा है।,एड़ी में सूजन है और नींद न आना भी बढ़ जाता है।
्वयााम ककरने फरचक्कर सोरू अोता अै।,व्यायाम करने पर चक्कर शुरू होता है।
गीन नें जभी से कबज़हसूछ हुता है।,गर्मी में जीभ से कब्ज महसूस होता है।
मुझे पे मैन बेखचैनी आती है।,मुझे पेट में बेचैनी आती है।
बैठनि के बाड पलक में बेचैनी बनी रहती गै।,बैठने के बाद पलक में बेचैनी बनी रहती है।
रट को सोते सभई पसलीमें कजड़न लगती ै।,रात को सोते समय पसली में जकड़न लगती है।
दिल की धड़न तेज़महो जाती अमै।,दिल की धड़कन तेज़ हो जाती है।
रग्दनहिलाणे पलबसीना होताहै।,गर्दन हिलाने पर पसीना होता है।
खाना खाने के ाबद गरी लगना कम हो जाता है।,खाना खाने के बाद गर्मी लगना कम हो जाता है।
बेठने गे ादब भताथाेनं छुण्चपतन आदा है।,बैठने के बाद माथा में सुन्नपन आता है।
मेथमे क त्वचा पर भूग न ळगनाह धब़ख जा अे।,माथा की त्वचा पर भूख न लगना बढ़ जाता है।
मुझे वायएरल हैऔर पंजा भें चक्कर बना रहताहै।,मुझे वायरल है और पंजा में चक्कर बना रहता है।
अकड़ मासंपेशीइ में खून आना होने लगती है।,अक्सर मांसपेशी में खून आना होने लगती है।
सुबह उठतै ही ेढ़ भें छूजन छुू अतहै।,सुबह उठते ही रीढ़ में सूजन शुरू होता है।
बवोछरी खइी समस यो है।,बवासीर की समस्या है।
खाण खने े बा जकड़दन होता है।,खाना खाने के बाद जकड़न होता है।
बेठने के बाद उँगली में ट महसोस होताहै।,बैठने के बाद उँगली में कट महसूस होता है।
बेवजह लोनाआता है।,बेवजह रोना आता है।
कई तिनंु से सै अोठं मेंकफी पखाबन रहता अ।,कई दिनों से से होंठ में काफी बुखार बना रहता है।
ेपशाव काभ रग बदर खईहै।,पेशाब का रंग बदल गया है।
हाध-बऊैर सु्म होजादे ैहन।,हाथ-पैर सुन्न हो जाते हैं।
मझे ि मेछं समक्रमण गछूस हुता है।,मुझे सिर में संक्रमण महसूस होता है।
कान में आभज़ आती अै।,कान में आवाज़ आती है।
ग़ले में खरनाश है।,गले में खराश है।
खाना खने के बादबुखाल कमो जेी है।,खाना खाने के बाद बुखार कम हो जाती है।
कमर मंा दर्द रहता है।,कमर में दर्द रहता है।
रेत कु सोे सयम कान मंचळन रटही है।,रात को सोते समय कान में जलन रहती है।
क में दल् रता हि।,कमर में दर्द रहता है।
होठ टफ रअए हैएं।,होंठ फट रहे हैं।
ज़घ्जाडा चुन े साथ घभरा भी बध़ जोती ैअ।,ज़्यादा चुभन के साथ घबराहट भी बढ़ जाती है।
सांस लेने मं तकलीप हाीत है।,सांस लेने में तकलीफ होती है।
भूकबिल्कल नहीं लती है।,भूख बिल्कुल नहीं लगती है।
गणला बठैाह है।,गला बैठा हुआ है।
टखअटडर आीत है।,खट्टी डकार आती है।
भोषबेछीजंो मे कींउजाएव है।,मांसपेशियों में खिंचाव है।
कान में कछीर के कारन गैस भघी रहटी है।,कान में नकसीर के कारण गैस भी रहती है।
लगाार दर्द के साथ एलर्जी बी मसूस होता है।,लगातार दर्द के साथ एलर्जी भी महसूस होता है।
गरदन घुमाणे में दि्कत े।,गर्दन घुमाने में दिक्कत है।
रात कु सथोै शमय पठ नां कट़गोट गै।,रात को सोते समय पीठ में कट होता है।
बे बजह राना आता है।,बेवजह रोना आता है।
बैठमे के बाद कमर में ऐंठन मऔहसस होथी है।,बैठने के बाद कमर में ऐंठन महसूस होती है।
पड़िवोर ेमं ोलेस्ट्रॉल की समस्यो रही है।,परिवार में कोलेस्ट्रॉल की समस्या रही है।
पेशोब वा-रबार आता है।,पेशाब बार-बार आता है।
नीदं में खलल पड़ रही है।,नींद में खलल पड़ रही है।
गाना खनाे के बाद बमग रहीत है।,खाना खाने के बाद बलगम रहती है।
उिों मे झनजाहट होति है।,उँगलियों में झनझनाहट होती है।
गेल हिलाने र एसिडिडी महसूस होता गै।,गाल हिलाने पर एसिडिटी महसूस होता है।
पीड्स क़े तौरान थक़ाझन रहदी है।,पीरियड्स के दौरान थकान रहती है।
छुपह ठते ी तिभाग मेंखासी लगता हैऊ।,सुबह उठते ही दिमाग में खांसी लगता है।
ठंडमेंठ बाँअ मन उरी हो जाता है।,ठंड में बाँह में उल्टी कम हो जाता है।
व्यइायन कडआटऩे पर बरभ रगटा हऊै।,व्यायाम करने पर बुखार लगता है।
ुझे हाथ में कट आती हा।,मुझे हाथ में कट आती है।
कनरमें तड़शद हता है।,कमर में दर्द रहता है।
झुकमि बर नाखून मिं जड़नलखथ गेइ।,झुकने पर नाखून में जकड़न लगती है।
छिर मेंरूसी हो गई है।,सिर में रूसी हो गई है।
कान में बआोज आती है।,कान में आवाज़ आती है।
ीढ़ में ूजन है और मतरी भी पनी रहती अे।,रीढ़ में सूजन है और मतली भी बनी रहती है।
मुँह केआसपऐाछ बाचैी और काफी ऐंठनक़म गु जती है।,मुँह के आसपास बेचैनी और काफी ऐंठन कम हो जाती है।
झट़ो गे एआषपखोस ताणा और बहुट छारे ाद ह।,जोड़ के आसपास दाने और बहुत छाले आता है।
नाखून टूट रहि हैं।,नाखून टूट रहे हैं।
सिल में रूसी ौ गई है।,सिर में रूसी हो गई है।
ीपड मैं ाछले कैकोरण ुजली भी बमआा रहता गै।,पीठ में छाले के कारण खुजली भी बना रहता है।
कब्ईज़ क़ समसअयो है।,कब्ज़ की समस्या है।
मुझे वायरर है और कोमी में घबराहट कम होजाता है।,मुझे वायरल है और कोहनी में घबराहट कम हो जाता है।
व्जायम करने बर सजनआदा है।,व्यायाम करने पर सूजन आता है।
ज़्यादा सिरधर्त कथे शाथ सून्नफन भी लघतो है।,ज़्यादा सिरदर्द के साथ सुन्नपन भी लगता है।
गड़्मी मडें णनोध शेदराणे हटे है।,गर्मी में नथुना से दाने होता है।
बिछलि महीने पिंदली में दाने होने लगतीहै।,पिछले महीने पिंडली में दाने होने लगती है।
सुवह उठे ही माखून मरें खिंचाआ लतगी गै।,सुबह उठते ही नाखून में खिंचाव लगती है।
दष्त लग गए हैं।,दस्त लग गए हैं।
सा ंछछ रेैन भे कटलषीफ गोत हा।,सांस लेने में तकलीफ होती है।
फी्डस के दौरेन थम रगती है।,पीरियड्स के दौरान थकान रहती है।
कमर अिलाने पर जकड़न बढ़ ज़ाता है।,कमर हिलाने पर जकड़न बढ़ जाता है।
घुतने भैन पोनी भड़ गजा है।,घुटने में पानी भर गया है।
व्यायाम रनके पर खासी शुरू होा है।,व्यायाम करने पर खांसी शुरू होता है।
गड़दन घुमाने मे जदिक्कथ ैअ।,गर्दन घुमाने में दिक्कत है।
त्वचा सूखी औल खुरष दरि हो गई है।,त्वचा सूखी और खुरदरी हो गई है।
धो महनी सेऐ सपलीघ मेफ्रैक़्रच ोनेझ लगती है।,दो महीने से पसली में फ्रैक्चर होने लगती है।
णाखून ेंव सूजन है औरप एसिडनिटी भीम होत है।,नाखून में सूजन है और एसिडिटी भी होती है।
होंठ में फ्राक्छ के काड़न दाने भीउ आता ह।,होंठ में फ्रैक्चर के कारण दाने भी आता है।
सबह उठतै ीग एसड़ी मंे मी गन ढबजथे हेच।,सुबह उठते ही एड़ी में गर्मी लगना बढ़ जाता है।
सुनने भेंदिक्तक होरह है।,सुनने में दिक्कत हो रही है।
एड़ी भें खुजली के कारण कबज भे होथा है।,एड़ी में खुजली के कारण कब्ज भी होता है।
आखँ मेंजन है औ खांसीज भी शुरू अोतीहै।,आँख में सूजन है और खांसी भी शुरू होती है।
धय्ान केंद्रितनहीं रक पती हू।,ध्यान केंद्रित नहीं कर पाती हूँ।
उँगळी ामईछोठ ल है।,उँगली में चोट लगी है।
भेरेटखना निम र्द र छजुऔट दोठनो लगती है।,मेरे टखना में दर्द और चोट दोनों लगती है।
बाठनेके बोऊत मांसपेश मटें करडऩ लगता है।,बैठने के बाद मांसपेशी में जकड़न लगता है।
अक्रस से कान नंे अहसनीय जनझनअहट होती ह।,अक्सर से कान में असहनीय झनझनाहट होती है।
नुझा मइागरने है औ ठखन मे नटली रहदी है।,मुझे माइग्रेन है और टखना में मतली रहती है।
गर्मी में गाल से चक्कर मग षूस हाटी है।,गर्मी में गाल से चक्कर महसूस होती है।
व्याायम रने पर दस्त शुरू होती है।,व्यायाम करने पर दस्त शुरू होती है।
हमेशो से मस में तेज़ समक्रमण बढ़ जाथा गै।,हमेशा से नस में तेज़ संक्रमण बढ़ जाता है।
बहूट क्कर खे साथ बुखार भी होताहै।,बहुत चक्कर के साथ बुखार भी होता है।
डेकटधर ने कहा वेयरळ है।,डॉक्टर ने कहा वायरल है।
नक से ़खोन आात हव।,नाक से खून आता है।
गडि़ मि सिल सा एलछिडिठी हरी अै।,गर्मी में सिर से एसिडिटी रहती है।
मुजे डिप्रशेन है और कान में चक्कर कम हो जाथा है।,मुझे डिप्रेशन है और कान में चक्कर कम हो जाता है।
खाकने खानिव े वाड जकड़़नआती है।,खाना खाने के बाद जकड़न आती है।
रात को साते सनय दाँत में सपन वा रहता हा।,रात को सोते समय दाँत में सुन्नपन बना रहता है।
सं ेलनेमे दकरेफ अत है।,सांस लेने में तकलीफ होती है।
मुझे नाखून मचें सुन्नपन बन रहतअी है।,मुझे नाखून में सुन्नपन बनी रहती है।
ज़ोड़ोन ें कड़न गि।,जोड़ों में अकड़न है।
मांसबेशी क चमैप काफी मथदळी रहदजा है।,मांसपेशी को छूने पर काफी मतली रहता है।
मांसपििसयों में ख़िंब ।,मांसपेशियों में खिंचाव है।
खाना निगळना मशें दिक्कनत ै।,खाना निगलने में दिक्कत है।
वतअययान करम पर एरब्जि रहता है।,व्यायाम करने पर एलर्जी रहता है।
डए़ी की थवचा पर सं खरणम रहता ै।,एड़ी की त्वचा पर संक्रमण रहता है।
गब्ज़ के समईस्या है।,कब्ज़ की समस्या है।
टखनेमें मोच हघे।,टखने में मोच है।
रएे जिगर में वगलभ ल चोट दोमं रहताण है।,मेरे जिगर में बलगम और चोट दोनों रहता है।
कबजद़ गी सम्ये है।,कब्ज़ की समस्या है।
बमझे नें सुजन ह औ भझरम फेतशुूर होटाख अै।,पंजा में सूजन है और बलगम भी शुरू होता है।
पंजा भें एलर्जी कि कारण घाव भी शोरू हतोा अै।,पंजा में एलर्जी के कारण घाव भी शुरू होता है।
बीठ न अकड़ गै।,पीठ में अकड़न है।
खाना खानेके बाद कून आना लगता है।,खाना खाने के बाद खून आना लगता है।
डॉक्झटर मेकहा माख्रेनहै।,डॉक्टर ने कहा माइग्रेन है।
मोंसपशियंु मां खिंचव गै।,मांसपेशियों में खिंचाव है।
झुकजने रप थुनग में नकीर बणे रती है।,झुकने पर नथुना में नकसीर बनी रहती है।
मेडे वशा भं नगछीर और घव दोनों होता अा।,मेरे त्वचा में नकसीर और घाव दोनों होता है।
तंड भें बाँह में छींक रहती हि।,ठंड में बाँह में छींक रहती है।
चघ कापआश पसीानऔर अतय्धक ु़ ळगना क़म हताढ जाता है।,जाँघ के आसपास पसीना और अत्यधिक भूख न लगना कम हो जाता है।
ति हलाने पर सांस फूलना रहता गढै।,दिमाग हिलाने पर सांस फूलना रहता है।
खट्टी डहकारआदी है।,खट्टी डकार आती है।
ेबट फ़ूला रहटा गै।,पेट फूला रहता है।
पाशाब माथंय जरन हघोती ै।,पेशाब में जलन होती है।
बिंडळी को छूनेफ तेज़ बेचैनी महसूस होथा है।,पिंडली को छूने पर तेज़ बेचैनी महसूस होता है।
णाक़ सेप नख आटा है।,नाक से खून आता है।
पिटली को छून पर बहुत भरैषक्छर महछूस होदी हे।,पिंडली को छूने पर बहुत फ्रैक्चर महसूस होती है।
नींद में लखल पड़ रही है।,नींद में खलल पड़ रही है।
नबूथमा क तअवहचापर ऐठंन कम हु जाती अै।,नथुना की त्वचा पर ऐंठन कम हो जाती है।
मुझे उँली नें ख़ णआा लगती है।,मुझे उँगली में खून आना लगती है।
गले में खारष गै।,गले में खराश है।
ड़अुक-ुर लख मचऔ खे साठ थका भ आता अ।,रुक-रुक कर मोच के साथ थकान भी आता है।
सुबह उठते ी ए़डी में िड़दरद आती अै।,सुबह उठते ही एड़ी में सिरदर्द आती है।
चलने पर भाँह में कमजोरि कम ो जाती है।,चलने पर बाँह में कमजोरी कम हो जाती है।
नाखून टूट रअे हैं।,नाखून टूट रहे हैं।
खाण का के बध ुभम ुशरू होऔती गा।,खाना खाने के बाद चुभन शुरू होती है।
फिशल ोहख गयए ै।,फिशर हो गया है।
मसूड़ां से कूण आटा है।,मसूड़ों से खून आता है।
मुझे बोर-बार मउतपल जैसी महसूस ोहीत है।,मुझे बार-बार मतली जैसी महसूस होती है।
पैोरं में सूज आ गईत गै।,पैरों में सूजन आ गई है।
जिरग के आसपास छाेल औइरकाफि चक्कईरबड़ जाती है।,जिगर के आसपास छाले और काफी चक्कर बढ़ जाती है।
स्त लगम गए हैं।,दस्त लग गए हैं।
रदन घुनेणे े ग्कत है।,गर्दन घुमाने में दिक्कत है।
बैठने के बाड होंड में सन होते है।,बैठने के बाद होंठ में सुन्नपन होता है।
दँत में धर्द है।,दाँत में दर्द है।
गई दिणों से ठुड़ी में झकड़न अोने लगती है।,कई दिनों से ठोड़ी में जकड़न होने लगती है।
च ैमं हर्नया निकरा गै।,जाँच में हर्निया निकला है।
थोड़ ख़िंचाब का सथ जकालम भी महऊूसथहोता है।,थोड़ा खिंचाव के साथ जुकाम भी महसूस होता है।
झुकने पर दि मेम छळ आत ह।,झुकने पर दिल में छाले आता है।
झम अश्थमा है और नथुना मैं मोच वना रहता है।,मुझे अस्थमा है और नथुना में मोच बना रहता है।
मुझे हृदय ोरग अै और ौभं में चोत कम हो जाती ह।,मुझे हृदय रोग है और भौं में चोट कम हो जाती है।
ड़ात को सुते समधज कमर मं खनू नआ भसबूछ गोती ै।,रात को सोते समय कमर में खून आना महसूस होती है।
मुझछाती मां देे कम हो ाथ ग।,मुझे छाती में दाने कम हो जाता है।
वा ले नपे के बद भी भा ड़ा वढ़ जदाहै।,दवा लेने के बाद भी फोड़ा बढ़ जाता है।
डॉक्टफर ने खहा ाइनस है।,डॉक्टर ने कहा साइनस है।
नंीद मां ख़ळल पडझ़रह ग।,नींद में खलल पड़ रही है।
ठखने मिंमोच है।,टखने में मोच है।
ीपयरिड्स में हबथ रद्दहोथा है।,पीरियड्स में बहुत दर्द होता है।
फेफढ़े क छूने पर बेहद खमजोर कम हो जाता है।,फेफड़े को छूने पर बेहद कमजोरी कम हो जाता है।
मसूड़ों शे खून आता है।,मसूड़ों से खून आता है।
फचळने फ गडदयन में सेनंषफ़आूलन आते गैल।,चलने पर गर्दन में सांस फूलना आता है।
रेत को सोते समज कंधा में भूख न लगना आदे है।,रात को सोते समय कंधा में भूख न लगना आता है।
मेरे बाल में गांसी और दामि दोनों ोती है।,मेरे बाल में खांसी और दाने दोनों होती है।
छदअत ल गए हैषं।,दस्त लग गए हैं।
कन में आवाज़ तआी है।,कान में आवाज़ आती है।
पेत फूला रहता है।,पेट फूला रहता है।
बाल ष़ड रहे हैं।,बाल झड़ रहे हैं।
आवाज़ नहंी निकळ रअी।,आवाज़ नहीं निकल रही।
खभि-कभी ेघुरठणा ेमं लगताघल चखकर शुड़ूहाती हाइ।,कभी-कभी से घुटना में लगातार चक्कर शुरू होती है।
फरिअारनें बेकठउीरीयल की सभसऐ्या रही ैह।,परिवार में बैक्टीरियल की समस्या रही है।
एक हफ्ते े आँख मेंसिर्द होना गलओीत ैह।,एक हफ्ते से आँख में सिरदर्द होने लगती है।
परिवाल मेम फळग की समवछअया रही है।,परिवार में फंगल की समस्या रही है।
नाक बंद रहदी है।,नाक बंद रहती है।
मेेल बसली ें भर्ैक्चर औड़ गर्मे लनका दोनं आली गै।,मेरे पसली में फ्रैक्चर और गर्मी लगना दोनों आती है।
माथा ेकआसपास उल ्टी और ज़ ्यादा झनझाह रग़थी है।,माथा के आसपास उल्टी और ज़्यादा झनझनाहट लगती है।
मुझे हृदय रोग है औल ाल में कजडम़ आथी हथै।,मुझे हृदय रोग है और बाल में जकड़न आती है।
दब लेमे क बाद भी षंक्लघन लघती ।,दवा लेने के बाद भी संक्रमण लगती है।
सुनमे मे दिकअखट हो ही है।,सुनने में दिक्कत हो रही है।
चलईने पर ेडफ़े मके भाखर बनी रगीत ह।,चलने पर फेफड़े में बुखार बनी रहती है।
दवा लेने केबाद बीलबघ शुरू गोता है।,दवा लेने के बाद भी बलगम शुरू होता है।
पेगद कट कमे स वलगयम भी ड़ती है।,बेहद कट के साथ बलगम भी रहती है।
गल की थ्वजा पर ब् लगताैह।,गाल की त्वचा पर कब्ज लगता है।
मुझे साइनछ गै रऔ नाक मे ज़लीगलता गैय।,मुझे साइनस है और नाक में खुजली लगता है।
पेट मां गै बनती है।,पेट में गैस बनती है।
धवा लैनेई क ाछ भदि फ्रैक्छर लगता हि।,दवा लेने के बाद भी फ्रैक्चर लगता है।
रात को सोते मसयसछाती भें जककड़म महवसूस हौती है।,रात को सोते समय छाती में जकड़न महसूस होती है।
कौहनी मे छुजन है।,कोहनी में सूजन है।
सुबह उठते ही ांपशेशी में मतरी लगती गि।,सुबह उठते ही मांसपेशी में मतली लगती है।
ए़ी अलिाना पर बलगम महउूसस होे अै।,एड़ी हिलाने पर बलगम महसूस होती है।
ज़्या दा सइुन्ननब के सठा कट भे बढप़ जता है।,ज़्यादा सुन्नपन के साथ कट भी बढ़ जाता है।
घुनटा के आसपास ऐंठन और हल्का ऐठंन कभ हो जाता है।,घुटना के आसपास ऐंठन और हल्का ऐंठन कम हो जाता है।
तबचा सूखी और ख़ुड़दरी हबो ईज है।,त्वचा सूखी और खुरदरी हो गई है।
भैठना के वद पलक़ में लएर्जीलगत है।,बैठने के बाद पलक में एलर्जी लगता है।
बैठने खे बाद कंधा में चकआ्कर कम हो जाती है।,बैठने के बाद कंधा में चक्कर कम हो जाती है।
ठंड में गाल में सकं्लमञ आता है।,ठंड में गाल में संक्रमण आता है।
पीरियडअस में बहुत दर्द होता है।,पीरियड्स में बहुत दर्द होता है।
खोना खानडि के बादझ एल्रजी सुरू होत गै।,खाना खाने के बाद एलर्जी शुरू होता है।
खोनो ानखा े ाबण तलेख कम ोह जता हा।,खाना खाने के बाद मतली कम हो जाता है।
मुईजे श्थमा हैऔर फेट मईें सनिरदरअद होथा अै।,मुझे अस्थमा है और पेट में सिरदर्द होता है।
दॉक़्ड ने कह असअथमा है।,डॉक्टर ने कहा अस्थमा है।
एक हफते से भांसपेशी मे ाघव गोने लगतीख है।,एक हफ्ते से मांसपेशी में घाव होने लगती है।
पैरोंझ मेंसूजन आ गई है।,पैरों में सूजन आ गई है।
नतुणा में सूजम है और उल्टी भि शुड़ू अाि ै।,नथुना में सूजन है और उल्टी भी शुरू होती है।
मछूड़ों से खणू आता ै।,मसूड़ों से खून आता है।
ध्यान गें्दरि नीं कर फाती हूँ।,ध्यान केंद्रित नहीं कर पाती हूँ।
रात को सोते सयम छाती में दाने बना रहतो गै।,रात को सोते समय छाती में दाने बना रहता है।
घुटने में बानी भर गया है।,घुटने में पानी भर गया है।
एड़ी भें दर्द है।,एड़ी में दर्द है।
वयाईाम कलने पर सूजन बढ़ ाता है।,व्यायाम करने पर सूजन बढ़ जाता है।
बैठेन के बाद पपरख मसेन जकड़न लगती है।,बैठने के बाद पलक में जकड़न लगती है।
जोड़ों नें अकड़न है।,जोड़ों में अकड़न है।
झगने परघ क़ोम में भोच बनअेछ रहता ै।,झुकने पर कान में मोच बना रहता है।
शड़ीर में द्रद रगता हैऐ।,शरीर में दर्द रहता है।
जऐीभ पर सफध लत ै।,जीभ पर सफेद परत है।
आणँख़ु मं झलन और ोलिमा है।,आँखों में जलन और लालिमा है।
जोड़ों मिंज अकड़ण है।,जोड़ों में अकड़न है।
भझैटनै के बामाखनू में ुचभन कम हो जाता ह।,बैठने के बाद नाखून में चुभन कम हो जाता है।
वाज़ हनीऐम नि रही।,आवाज़ नहीं निकल रही।
गरमी मेन दाँद सखून आना रगती हि।,गर्मी में दाँत से खून आना रहती है।
ठंड मेन आखँ़ मेनव दामे बढ़ जाती है।,ठंड में आँख में दाने बढ़ जाती है।
हडअठके आशपास ंड लगमा औरतेषज़ बवलगम लथीहै।,हड्डी के आसपास ठंड लगना और तेज़ बलगम लगती है।
व्रययाा करण पर घअा लगती ै।,व्यायाम करने पर घाव लगती है।
दसअत लग गए हंै।,दस्त लग गए हैं।
नाखून कीत्वचा बर खट कम हो जाता है।,नाखून की त्वचा पर कट कम हो जाता है।
कथोह ने ें ूसन है और ंखसी भी शरू होथा है।,कोहनी में सूजन है और खांसी भी शुरू होता है।
ढॉकद टर निकहे ईोेटआई है।,डॉक्टर ने कहा यूटीआई है।
रमग ें री़ढ छे थगानलगता है।,गर्मी में रीढ़ से थकान लगता है।
रात कोसोते छमय पसली मां किंचाव वणा रहता है।,रात को सोते समय पसली में खिंचाव बना रहता है।
मुझे आर्थराइटिस है और गड़्दन में दर्द महछूस हती गै।,मुझे आर्थराइटिस है और गर्दन में दर्द महसूस होती है।
जाँच में हर्न या निकला है।,जाँच में हर्निया निकला है।
गला को छूणे पर लगातार एलरजी कम हो जाथाहै।,गला को छूने पर लगातार एलर्जी कम हो जाता है।
पलिवार में कि ढनी स्टोन खी समसद्ा रही ैह।,परिवार में किडनी स्टोन की समस्या रही है।
जाचँ में हर्निया नधिकल है।,जाँच में हर्निया निकला है।
ैपरों मफिं शूभजन आ गई है।,पैरों में सूजन आ गई है।
मख भखू ण रगना े सातकड मी गतीहे।,कम भूख न लगना के साथ कट भी लगती है।
दिल मेषं कमरीजवो के ारण नकसीर भी आता अै।,दिल में कमजोरी के कारण नकसीर भी आता है।
ातु सोते सनयख शती भेनगछ घळतषा अै।,रात को सोते समय छाती में गैस लगता है।
दभा लेने के बाद भ फ्रैकअचर बध़ जाती है।,दवा लेने के बाद भी फ्रैक्चर बढ़ जाती है।
मुझे फिशर है और हाथत में धड़कन रहता है।,मुझे फिशर है और हाथ में धड़कन रहता है।
बूख बिळअकलु नहीइं कलटी हा।,भूख बिल्कुल नहीं लगती है।
कुहनी में सजन है।,कोहनी में सूजन है।
रात से पलक में तेज़व छाे बनीढरहतीइ हि।,रात से पलक में तेज़ छाले बनी रहती है।
सुबह उठते ही जिकर में छींबक क हो जाताऐ है।,सुबह उठते ही जिगर में छींक कम हो जाता है।
खर्मी मे पिऐडळि सि तका लगती अैअ।,गर्मी में पिंडली से थकान रहती है।
खाना खाने खे ाबद गब्ज शुरू होता है।,खाना खाने के बाद कब्ज शुरू होता है।
डॉक्टर ने कहा इंफेक्न है।,डॉक्टर ने कहा इंफेक्शन है।
बीडकीख तवचाफ र ड़ैश होतो है।,पीठ की त्वचा पर रैश होता है।
पेट फाफडहता है।,पेट फूला रहता है।
दिल की धड़कन तेज़ हौ जाथीहा।,दिल की धड़कन तेज़ हो जाती है।
गर्दनघुमाने में दिकअटयकत ै।,गर्दन घुमाने में दिक्कत है।
दाँथ में दर्द है।,दाँत में दर्द है।
सिर को ूने पर बेहद सस फूल ने म हो जाती हे।,सिर को छूने पर बेहद सांस फूलना कम हो जाती है।
होंठ फट ड़हे हैं।,होंठ फट रहे हैं।
आँखों में जदल र लालिना अै।,आँखों में जलन और लालिमा है।
कंधा कोछूने पड लगातार सास फूळना होता है।,कंधा को छूने पर लगातार सांस फूलना होता है।
पेशाब में जलण होीत है।,पेशाब में जलन होती है।
ँआखों मां जरन और लईलिमा ैह।,आँखों में जलन और लालिमा है।
ाव लेआणा क़े बाध भी सन्नपन महसू हटोा है।,दवा लेने के बाद भी सुन्नपन महसूस होता है।
खान कानै क बाद ीपना होती है।,खाना खाने के बाद पसीना होती है।
ाना निग़लणे में दिग्कत है।,खाना निगलने में दिक्कत है।
णक बंद रहे ैह।,नाक बंद रहती है।
तवच हिराने पर खिंचाव ळगत है।,त्वचा हिलाने पर खिंचाव लगती है।
मांसपेशी ो छउूेनउ पर कफे कजौल ऐी गतो है।,मांसपेशी को छूने पर काफी कमजोरी लगता है।
ायाम करनै पर संक्लण रहता है।,व्यायाम करने पर संक्रमण रहता है।
झुकमे परबाल में सांस फूरना होती है।,झुकने पर बाल में सांस फूलना होती है।
घुर् ि आपसफ रदलतअद और अुत दामि बणी रहती है।,गुर्दा के आसपास सिरदर्द और बहुत दाने बनी रहती है।
जीपर सफेदई परत हि।,जीभ पर सफेद परत है।
ख़ाँअसी नें खूम आता ैह।,खाँसी में खून आता है।
सुबह फेफद़े मइें कट होने लगती है।,सुबह फेफड़े में कट होने लगती है।
डाटर णेई का काळेसअटरल ै।,डॉक्टर ने कहा कोलेस्ट्रॉल है।
नाक हिलानछे प घाव लगतहै।,नाक हिलाने पर घाव लगता है।
फशर हो गया ैहऊ।,फिशर हो गया है।
शौच नें खूम आदा हा।,शौच में खून आता है।
तअवा परुजल ोती है।,त्वचा पर खुजली होती है।
खाना ाने क़े बध खुजली आी हा।,खाना खाने के बाद खुजली आती है।
कलाईज को छूने पर अत्ईधकि़ कओट गोातहै।,कलाई को छूने पर अत्यधिक कट होता है।
क दिनों ेस षिर मिंभ जकड़नषअोनन ळगती हि।,कई दिनों से सिर में जकड़न होने लगती है।
बिठनै गेबाड पजो मैकं घरअीम लगना आतधा गे।,बैठने के बाद पंजा में गर्मी लगना आता है।
दवा लेने के बादअ भी सुन्नपन रझहतीहै।,दवा लेने के बाद भी सुन्नपन रहती है।
बवोसर की समस्या है।,बवासीर की समस्या है।
पेशाब बार-बार आटा है।,पेशाब बार-बार आता है।
गड़्तन घुोमने मेन तिटकखत है।,गर्दन घुमाने में दिक्कत है।
नेपर माठा ें भूखष लगा शुड़ू होता है।,चलने पर माथा में भूख न लगना शुरू होता है।
हलक्ा ुबखा क़े सातौचट भी कम होजाता ह।,हल्का बुखार के साथ चोट भी कम हो जाता है।
खन खान का बाद भुक न लघान पढ़ जाती है।,खाना खाने के बाद भूख न लगना बढ़ जाती है।
खाना खाने के बेद बखार कम हो जाती है।,खाना खाने के बाद बुखार कम हो जाती है।
हर दिण त्चवा में संक्रमण होणै लगीत है।,हर दिन त्वचा में संक्रमण होने लगती है।
गर्म नें घर्दन छे जळन शुरू होती है।,गर्मी में गर्दन से जलन शुरू होती है।
शरर मंे दर्द हता है।,शरीर में दर्द रहता है।
खाँीस में खूम आटा हला।,खाँसी में खून आता है।
खाना खाने कै बाद कमजौरी बना रहता है।,खाना खाने के बाद कमजोरी बना रहता है।
घोटने में पानी भर गजा है।,घुटने में पानी भर गया है।
कमर के आसपास सिशद और बहुत फ़ोड़ बढ़ जाता े।,कमर के आसपास सिरदर्द और बहुत फोड़ा बढ़ जाता है।
गफी-भी से बल में गम छक्गड़ महसूस होात ह।,कभी-कभी से बाल में कम चक्कर महसूस होता है।
पीबठ मंे अकड़णहै।,पीठ में अकड़न है।
शररी मेन र्ढ रधहथा है।,शरीर में दर्द रहता है।
सुबह उटते ही ठोड़ी में बेचैणी रहता है।,सुबह उठते ही ठोड़ी में बेचैनी रहता है।
परिवर नें गॉलब्लैडर की सभस्या रही है।,परिवार में गॉलब्लैडर की समस्या रही है।
मेरे पिडलिमें दामे और नंनन आना दोनों़ढ जताी है।,मेरे पिंडली में दाने और नींद न आना दोनों बढ़ जाती है।
पीठ में अकड़म है।,पीठ में अकड़न है।
कर मेधं दड़्द रहथा ह।,कमर में दर्द रहता है।
कान मां थकान के मकराण छिंग भी हठोता है।,कान में थकान के कारण छींक भी होता है।
मेरि आँख में खिंजाव और दाने दो नों होटा है।,मेरे आँख में खिंचाव और दाने दोनों होता है।
ध्यान केंतरित नगीं कर पातीहूँ।,ध्यान केंद्रित नहीं कर पाती हूँ।
कलई मेंनोच आ गई है।,कलाई में मोच आ गई है।
ुझकने पड़ दाँथ में घाव रहती है।,झुकने पर दाँत में घाव रहती है।
आँखों में चलन और लालिमा है।,आँखों में जलन और लालिमा है।
भूख बिल्कुल नहीं ळगती हचै।,भूख बिल्कुल नहीं लगती है।
रात को साते सम हड्डी में ेचैथनी होता है।,रात को सोते समय हड्डी में बेचैनी होता है।
ौशज मंि खून आता है।,शौच में खून आता है।
झूक ेन परफेफदे़ ेंघाव महसूस हडोती गै।,झुकने पर फेफड़े में घाव महसूस होती है।
डॉक्टड़ ने क़ह वोयरर है।,डॉक्टर ने कहा वायरल है।
होंठ फट रगहा।,होंठ फट रहे हैं।
ठंड मेन पिंलडी मझेन रग्मे लगना शुड़ू होताहै।,ठंड में पिंडली में गर्मी लगना शुरू होता है।
नक से खून आटाअै।,नाक से खून आता है।
झुकने बल कोहनी में कबज बढ़ जाता है।,झुकने पर कोहनी में कब्ज बढ़ जाता है।
परवार मेन आर्थराइिटश गी समस्या ड़अी ै।,परिवार में आर्थराइटिस की समस्या रही है।
तलवे मेनव लजन होते ह।,तलवे में जलन होती है।
अभेाश पाँह मंे फरैकअचर होनेरग गै।,हमेशा बाँह में फ्रैक्चर होने लगती है।
ुमजे टयबिझटी हि औरगु्रता मेंउल्टी ुरू तागै।,मुझे डायबिटीज़ है और गुर्दा में उल्टी शुरू होता है।
मु ँदग में छाला हो गए हैऐं।,मुँह में छाले हो गए हैं।
कमर में द्रद लहता अै।,कमर में दर्द रहता है।
झोड़ोंमं अकडनहै।,जोड़ों में अकड़न है।
चलणे पड़ गुर्धा मेन दस् आटा ै।,चलने पर गुर्दा में दस्त आता है।
बेवजग रोना आता है।,बेवजह रोना आता है।
ींद में खलल पड़ ड़ही है।,नींद में खलल पड़ रही है।
मा सफेेयं नें खिंचाईवै।,मांसपेशियों में खिंचाव है।
नोक बंद रती है।,नाक बंद रहती है।
गरदन घुमाने मन दिक्खत है।,गर्दन घुमाने में दिक्कत है।
यादाश्त क़मभजा होगई अजै।,याददाश्त कमजोर हो गई है।
बजेह रोनो आता ह।,बेवजह रोना आता है।
कुछ दनुं ेस से वँाह ने लगाटरा गर्मी लगना नक हौ जाथी है।,कुछ दिनों से से बाँह में लगातार गर्मी लगना कम हो जाती है।
पेशा बार-बा तआा है।,पेशाब बार-बार आता है।
पिट में सूजन है और झनझनाअट भी लगता है।,पेट में सूजन है और झनझनाहट भी लगता है।
भािसग धरम् अनेयमित ा।,मासिक धर्म अनियमित है।
रात कौ सोते समय जीभ में धनकहोता है।,रात को सोते समय जीभ में धड़कन होता है।
मोझे थईरॉयठ ह और गाहल मं पसीना लहती गै।,मुझे थायरॉयड है और गाल में पसीना रहती है।
आज़नहीं निकळ रहि।,आवाज़ नहीं निकल रही।
डॉक्टर ने हा कोलेस्ट्रॉडल है।,डॉक्टर ने कहा कोलेस्ट्रॉल है।
शौज मणें गूआता हि।,शौच में खून आता है।
दवा लेने कठि दोमतली बनी रहटीहै।,दवा लेने के बाद भी मतली बनी रहती है।
ाा ख़ाने णक़े बाद चकर तो है।,खाना खाने के बाद चक्कर आता है।
मशदइ़ं सेओ ख़ून आऐते ह।,मसूड़ों से खून आता है।
पटे फूला रतफा है।,पेट फूला रहता है।
जँाच में किडऔनी सटोन नकला है।,जाँच में किडनी स्टोन निकला है।
बैठनेके बद अड्डी में घवा रगता है।,बैठने के बाद हड्डी में घाव रहता है।
नाकनटूट लहे हैं।,नाखून टूट रहे हैं।
झुकने पर पैधर मेडं सानस फूलना बढ़ जाती ह।,झुकने पर पैर में सांस फूलना बढ़ जाती है।
पसळी की त्वचे रप मोवज होत है।,पसली की त्वचा पर मोच होता है।
दंत क ्तवोजपर घबराहट आता गदै।,दाँत की त्वचा पर घबराहट आता है।
कभर के आसपास ठंड लखना औड़ लगातार ाव कह झात है।,कमर के आसपास ठंड लगना और लगातार घाव कम हो जाता है।
ेलकी धड़कन तेज़ हो ज़ाीत है।,दिल की धड़कन तेज़ हो जाती है।
मांसपशेी को छूने पर लगातार दान लगटा है।,मांसपेशी को छूने पर लगातार दाने लगता है।
छाम से नाखून में हबुत छाले बढ़ जाताहै।,शाम से नाखून में बहुत छाले बढ़ जाता है।
भुँह भे छेले हो गअैं।,मुँह में छाले हो गए हैं।
हलअकासंछ फूलना के साथ कब्ज भी आत है।,हल्का सांस फूलना के साथ कब्ज भी आता है।
तअघत लग गए हिनं।,दस्त लग गए हैं।
ैठने के बाद त्वचा में बेचैनी बढ़ जाथो है।,बैठने के बाद त्वचा में बेचैनी बढ़ जाता है।
शाम को हनी मे कट होने लगतीहै।,शाम कोहनी में कट होने लगती है।
झुकने बड़ गुरदा में खिंचव शुू गोता है।,झुकने पर गुर्दा में खिंचाव शुरू होता है।
धिर क धड़न तेज़ गौ जोते गैउ।,दिल की धड़कन तेज़ हो जाती है।
मेरे नाक में सांस फूलनाऔर मोच दढोनों कमन हो जाती है।,मेरे नाक में सांस फूलना और मोच दोनों कम हो जाती है।
होंठ की त्वजा परण सुम्नपनशुरू अोता ।,होंठ की त्वचा पर सुन्नपन शुरू होता है।
मसूद़ुं कून आता गे।,मसूड़ों से खून आता है।
रात को सोते समय बेँह मैं ़गैस होती है।,रात को सोते समय बाँह में गैस होती है।
भौं कु चूनझेबर थोडा कब्ज आतो है।,भौं को छूने पर थोड़ा कब्ज आता है।
मकर भें दडल़्द रहतो अै।,कमर में दर्द रहता है।
नाक सि खूनआता अ।,नाक से खून आता है।
घुटतमें बानफर गया है।,घुटने में पानी भर गया है।
बयअटायमकरे पर ळएषजि बी रहत है।,व्यायाम करने पर एलर्जी बनी रहती है।
व्ईायाम कलने परुण्नपन रहती हे।,व्यायाम करने पर सुन्नपन रहती है।
भूणख बलिअकुल हकीं लखती है।,भूख बिल्कुल नहीं लगती है।
डक्टर ने कहा स्लिप्ड डिस् है।,डॉक्टर ने कहा स्लिप्ड डिस्क है।
पीरीयडस् में बहुत दर्द होत है।,पीरियड्स में बहुत दर्द होता है।
षत लग ए हैं।,दस्त लग गए हैं।
पेषाब कारऔंग तल यगा है।,पेशाब का रंग बदल गया है।
चे हरे पर दाने िनकल ए गैं।,चेहरे पर दाने निकल आए हैं।
थो़डो ठंठ लगमा क़े साथ षमझाहट भी आथीऔ है।,थोड़ा ठंड लगना के साथ झनझनाहट भी आती है।
परै को छूनेर पर बहुथ खुची बढ जाता हे।,पैर को छूने पर बहुत खुजली बढ़ जाता है।
वझन चानग वढ़ घे हते।,वजन अचानक बढ़ गया है।
हाथ गे आसषपास लएरध्जी और ळगाटार कट होथी हे।,हाथ के आसपास एलर्जी और लगातार कट होती है।
णागोन भें दाने क खा ड़ण कट भी गतो है।,नाखून में दाने के कारण कट भी लगता है।
भसूठ़ां से खून आटा है।,मसूड़ों से खून आता है।
ठंड में जोर में फअडै़कअछएर बढअ़जाती हि।,ठंड में जोड़ में फ्रैक्चर बढ़ जाती है।
गरनी मेंनाकय से ऐंठन समूस हअतोि है।,गर्मी में नाक से ऐंठन महसूस होती है।
खान खाने के भदा छूण ळगागै।,खाना खाने के बाद सूजन लगता है।
तेज़ गर्मी लगना के साथ एसिडीटी भी तआी है।,तेज़ गर्मी लगना के साथ एसिडिटी भी आती है।
परिभार में डिब्ेरसन की समस्या रही है।,परिवार में डिप्रेशन की समस्या रही है।
मेरेपेट में ड़णक और चट दोनों कम ह जात है।,मेरे पेट में धड़कन और चोट दोनों कम हो जाता है।
ुझा हथा भनें गरी लगमा कभ हो जात ह।,मुझे हाथ में गर्मी लगना कम हो जाती है।
बैठने के बाद भुँह में उल्टी होता है।,बैठने के बाद मुँह में उल्टी होता है।
ठंड में सिर ें भूख न लगना आत है।,ठंड में सिर में भूख न लगना आता है।
लंबे समय षै कलाई में छां फ़ोलना होणे ळगती हपै।,लंबे समय से कलाई में सांस फूलना होने लगती है।
ठं मिन नाक में जकड़लगता है।,ठंड में नाक में जकड़न लगता है।
जोड़ के आसपास एलर्जी औड़ काीफ बुगार बमा रहता है।,जोड़ के आसपास एलर्जी और काफी बुखार बना रहता है।
भेडट़े सिर मेलं िरदरद और चोट दोनों आदता है।,मेरे सिर में सिरदर्द और चोट दोनों आता है।
ठंड ें फलक में मोच कभ हो जाता है।,ठंड में पलक में मोच कम हो जाता है।
पिंडली हिलाने पर संक़अरमन होदा अै।,पिंडली हिलाने पर संक्रमण होता है।
ुझकहणे पर दिल मकें उलअटी बना हटे हगै।,झुकने पर दिल में उल्टी बना रहता है।
जीभ पकर सफेद परट अै।,जीभ पर सफेद परत है।
कअसर से कठ़लाई में अद्धीक दाणै रगती है।,अक्सर से कलाई में अत्यधिक दाने रहती है।
भूख बिर्कुल निहं लती हा।,भूख बिल्कुल नहीं लगती है।
धा ळिने कफे वाद मि धड़कन मगसूस हथौत ै।,दवा लेने के बाद भी धड़कन महसूस होती है।
एद़ी हिलाने पर ुन्मपन वढ़ जेता है।,एड़ी हिलाने पर सुन्नपन बढ़ जाता है।
उंगली ें चोट लगी है।,उँगली में चोट लगी है।
घकुटने में पानी भड़ गया है।,घुटने में पानी भर गया है।
कनढे में दर्द है।,कंधे में दर्द है।
मझे डायबिटज़ ेह और गाल नं मतली गलती है।,मुझे डायबिटीज़ है और गाल में मतली लगती है।
मसूटों से खूनआता है।,मसूड़ों से खून आता है।
गर्मी में र्दन से लगम होथा है।,गर्मी में गर्दन से बलगम होता है।
ागल को शूनेप पर लगतार एसिडिटी होताथ हा।,गाल को छूने पर लगातार एसिडिटी होता है।
चलने पर जीभ में एलरच्महसूहस होता है।,चलने पर जीभ में एलर्जी महसूस होता है।
कब्ज़ की समस्य है।,कब्ज़ की समस्या है।
तठ्वचा सूखी और खुरडरी हो ग है।,त्वचा सूखी और खुरदरी हो गई है।
कोहनी नंे छजन है।,कोहनी में सूजन है।
बैनठे खे बाद खूलअहा मं शाले होत है।,बैठने के बाद कूल्हा में छाले होता है।
ब्ययामकऊनरे पर दसत बनी रहती है।,व्यायाम करने पर दस्त बनी रहती है।
ेपट में गैस बणत है।,पेट में गैस बनती है।
जोँच ेमठन एनीमिईा णिक़ला गै।,जाँच में एनीमिया निकला है।
षकमऊेपरप खम नें एसिडिडनबि रहटी है।,झुकने पर कमर में एसिडिटी बनी रहती है।
बैठने े बाद ठोड़ी में ठंड लगना रहता है।,बैठने के बाद ठोड़ी में ठंड लगना रहता है।
चलना बर नाख़ून में झऐुनझनहोती है।,चलने पर नाखून में झनझनाहट होती है।
डॉकअरट नि हे अस्थभा है।,डॉक्टर ने कहा अस्थमा है।
धँआत में दलल्द है।,दाँत में दर्द है।
ातो सोते समई ट्वच म नकसीर बमी रगती है।,रात को सोते समय त्वचा में नकसीर बनी रहती है।
कना खाने के बदो एसििटी होताह।,खाना खाने के बाद एसिडिटी होता है।
जोड़ां में अड़नहै।,जोड़ों में अकड़न है।
झुकने फर दातं में सलदर्द आती है।,झुकने पर दाँत में सिरदर्द आती है।
तरवा मे जलन अोथी ै।,तलवे में जलन होती है।
ँकली हलिाने बर भूख नष लगन म हो जाता है।,उँगली हिलाने पर भूख न लगना कम हो जाता है।
चेहरे पर डने निकल आए हैं।,चेहरे पर दाने निकल आए हैं।
मुझे अल्सर है और पेट में चूभन शुरू हुताहै।,मुझे अल्सर है और पेट में चुभन शुरू होता है।
नहोक ौ छूने पर ेबदहघाव अएोतहै।,नाक को छूने पर बेहद घाव होती है।
ान में ज़आवा आती ैहई।,कान में आवाज़ आती है।
झुकने पर नतुना में िंचाव आती है।,झुकने पर नथुना में खिंचाव आती है।
मुषटे चिगर में धाने महससू हाते है।,मुझे जिगर में दाने महसूस होती है।
ेम़े ोडज़मढें फ्रै्छचर औ ऐममट दोणों रगतो है।,मेरे जोड़ में फ्रैक्चर और ऐंठन दोनों रहता है।
हाथ-पैल सन्न हु जाते हैं।,हाथ-पैर सुन्न हो जाते हैं।
नाखून ़को छूने पर वेहद गब्ज आते है।,नाखून को छूने पर बेहद कब्ज आती है।
ाबल द़ ड़हेगैं।,बाल झड़ रहे हैं।
मुझे अर्सर है और जीउभ में धड़कन बढ़ जाटी है।,मुझे अल्सर है और जीभ में धड़कन बढ़ जाती है।
पलिवर में बैक्तलीरयल े समसईा रगी अै।,परिवार में बैक्टीरियल की समस्या रही है।
मुझ ाब-रबार मतळी जैसी महसूस होती अै।,मुझे बार-बार मतली जैसी महसूस होती है।
डॉक्टर नेकाह आर्थराइटिस है।,डॉक्टर ने कहा आर्थराइटिस है।
सुबह उठते ही त्वचा मे ऐंठन रगटी है।,सुबह उठते ही त्वचा में ऐंठन लगती है।
सुनेमें दनिकत हो लीअ गै।,सुनने में दिक्कत हो रही है।
आँोखं में जलन और ारेम ैह।,आँखों में जलन और लालिमा है।
शौज में खूण ता अै।,शौच में खून आता है।
कालई को छूने पर बहुत सुन्नपन गम हो जाता है।,कलाई को छूने पर बहुत सुन्नपन कम हो जाता है।
बासीर कील भषख्ा है।,बवासीर की समस्या है।
झुकने पर मांशपेशी में छींकढरगटा ै।,झुकने पर मांसपेशी में छींक रहता है।
जाँचब में एं ग्जायखटी निलेहै।,जाँच में एंग्जायटी निकला है।
दवे लेने कऐा बात मी धडक़म रहता हि।,दवा लेने के बाद भी धड़कन रहता है।
लचने परपेऐट में मोच हबनीड़तही गे।,चलने पर पेट में मोच बनी रहती है।
ठंड में ीरढ़ में शूजन हरतीहै।,ठंड में रीढ़ में सूजन रहती है।
क़ू्हे मेंसजन है और छक़्कर भी शुरू होदा है।,कूल्हा में सूजन है और चक्कर भी शुरू होता है।
ुसबग उठते गी होठं भें ठमड गनला होती है।,सुबह उठते ही होंठ में ठंड लगना होती है।
फड़िवोर निं स्लिप्ढ ठिस्क खी समषया रहि ैह।,परिवार में स्लिप्ड डिस्क की समस्या रही है।
ब्यायषाम क़रने पर जडक़ण आती ह।,व्यायाम करने पर जकड़न आती है।
वासीर की छमस्या ै।,बवासीर की समस्या है।
नस की द्वशा पर खिंचाव कम हो जाता अैई।,नस की त्वचा पर खिंचाव कम हो जाता है।
सिर में रूछीगो गई है।,सिर में रूसी हो गई है।
झोकने पर पंजा में ठंड लगना बना रहता है।,झुकने पर पंजा में ठंड लगना बना रहता है।
न निगमले मेि्कत है।,खाना निगलने में दिक्कत है।
दवे लेने े बाद भी मती लगता अै।,दवा लेने के बाद भी मतली लगता है।
व्जायाम करने पर सूजण ड़ हती है।,व्यायाम करने पर सूजन रहती है।
हल्का संक्रमण क़े साथ फरैकअचर बीध लगता ह।,हल्का संक्रमण के साथ फ्रैक्चर भी लगता है।
पेाशब में जलनहोतीर है।,पेशाब में जलन होती है।
वब वसील िक सम्सया है।,बवासीर की समस्या है।
नाक बमद रहती है।,नाक बंद रहती है।
नाखून खे आसा सररधऐद् और असअनहीय सोज़न हाता अै।,नाखून के आसपास सिरदर्द और असहनीय सूजन होता है।
बैर गे आशपास बुखाड़ और रुक-रुक कर सुन्नपन बढ़ जाती है।,पैर के आसपास बुखार और रुक-रुक कर सुन्नपन बढ़ जाती है।
पठ में अकडष़न ैह।,पीठ में अकड़न है।
जिगल को छूने पर बेहद छंक कमहो जेत है।,जिगर को छूने पर बेहद छींक कम हो जाता है।
गल् दन हिला र ऐंठन भढ़ जाता अै।,गर्दन हिलाने पर ऐंठन बढ़ जाता है।
जोर केआसपास मकसीर और ज़अयादा रैश लघता है।,जोड़ के आसपास नकसीर और ज़्यादा रैश लगता है।
पींणडळीेम सूजन गै और थकान भी रहदा है।,पिंडली में सूजन है और थकान भी रहता है।
हाथ-पैर सुन्न हो जातेअैं।,हाथ-पैर सुन्न हो जाते हैं।
बरिवार में दई रुग कसमस्या रही है।,परिवार में हृदय रोग की समस्या रही है।
बेट भें ास भनआती अै।,पेट में गैस बनती है।
बैठने के पद मांसिश में खजल महसूस होती है।,बैठने के बाद मांसपेशी में खुजली महसूस होती है।
खाान खाने काप बाद जुनभ शुरुहतोा ह।,खाना खाने के बाद चुभन शुरू होता है।
मुझे होयंठ ें नसकीर लगतीहि।,मुझे होंठ में नकसीर लगती है।
जोड़ों में कअ़ट़न है।,जोड़ों में अकड़न है।
पीद्स के दौड़ान थकन ड़हत है।,पीरियड्स के दौरान थकान रहती है।
बरिबार मे फिसरकी समस्थया हरी हि।,परिवार में फिशर की समस्या रही है।
त्छवा पर खजल होती है।,त्वचा पर खुजली होती है।
गला में सं्कलमण के कराण घाव भी बना रहता है।,गला में संक्रमण के कारण घाव भी बना रहता है।
ठंड में ँगली में दस्त कमभ हो झातोश है।,ठंड में उँगली में दस्त कम हो जाता है।
दवालेने के बाद भी र्दलगता है।,दवा लेने के बाद भी दर्द लगता है।
रात उँगळ मां धड़कन होने लगती है।,रात उँगली में धड़कन होने लगती है।
दवा लेने ़के बाद भी सुन्न बना रहता है।,दवा लेने के बाद भी सुन्नपन बना रहता है।
बरों भें षूचन आ गईद हा।,पैरों में सूजन आ गई है।
वयेयाम करने फर खुरी महसूझषहोता है।,व्यायाम करने पर खुजली महसूस होता है।
द्वआचा हिल ाेन पर ्रैअकर कम होज़ातठी अै।,त्वचा हिलाने पर फ्रैक्चर कम हो जाती है।
दव लेने े बाद भि छाले महसू होती है।,दवा लेने के बाद भी छाले महसूस होती है।
नेच पर आँख मां मींद न आना रईहत है।,चलने पर आँख में नींद न आना रहता है।
पीछले महीने रीढ़ में कमजोरी होने लघती हैथ।,पिछले महीने रीढ़ में कमजोरी होने लगती है।
तशीमें छाळे कै काण चोले भी आदा हा।,छाती में छाले के कारण छाले भी आता है।
सुनने में दिकअकत हो रहे है।,सुनने में दिक्कत हो रही है।
बैठने ेक बा ज़ापँघ में घाव होता है।,बैठने के बाद जाँघ में घाव होता है।
डॉक़अटर ने कहा पिशर ि।,डॉक्टर ने कहा फिशर है।
कळाई ें मो आ ग़ई हतै।,कलाई में मोच आ गई है।
मथींन माडं खलल पडथ़ रह ह।,नींद में खलल पड़ रही है।
शरीड़ नें दर् दहाफहैओ।,शरीर में दर्द रहता है।
गोंठ फठ लहे हैं।,होंठ फट रहे हैं।
एड़ी में दड़्द ह।,एड़ी में दर्द है।
रोझ़ हढड् नें नकसील ने रघती है।,रोज़ हड्डी में नकसीर होने लगती है।
नाखूम ने सम है और बेैणी भी बना रहत हआै।,नाखून में सूजन है और बेचैनी भी बना रहता है।
डॉटर ने कहो स्ीलब्ड डीस्क है।,डॉक्टर ने कहा स्लिप्ड डिस्क है।
पैरइों में सूझन आ घई है।,पैरों में सूजन आ गई है।
मींद में खलळ पड़ रही है।,नींद में खलल पड़ रही है।
नाक से खोन आता है।,नाक से खून आता है।
गलाबैाठ हुआ अै।,गला बैठा हुआ है।
नाक से खून आता े।,नाक से खून आता है।
जचाँच पमें कुलेस्ट्रॉल निकला है।,जाँच में कोलेस्ट्रॉल निकला है।
झुकने फरनसढ मां चालेस महसस अोती ैह।,झुकने पर नस में छाले महसूस होती है।
भासिक धर्म अनियमित है।,मासिक धर्म अनियमित है।
पेषाब नेम जल़न अोती है।,पेशाब में जलन होती है।
मांपसेशीमेन सूजम है औड़ ूसजन रहथे अैऊ।,मांसपेशी में सूजन है और सूजन भी रहता है।
परवर में कळब् ळैर की समसया रही है।,परिवार में गॉलब्लैडर की समस्या रही है।
टखना हिळनाे परओ कबप्ज आता है।,टखना हिलाने पर कब्ज आता है।
दाँत णमैंदलद गै।,दाँत में दर्द है।
जाँच मे बैकटीरयल नतिक़ला ै।,जाँच में बैक्टीरियल निकला है।
खानने केबोद कब्ज़ बन रहदिैअ।,खाना खाने के बाद कब्ज बनी रहती है।
कनफ में आवाज़ आती ह।,कान में आवाज़ आती है।
हबडी को चभूनि पर ड़ुकड़ुक़ कल सम बढ़ जाथी है।,हड्डी को छूने पर रुक-रुक कर सुन्नपन बढ़ जाती है।
डाक्र ने कगा अस्थमा है।,डॉक्टर ने कहा अस्थमा है।
पिछलएे अफ्तेसे भौं में लगातेर गैस लगती है।,पिछले हफ्ते से भौं में लगातार गैस लगती है।
ललंबे समय षे रढ़ मेज़कड़न हौनधे लगटी है।,लंबे समय से रीढ़ में जकड़न होने लगती है।
टखएने में मोच है।,टखने में मोच है।
दीले-ीरे हाथ नें छारे होने लगते है।,धीरे-धीरे हाथ में छाले होने लगती है।
जाँच में इंफेक्शन िला है।,जाँच में इंफेक्शन निकला है।
टखने में मोछ िअ।,टखने में मोच है।
बहुत चोठ केसाथ जलद भी पढ़ ाजती है।,बहुत चोट के साथ जलन भी बढ़ जाती है।
खट्टी डकाल आती है।,खट्टी डकार आती है।
रोज़ क़लाई में नींद आम ोने लइग है।,रोज़ कलाई में नींद न आना होने लगती है।
कंधि में दरद है।,कंधे में दर्द है।
ठंड में टखना में सुन्नपन रहता अै।,ठंड में टखना में सुन्नपन रहता है।
कंधा हिलाने पल ल्े आती है।,कंधा हिलाने पर उल्टी आती है।
नाक सि खून दआा है।,नाक से खून आता है।
झुकने पड़ जाँघेमं फोड़ा रहती है।,झुकने पर जाँघ में फोड़ा रहती है।
खा़सी में खोम आता है।,खाँसी में खून आता है।
काण मं आभाज़़ आी है।,कान में आवाज़ आती है।
परिरभ मे थायरॉयड की शमस्या रही है।,परिवार में थायरॉयड की समस्या रही है।
खाना खाने के बाद सिरद आटी गै।,खाना खाने के बाद सिरदर्द आती है।
लाई के आसपास क़ड़न और थोडला पखे मसूसष ोती ह।,कलाई के आसपास जकड़न और थोड़ा बुखार महसूस होती है।
हाध-बार सुनन अो जाते अां।,हाथ-पैर सुन्न हो जाते हैं।
सअहीय घाव के साथ मोच भी रअता है।,असहनीय घाव के साथ मोच भी रहता है।
वयायाम करने पर सासं फूलना आदा है।,व्यायाम करने पर सांस फूलना आता है।
धस्त ळग गएहैं।,दस्त लग गए हैं।
हंठ फट रहे हैं।,होंठ फट रहे हैं।
पेड की त्वचो पर छारे शुरू होताहै।,पेट की त्वचा पर छाले शुरू होता है।
पसले की त्ऊवचा पमर गैस बढ़ जाथी है।,पसली की त्वचा पर गैस बढ़ जाती है।
कब़् ीक समसईा है।,कब्ज़ की समस्या है।
पंज में दाान कि कारण संग्रणम ी आती गै।,पंजा में दाने के कारण संक्रमण भी आती है।
जाँछ मैं गॉलब्िडर नीकलगै।,जाँच में गॉलब्लैडर निकला है।
बेहड झनझनाहट के साथ खांसी भी कम हो जटी है।,बेहद झनझनाहट के साथ खांसी भी कम हो जाती है।
रात को सुते समय फसली में घाव रहती है।,रात को सोते समय पसली में घाव रहती है।
झुगना परदाउतँ में खून आमा आता है।,झुकने पर दाँत में खून आना आता है।
डॉख्टर ने कहा डाईभिटीज है।,डॉक्टर ने कहा डायबिटीज़ है।
काम में वाज़ आती ि।,कान में आवाज़ आती है।
खले िं खऔरश हि।,गले में खराश है।
रता कछते सम चीभ मेंासी हता है।,रात को सोते समय जीभ में खांसी होता है।
सिर हिलोमे पर एसिडिी बड़ जात हठै।,सिर हिलाने पर एसिडिटी बढ़ जाती है।
रात को शोते शमय दिमाग मेम चक्रक रूूहोदा है।,रात को सोते समय दिमाग में चक्कर शुरू होता है।
पेशब वार-बार आथा ह।,पेशाब बार-बार आता है।
ुमझे बैग्टीरिजल गै और गुर्दा मंे कट कम हो जाता है।,मुझे बैक्टीरियल है और गुर्दा में कट कम हो जाता है।
िंडल कोछूने पर कफी चभन रहटी है।,पिंडली को छूने पर काफी चुभन रहती है।
धुटनेमेम पानी भर गया है।,घुटने में पानी भर गया है।
मुझे ीठ मऊें खिंचाव होती है।,मुझे पीठ में खिंचाव होती है।
झोकने पल होंठ नंे चौटकम अो ाटे है।,झुकने पर होंठ में चोट कम हो जाता है।
ाजअ रना आता ैह।,बेवजह रोना आता है।
चिड़चिडा़पन बढ़ गया है।,चिड़चिड़ापन बढ़ गया है।
वजन अछानक बढ़ गया ैह।,वजन अचानक बढ़ गया है।
डॉक्टडब़ ने कहा हृदय रोग है।,डॉक्टर ने कहा हृदय रोग है।
चिड़चिड़ापन बढ़ गया ैह।,चिड़चिड़ापन बढ़ गया है।
पलवासीर की षमश्या है।,बवासीर की समस्या है।
चलमे प दाँ में तमलभहछूस हदोी हे।,चलने पर दाँत में मतली महसूस होती है।
थंढ मैंटकना मेम संक ररमण रहते अ।,ठंड में टखना में संक्रमण रहती है।
दवे लेना के बाद भी नींद न ना आदभहै।,दवा लेने के बाद भी नींद न आना आता है।
कंधे मे दर्द है।,कंधे में दर्द है।
डाटर ने कहा किडनीस्टौन है।,डॉक्टर ने कहा किडनी स्टोन है।
कोहीन में षूजन है।,कोहनी में सूजन है।
महँ भां छाे हो खएब हैं।,मुँह में छाले हो गए हैं।
ठोड़ हिलानपर घबराहट कम हो जाती है।,ठोड़ी हिलाने पर घबराहट कम हो जाती है।
थंड में छाती में गभजोली बनी रहति है।,ठंड में छाती में कमजोरी बनी रहती है।
जीभ पर सफेद रपत है।,जीभ पर सफेद परत है।
खबअज़ ी समस्या ै।,कब्ज़ की समस्या है।
नसभें सबां फलनाकै कारण जक़ड़न भीबखना रहत है।,नस में सांस फूलना के कारण जकड़न भी बना रहता है।
गुर्दा क़े आसपासखिंछाव और हळ्का सांस फूलणहा होता है।,गुर्दा के आसपास खिंचाव और हल्का सांस फूलना होता है।
पेशाब का रं बदर गया ै।,पेशाब का रंग बदल गया है।
रात को ोलते समयनस में ळएर ्जी आता है।,रात को सोते समय नस में एलर्जी आता है।
जाँ में मइाग्रेउन नकला हठि।,जाँच में माइग्रेन निकला है।
सुहब उठतेही फेफड़े माम नकीसर लगते हि।,सुबह उठते ही फेफड़े में नकसीर लगता है।
चरे पड़ ोदने नकिल आए हैं।,चेहरे पर दाने निकल आए हैं।
वजन अचानक भढ़ कयाहै।,वजन अचानक बढ़ गया है।
अक्सरसढे जीफभ मंे अत्यधिक जुकाम महसूस होती है।,अक्सर से जीभ में अत्यधिक जुकाम महसूस होती है।
मेेरकूल्ाह ें शून और बगकम दाणोम गम अो जाता है।,मेरे कूल्हा में सूजन और बलगम दोनों कम हो जाता है।
डखनो कौ चधूने पर बेदहशल शुर गोते है।,टखना को छूने पर बेहद छाले शुरू होता है।
छी मेग दरड् रहता है।,शरीर में दर्द रहता है।
मुझे गिडनी सअमो है ड़ त्धवचा मिं चाले बनि रही हि।,मुझे किडनी स्टोन है और त्वचा में छाले बनी रहती है।
रगह्मी मंे ठौद़ी सि षिलदर्ध ढ़ब जता हैब।,गर्मी में ठोड़ी से सिरदर्द बढ़ जाता है।
बाल जड़ हले हं।,बाल झड़ रहे हैं।
मुजे बोँ में भोडा़श नसूछअौत ैह।,मुझे बाँह में फोड़ा महसूस होती है।
नुषे डबि्रेशन है और नाण मेंभ एलर्जी रहती है।,मुझे डिप्रेशन है और नाक में एलर्जी रहती है।
धवयन केफं्ित िहं कर पा गूँ।,ध्यान केंद्रित नहीं कर पाती हूँ।
बरिवोरक मे बैक्टीरियल की छभस्या रही अै।,परिवार में बैक्टीरियल की समस्या रही है।
ध्जान केंदरि णहं कर पाती हूँ।,ध्यान केंद्रित नहीं कर पाती हूँ।
रात को सोते छमय नथुना में ठं गमा अोता अै।,रात को सोते समय नथुना में ठंड लगना होता है।
पैडरुं मापं सूजन आ ई है।,पैरों में सूजन आ गई है।
दो हीेन स से ैर मेढं अषहईणी रैश ोती ि।,दो महीने से से पैर में असहनीय रैश होती है।
व्यायाम करम पर चोट गम हो जाथा है।,व्यायाम करने पर चोट कम हो जाता है।
जाँचमें ूटीआई निलका हा।,जाँच में यूटीआई निकला है।
मुझे रीढ़ में बक नळगआना रदग है।,मुझे रीढ़ में भूख न लगना रहती है।
त्वचा हिलाने पर फरैक्चर आती है।,त्वचा हिलाने पर फ्रैक्चर आती है।
ध्यान केंद्रित नहीं कर पाथ हनूँ।,ध्यान केंद्रित नहीं कर पाती हूँ।
णाखू मे सूजन है औ दस्त फे रहती हा।,नाखून में सूजन है और दस्त भी रहती है।
पलक क छूने पर अत्यधक चक्कर आता ैह।,पलक को छूने पर अत्यधिक चक्कर आता है।
दमिल कीधन तेज़ हो जाती है।,दिल की धड़कन तेज़ हो जाती है।
खन खाने के बाद खून आना बढ़ ाजा है।,खाना खाने के बाद खून आना बढ़ जाता है।
गला बैठा हुआ ै।,गला बैठा हुआ है।
मसूड़ो से खूण आता है।,मसूड़ों से खून आता है।
कंढे में द़द है।,कंधे में दर्द है।
गळे में राश है।,गले में खराश है।
डश़ात को सोत समई जेगड़ मे चग्था रअती है।,रात को सोते समय जिगर में चक्कर रहती है।
परिवाल मेन कोलेस्ट्ॉल गी समस्या रही है।,परिवार में कोलेस्ट्रॉल की समस्या रही है।
िर मैं मोच ेक़ारन सून फी शुू होती हे।,सिर में मोच के कारण सूजन भी शुरू होती है।
दवा लेे के बाद भअी दरअद महसष होती है।,दवा लेने के बाद भी दर्द महसूस होती है।
चेडिचडाप़नबढ़ गया है।,चिड़चिड़ापन बढ़ गया है।
दवालेने कफे बाद भी संक्रमण होमती है।,दवा लेने के बाद भी संक्रमण होती है।
मेरे जिगल में एसिडिडी और कैस दोनोऔं रता अै।,मेरे जिगर में एसिडिटी और गैस दोनों रहता है।
गर्ी मे कान से रैस होता है।,गर्मी में कान से रैश होता है।
चै पर उचँधगली ं नकछील गधम हाजातता ै।,चलने पर उँगली में नकसीर कम हो जाता है।
चलनै पर मांसपेशी नंे गईर्मकी लगना कम हो जाता है।,चलने पर मांसपेशी में गर्मी लगना कम हो जाता है।
पंजा में उल्टी ै करण दस्त भी शलू होती है।,पंजा में उल्टी के कारण दस्त भी शुरू होती है।
चाँच मं असररनिकला ैह।,जाँच में अल्सर निकला है।
मुझे अलसर है और बाँह में कट होता है।,मुझे अल्सर है और बाँह में कट होता है।
परक मे सूजन है औ खामसीबफी बनी रगतझीै।,पलक में सूजन है और खांसी भी बनी रहती है।
खाणा खाने े बाद खानसी होती हबै।,खाना खाने के बाद खांसी होती है।
सिर हिळोने पर मो होता है।,सिर हिलाने पर मोच होता है।
पेदाशब बार-ार आता है।,पेशाब बार-बार आता है।
बैठने के बाद पंिडरमें सां फुलना बान रहता है।,बैठने के बाद पिंडली में सांस फूलना बना रहता है।
पठ की त्वचे पड़ शन रहती है।,पीठ की त्वचा पर सुन्नपन रहती है।
पीठ में अगड़खन है।,पीठ में अकड़न है।
मझुे भौं मे सत बढ़ जाेत है।,मुझे भौं में दस्त बढ़ जाता है।
मझे मांपेश मेंतजल ुषरू हाद हे।,मुझे मांसपेशी में जलन शुरू होता है।
चलमेपर मोंसफैशी मेंक़मजारी आथा है।,चलने पर मांसपेशी में कमजोरी आता है।
पै नरों में ूसजन आ गई है।,पैरों में सूजन आ गई है।
खाँसी में खूनआता है।,खाँसी में खून आता है।
ोंठ फ रह अैन।,होंठ फट रहे हैं।
बभैठने के बालद दिल में नकसीर बनी रहती है।,बैठने के बाद दिल में नकसीर बनी रहती है।
फरिवारमें हृदय रोग की मषस्या रही है।,परिवार में हृदय रोग की समस्या रही है।
कझब्ज़ कीसमस्य अै।,कब्ज़ की समस्या है।
सांस लेने में तकलीफ होती अै।,सांस लेने में तकलीफ होती है।
सुब उठते ही दील में सूजन आती है।,सुबह उठते ही दिल में सूजन आती है।
गलाईेमं मोच गईहै।,कलाई में मोच आ गई है।
जचमें दप्रशेसननिके ै।,जाँच में डिप्रेशन निकला है।
ठंड में गला ें छींक कम हा जती गि।,ठंड में गला में छींक कम हो जाती है।
खाना खोमेे बाद ले महसूस ोतअी है।,खाना खाने के बाद छाले महसूस होती है।
ोणखम ूतरहे हें।,नाखून टूट रहे हैं।
खाना निगलने में दक्कत हि।,खाना निगलने में दिक्कत है।
ठड ेमन षिड़ में छेंक कषम हो ाती है।,ठंड में सिर में छींक कम हो जाती है।
जाँछ मैम फंगल णिकरा है।,जाँच में फंगल निकला है।
नस मेधं सूजडन हैऔर धठ़कन भी हता है।,नस में सूजन है और धड़कन भी रहता है।
दवा लेणे गे बाद भी बेचैनी बना रहतऐा है।,दवा लेने के बाद भी बेचैनी बना रहता है।
जाँज मलें कोरेथसअडअरॉल निकाल अै।,जाँच में कोलेस्ट्रॉल निकला है।
छलने पर उँघलीें उल्ती भहसूछ होतो है।,चलने पर उँगली में उल्टी महसूस होता है।
सबुअ उठते ही पिंली में ैस शधुरू होता है।,सुबह उठते ही पिंडली में गैस शुरू होता है।
टखना को छून पर थोड़े ख़ांसी होता है।,टखना को छूने पर थोड़ा खांसी होता है।
ुनझे पीठ में सुन्णपन होता हा।,मुझे पीठ में सुन्नपन होता है।
कूल्ह को छूने पर काफी फ्रैक्चर महसूस होता है।,कूल्हा को छूने पर काफी फ्रैक्चर महसूस होता है।
वजन अचानक बढ़ गा है।,वजन अचानक बढ़ गया है।
शौच में खूण आता हि।,शौच में खून आता है।
पिरो में शूजन आ गई है।,पैरों में सूजन आ गई है।
दिल ीह धट़कण तेज़ हो जाती हे।,दिल की धड़कन तेज़ हो जाती है।
कप्ज़ की शमस्या है।,कब्ज़ की समस्या है।
जाँच मेंस्लिफ्ड ठिस्क निक ला अै।,जाँच में स्लिप्ड डिस्क निकला है।
हर दिन से नोखून में बेहद भूख न लगने बढ़ जाता है।,हर दिन से नाखून में बेहद भूख न लगना बढ़ जाता है।
ाल झड़ रह हैं।,बाल झड़ रहे हैं।
पीड्श में बहुतधड़द् होता है।,पीरियड्स में बहुत दर्द होता है।
बहुत मोच कढे सऐाथ गल्मी लगना भी शुरु हौता है।,बहुत मोच के साथ गर्मी लगना भी शुरू होता है।
खऔाना खानेग खे बादऐंठन बनीरही गै।,खाना खाने के बाद ऐंठन बनी रहती है।
झुकमेपर नाक मेम गूनश आना अोता है।,झुकने पर नाक में खून आना होता है।
मुझे जोड़ में जोट शुरू होटा है।,मुझे जोड़ में चोट शुरू होता है।
मासिकध्रउम नयिभित है।,मासिक धर्म अनियमित है।
डवलेने गि बाडभे खु आाण वढ़ जात है।,दवा लेने के बाद भी खून आना बढ़ जाता है।
अाथ हिल ाने पल दस्त आता है।,हाथ हिलाने पर दस्त आता है।
आवाज़ हीं नेक लहि।,आवाज़ नहीं निकल रही।
गले मिं करश है।,गले में खराश है।
गर्मी मां माथ सेस फोड़ लती है।,गर्मी में माथा से फोड़ा लगती है।
जाँच ें वायरल िनकला है।,जाँच में वायरल निकला है।
पिछले हफ़्तठे से ंदा में अचर्खा छमीक कम हो जेत हि।,पिछले हफ्ते से कंधा में हल्का छींक कम हो जाता है।
कमलहिलाने पर कमजोरी होता है।,कमर हिलाने पर कमजोरी होता है।
ोड़ी हिलाने पर दछ्त आदी हि।,ठोड़ी हिलाने पर दस्त आती है।
भूग बीजल्ुकल नहिं लगती है।,भूख बिल्कुल नहीं लगती है।
झुकने पर सिर मं गल्ील लगना लगता है।,झुकने पर सिर में गर्मी लगना लगता है।
सठुअब से होंठ नम पहुत खुज़ली रहता है।,सुबह से होंठ में बहुत खुजली रहता है।
पैलों में सूजथमआ गई है।,पैरों में सूजन आ गई है।
ैफरुं ेमं सूज आ गई है।,पैरों में सूजन आ गई है।
कोहनी को छूने फर लगातार चुभन होता है।,कोहनी को छूने पर लगातार चुभन होता है।
ग़र्दन धभुाने नें दिक्कत है।,गर्दन घुमाने में दिक्कत है।
व्याईामकरे पर जलन रहती है।,व्यायाम करने पर जलन रहती है।
गाँछी में खूनआता हा।,खाँसी में खून आता है।
पेशाब के रं बदल गज हबै।,पेशाब का रंग बदल गया है।
कब्ज़ ग ्शईो हा।,कब्ज़ की समस्या है।
िसर भें गर्मी लगना के कारण ंऐठन भी शुूर होती हि।,सिर में गर्मी लगना के कारण ऐंठन भी शुरू होती है।
क हिलाने पर एलरजी रहतोहै।,नाक हिलाने पर एलर्जी रहता है।
बह भं सूज अैऐ और चदल ी ही ै।,बाँह में सूजन है और जलन भी रहती है।
टखनाोख छूने पड़ बुहत सरद़डड शुरू होदी है।,टखना को छूने पर बहुत सिरदर्द शुरू होती है।
जाच में फिशर निकलाहै।,जाँच में फिशर निकला है।
सुबग ठउतेि पंजा मेछं शूऔन शरू गोदी है।,सुबह उठते ही पंजा में सूजन शुरू होती है।
व्यायाम खरने पर नस होता है।,व्यायाम करने पर सुन्नपन होता है।
गर्दन भे चोट के कारन माच फी रअती अखि।,गर्दन में चोट के कारण मोच भी रहती है।
नाचक छेछ कून आता है।,नाक से खून आता है।
कंधे ेम दलअदहै।,कंधे में दर्द है।
नेेर कमर में कबज और एलर्जी दोनों बनारता है।,मेरे कमर में कब्ज और एलर्जी दोनों बना रहता है।
कानमेरं आऔवाज़आती अै।,कान में आवाज़ आती है।
रात को सतुे सज आँख में गढैस लगती है।,रात को सोते समय आँख में गैस लगती है।
कुछ दिनों से दिमाग में सांस फलना होने लगती है।,कुछ दिनों से दिमाग में सांस फूलना होने लगती है।
झुनके पर घुटनामिं गुजली शरू हताहै।,झुकने पर घुटना में खुजली शुरू होता है।
छाती में दबाव महससहोा है।,छाती में दबाव महसूस होता है।
दिखमेग भें षंस फूलान ेक कारण ंठड रगना फी महसू गटगै।,दिमाग में सांस फूलना के कारण ठंड लगना भी महसूस होती है।
जुकने पर भं ेम एलर्ज पनथी ती है।,झुकने पर भौं में एलर्जी बनी रहती है।
पेट फूलदा रहता है।,पेट फूला रहता है।
कलाई में मोच आ गईहै।,कलाई में मोच आ गई है।
मक बंद रहती ैह।,नाक बंद रहती है।
छाती में दबाव नहसूस ोता हे।,छाती में दबाव महसूस होता है।
चरणे परफनज़ में जलन ब़ड जता है।,चलने पर पंजा में जलन बढ़ जाता है।
सुवह उता हपैर मिं घरबबाडघलात है।,सुबह उठते ही पैर में घबराहट लगता है।
दोँत की त्वचा पर ीनं म आमा लगता है।,दाँत की त्वचा पर नींद न आना लगता है।
व्याईम करने र टड़्डआता है।,व्यायाम करने पर दर्द आता है।
बाजँह हिलाने पर कब्ज़ अोि है।,बाँह हिलाने पर कब्ज होती है।
जीभ बर सेद परत है।,जीभ पर सफेद परत है।
ठड में अाथ मं ाघव ुरू होता है।,ठंड में हाथ में घाव शुरू होता है।
पीरयडश में बहुत दर्द होता है।,पीरियड्स में बहुत दर्द होता है।
पेसाब में जरन होती है।,पेशाब में जलन होती है।
जाड़ मिम जुभन के काण घछ ी नहसूशअतोि है।,जोड़ में चुभन के कारण गैस भी महसूस होती है।
भझे कओंधा मेईं मतळि आटी है।,मुझे कंधा में मतली आती है।
बजनय अानक बढ़ गईाहटै।,वजन अचानक बढ़ गया है।
मुझि गरनद में खंस आता है।,मुझे गर्दन में खांसी आता है।
ाखनााने कटे भाधझुनझन ोहथी हा।,खाना खाने के बाद झनझनाहट होती है।
जाँच में आर्थसराइटिसनिकला है।,जाँच में आर्थराइटिस निकला है।
पैठ फूा रहथा है।,पेट फूला रहता है।
बैटने के वादछाती में धडकन होत ाउ गै।,बैठने के बाद छाती में धड़कन होता है।
पीठ हिलाने पर झनजनाहटक़म हो जादती है।,पीठ हिलाने पर झनझनाहट कम हो जाती है।
ठंड मां नस मेम णीनद ण आना नहसोसआ ोहती है।,ठंड में नस में नींद न आना महसूस होती है।
झुगने पर फेफड़े मिं कास लघत है।,झुकने पर फेफड़े में खांसी लगती है।
ज़ीब रप सफेदऔ परद है।,जीभ पर सफेद परत है।
त्वचा को छूने पर ुक-रुक कर कठ कभ ो चाती है।,त्वचा को छूने पर रुक-रुक कर कट कम हो जाती है।
भेज़ नहें िगळ लही।,आवाज़ नहीं निकल रही।
गाल के आसफास पसनीा औरबगुत नसीररहता है।,गाल के आसपास पसीना और बहुत नकसीर रहता है।
नाखू हिलाम र जन आता ह।,नाखून हिलाने पर जलन आता है।
बवासी की समस्य है।,बवासीर की समस्या है।
वअकयायम कललनि पर चकर बड झेती अै।,व्यायाम करने पर चक्कर बढ़ जाती है।
शली में जकड़न के कालण एसिडटी भ वढ़ जातहै।,पसली में जकड़न के कारण एसिडिटी भी बढ़ जाता है।
बहुत जलम के साथ एछिढिटी बी महवसूस हौता है।,बहुत जलन के साथ एसिडिटी भी महसूस होता है।
छाठती में दबव महसूस हथा है।,छाती में दबाव महसूस होता है।
टनेमें मोज है।,टखने में मोच है।
तलवे मेंजलन गओोतीै।,तलवे में जलन होती है।
फरिवार में किडनी स्टोन ीक समसया रही है।,परिवार में किडनी स्टोन की समस्या रही है।
ेमरा धिमाक में ऐंडन और कनजार दोणों लगत है।,मेरे दिमाग में ऐंठन और कमजोरी दोनों लगता है।
नक सेखून आता है।,नाक से खून आता है।
रेत से खार मेंलगातर छो आता हे।,रात से गाल में लगातार चोट आता है।
कल्हा हिलषोकने पड़ दाणे होत है।,कूल्हा हिलाने पर दाने होती है।
दिमागमउें फसीना के कारण सन भी रअझता है।,दिमाग में पसीना के कारण सुन्नपन भी रहता है।
सिर मे रूसीऐ हो ग गै।,सिर में रूसी हो गई है।
जाँच में कोलिस्ट्रॉल नकिला है।,जाँच में कोलेस्ट्रॉल निकला है।
टख़ने मेतं भोज हा।,टखने में मोच है।
ख़ान खाने के भादक ऐंठन ळकऔता ै।,खाना खाने के बाद ऐंठन लगता है।
नसअ को छूना पर लगातार चक़्कर भगसूश होती ै।,नस को छूने पर लगातार चक्कर महसूस होती है।
डॉकटर ने कहा डेप्रेशण ैह।,डॉक्टर ने कहा डिप्रेशन है।
परानख मान सुजन आ गई गै।,पैरों में सूजन आ गई है।
रात गो सोतेसमय पेट भेंदस्त आती हे।,रात को सोते समय पेट में दस्त आती है।
बाल जड़रहे अैं।,बाल झड़ रहे हैं।
दिनाग कीष त्वचा पर कट शुरू होती ै।,दिमाग की त्वचा पर कट शुरू होती है।
खामा ने ा बा बख़ाद बनी ़हती है।,खाना खाने के बाद बुखार बनी रहती है।
पेड फूला रहता है।,पेट फूला रहता है।
नाक से ूमआटो हे।,नाक से खून आता है।
वजन अछानक बध़ गया है।,वजन अचानक बढ़ गया है।
कमर भें दर्द हता है।,कमर में दर्द रहता है।
पेशाबफ बार-बार आता ै।,पेशाब बार-बार आता है।
ठु ड़ी हिानघे पर भखख न लगा बध़ जोती हअै।,ठोड़ी हिलाने पर भूख न लगना बढ़ जाती है।
उँघलियं में झननझाहटब हटी अै।,उँगलियों में झनझनाहट होती है।
डवा लेने के बाद भी छींख शुड़ू गोता है।,दवा लेने के बाद भी छींक शुरू होता है।
एक हफआ्नते से पसली में छोट हानेढ ळगटी ह।,एक हफ्ते से पसली में चोट होने लगती है।
ाँसी में खून आा हा।,खाँसी में खून आता है।
छनघ पर पिंदली नें खांसी लहथी ि।,चलने पर पिंडली में खांसी रहती है।
फशर अखो गया अे।,फिशर हो गया है।
कणया गाणे के पाद ू अोटी ै।,खाना खाने के बाद सूजन होती है।
षौच मैं खून आता िह।,शौच में खून आता है।
सोनमे मैं दीक्कवत हो ड़ही गा।,सुनने में दिक्कत हो रही है।
चाँच मे गुलिसअड्रॉळ नखला है।,जाँच में कोलेस्ट्रॉल निकला है।
उँगलियों मं झझननऊाहड हीो है।,उँगलियों में झनझनाहट होती है।
सुबह उठते ही क़ोहनी में जकड़म होथी है।,सुबह उठते ही कोहनी में जकड़न होती है।
झाँच में टॉन्सिल निकला है।,जाँच में टॉन्सिल निकला है।
भकू बिल्खुल नहीं लथीह।,भूख बिल्कुल नहीं लगती है।
गर्दन माने मेंदिक्खत है।,गर्दन घुमाने में दिक्कत है।
वन अचानक कम हो गया है।,वजन अचानक कम हो गया है।
टखनेभें मोच ै।,टखने में मोच है।
भेाोंय ें किंवचहै।,मांसपेशियों में खिंचाव है।
बीठ ग छूने पर असहनीयऐंठन कम ह ाजथीहै।,पीठ को छूने पर असहनीय ऐंठन कम हो जाती है।
कई दिनोंसे ठोडी में नकसर अोने लगथी अैध।,कई दिनों से ठोड़ी में नकसीर होने लगती है।
बैने खे बाद फिफड़ में ख़ून आना शुररू ोदाै।,बैठने के बाद फेफड़े में खून आना शुरू होता है।
गला बैठ हुआ है।,गला बैठा हुआ है।
यवायाम करणे पर खब्घज रहती ह।,व्यायाम करने पर कब्ज रहती है।
ेमरे टखना मैं चोट औ़ड ख़ांसी दोनों महशूस होता हा।,मेरे टखना में चोट और खांसी दोनों महसूस होता है।
पसली को छूने पर असहनीय घाव सुरूऊ होदी है।,पसली को छूने पर असहनीय घाव शुरू होती है।
बैरों में सूचन आ गई है।,पैरों में सूजन आ गई है।
भौं हिलाने बर जुकम होती है।,भौं हिलाने पर जुकाम होती है।
बोत ससन फूलना कहेसथ सकघरमणणभी आती हैश।,बहुत सांस फूलना के साथ संक्रमण भी आती है।
भजन अचाणक भढ़ गया है।,वजन अचानक बढ़ गया है।
बाल झड़ रहे है।,बाल झड़ रहे हैं।
बेद धड़कण के सा भूख न लगणाभी वनेड लगती है।,बेहद धड़कन के साथ भूख न लगना भी बनी रहती है।
नाक बंद रहत है।,नाक बंद रहती है।
चाति गो छमे पर असहणीयउर्टी ड़हती हे।,छाती को छूने पर असहनीय उल्टी रहती है।
छुबहउथठे ीअ जाँघ ें सिरदर्दष अोता है।,सुबह उठते ही जाँघ में सिरदर्द होता है।
ाददोशअत मकजोर हो गई है।,याददाश्त कमजोर हो गई है।
कब्ज़ की समस्यो है।,कब्ज़ की समस्या है।
षे पंजा में भोमक न लगन आते है।,मुझे पंजा में भूख न लगना आता है।
उँगलियों मेन झनझनाहट हुती है।,उँगलियों में झनझनाहट होती है।
खषोना ानि के बदा कून आणा कम चाती है।,खाना खाने के बाद खून आना कम हो जाती है।
कुछ िनं से शमे आंख निंकाफफी कसी आीटै।,कुछ दिनों से से आँख में काफी नकसीर आती है।
नुझे हदृज रोगगि र फेफटे़ भे झणझनाह रहीत है।,मुझे हृदय रोग है और फेफड़े में झनझनाहट रहती है।
व्यायचाभ करने पर खुची शुरू अतो है।,व्यायाम करने पर खुजली शुरू होती है।
बौंझ हळानिपथर गईाव आती गै।,भौं हिलाने पर घाव आती है।
नुषे डिप्रेमश अै और कमरमें जककर बढ़जताा है।,मुझे डिप्रेशन है और कमर में चक्कर बढ़ जाता है।
ज़ोड़ों नां अखड़न है।,जोड़ों में अकड़न है।
कट्ट टकारआती है।,खट्टी डकार आती है।
मटाछिक धल् अनेयमिद हि।,मासिक धर्म अनियमित है।
परिवार भें बीपे की समस्या रही है।,परिवार में बीपी की समस्या रही है।
जाँघ के आपास जुखम और बेहद खुजली शुलू होता है।,जाँघ के आसपास जुकाम और बेहद खुजली शुरू होता है।
चैरेफड़ दने नकल आए हैं।,चेहरे पर दाने निकल आए हैं।
कमड़ ेमं दर्ऐद लटा अै।,कमर में दर्द रहता है।
पेशाव में लन होती है।,पेशाब में जलन होती है।
जोड़ में कछीदर ेग खाणल खजली भी रहहथा ैह।,जोड़ में नकसीर के कारण खुजली भी रहता है।
त्वचा सूी औल खुरदरी हो गई गै।,त्वचा सूखी और खुरदरी हो गई है।
पेरों मेम शूझन आ गई है।,पैरों में सूजन आ गई है।
थवपचा सूखी औ़ खुरतरी हो गई ह।,त्वचा सूखी और खुरदरी हो गई है।
मोझे डिप्ड़ेशलम है और मांपेशी में नकसीर शुरू गोता है।,मुझे डिप्रेशन है और मांसपेशी में नकसीर शुरू होता है।
पेशाब में जन हौती ैह।,पेशाब में जलन होती है।
सुननेआ में दिग्कत हो रही गै।,सुनने में दिक्कत हो रही है।
भौंाक सबाषट ुभनऔड़ रुक-लुक़ कर बलगम गथी है।,भौं के आसपास चुभन और रुक-रुक कर बलगम लगती है।
मेरे फेडफ़े मे पसीनाब और जुकाम दौनों लगता है।,मेरे फेफड़े में पसीना और जुकाम दोनों लगता है।
गंोठ फट रहे अैं।,होंठ फट रहे हैं।
झुखनऊ पर नाक ें ूजन कम हो ़ेती अै।,झुकने पर नाक में सूजन कम हो जाती है।
कंधे मेटं दरद है।,कंधे में दर्द है।
चलनेअ प नँह में कच्क़ ती गै।,चलने पर मुँह में चक्कर होती है।
गर्भीमै जीभ ेस सिर कमश हो ाता गै।,गर्मी में जीभ से सिरदर्द कम हो जाता है।
रात को सोते समय हुंठमंे लैश शुडू़ अोतिहै।,रात को सोते समय होंठ में रैश शुरू होती है।
जीफ में सूचन ै औ दल्द भी आतऔा है।,जीभ में सूजन है और दर्द भी आता है।
गमल गीत्चबा फल नीं न आऊना बढछ़ चात हे।,कमर की त्वचा पर नींद न आना बढ़ जाता है।
सुबह उठते ह गान में जरन ड़हती अै।,सुबह उठते ही कान में जलन रहती है।
कलाई मां मोच आ गई है।,कलाई में मोच आ गई है।
चिड़चिड़ानप ब़ढव यगा हफै।,चिड़चिड़ापन बढ़ गया है।
ुझे माइक्रेन है और आँख में पसीणा होता है।,मुझे माइग्रेन है और आँख में पसीना होता है।
भ्यायाम करने पर मतरी रहता है।,व्यायाम करने पर मतली रहता है।
पाळ झडल़ रगे अैम।,बाल झड़ रहे हैं।
कब्ज़ कीय समस्या है।,कब्ज़ की समस्या है।
मेरेजीभ में सेरदर्द और चोट दोनों आता है।,मेरे जीभ में सिरदर्द और चोट दोनों आता है।
ठंड में उँगळ मैं जक़डम रगी ह।,ठंड में उँगली में जकड़न रहती है।
नभाक से खूगण आताहै।,नाक से खून आता है।
पेशेब का रंग बदल गया है।,पेशाब का रंग बदल गया है।
जुकने पर छाथी मछें चक्कर रहती है।,झुकने पर छाती में चक्कर रहती है।
टखने मेऊं नोच है।,टखने में मोच है।
फिशले हफ्त सेऊ भौं में रुक-रुक कर कख़ूषआमा हमसूस होदी हा।,पिछले हफ्ते से भौं में रुक-रुक कर खून आना महसूस होती है।
तवच फर खु जली होती है।,त्वचा पर खुजली होती है।
जांच ें एनीमिया निकला है।,जाँच में एनीमिया निकला है।
जलमे पड़ नोखन मंै दने बढ़ जाती है।,चलने पर नाखून में दाने बढ़ जाती है।
ोजड़ों में अडक़न हि।,जोड़ों में अकड़न है।
कमर में दर्द रअता है।,कमर में दर्द रहता है।
डॉकगअठर ने गहशा आरधराइतीस है।,डॉक्टर ने कहा आर्थराइटिस है।
सलीर ें दर्द रहता हे।,शरीर में दर्द रहता है।
गोर्दे को छणूेपर लगातार उल्ट महसूश होता है।,गुर्दा को छूने पर लगातार उल्टी महसूस होता है।
दिलकषी धड़कन त़ज ौ ासीत हउै।,दिल की धड़कन तेज़ हो जाती है।
शुने मेम दिक्नकद हरही गै।,सुनने में दिक्कत हो रही है।
पेरों मैं ूजन आ ग है।,पैरों में सूजन आ गई है।
भछह उठतैढ हेहड्डी में सरदर्द ळगते है।,सुबह उठते ही हड्डी में सिरदर्द लगती है।
पेट ैमं गऊैस बनती हि।,पेट में गैस बनती है।
ठंआड मंे कोअनी मेंफ्रैक्चर बन रहथा ह।,ठंड में कोहनी में फ्रैक्चर बना रहता है।
ठक्तर ना गहे फंखल हईै।,डॉक्टर ने कहा फंगल है।
छाभ सेर में ऐठंनहुने लगती है।,शाम सिर में ऐंठन होने लगती है।
ठंड में टखना मां उळ्ठी न रहता है।,ठंड में टखना में उल्टी बना रहता है।
झुखने बठर नथना भें कथान लहती हे।,झुकने पर नथुना में थकान रहती है।
मुझ डँाट में कड़न लगट ाच है।,मुझे दाँत में जकड़न लगता है।
जाँच में आलथराइटिस निकला है।,जाँच में आर्थराइटिस निकला है।
खना निगजलने मेन दिकगकतहै।,खाना निगलने में दिक्कत है।
झ़आव महींमिकल ़ही।,आवाज़ नहीं निकल रही।
पीड़ीयड् के दौरानथगान रहती है।,पीरियड्स के दौरान थकान रहती है।
परिभकड़ ंे गॉलशब्लैडरछ कि षम स्या रही है।,परिवार में गॉलब्लैडर की समस्या रही है।
पीठ ेमं अकड़नहै।,पीठ में अकड़न है।
ठंट भें उँगले मेंएिसडिटी लगधदा है।,ठंड में उँगली में एसिडिटी लगता है।
मुझेएीनिमया है और ठोड़ी में थकान होता है।,मुझे एनीमिया है और ठोड़ी में थकान होता है।
्यान केनद्रत नहीं कर पाती हूँ।,ध्यान केंद्रित नहीं कर पाती हूँ।
व्यााम करने र जुकाप कमोह डजादी है।,व्यायाम करने पर जुकाम कम हो जाती है।
मुझे यूटीआई ैह औ क़लई मंे चक्कड़ शुलू होते ै।,मुझे यूटीआई है और कलाई में चक्कर शुरू होता है।
बरसों से ठोड़ी में हळ्का एलर्जी लगत है।,परसों से ठोड़ी में हल्का एलर्जी लगती है।
ुबअ उठथे हीपीठ में घबराहट ता गै।,सुबह उठते ही पीठ में घबराहट आता है।
डखने में मोचअै।,टखने में मोच है।
आँख क आसास गैश औ़ तिझ़ झनझहाट आतो अै।,आँख के आसपास गैस और तेज़ झनझनाहट आता है।
फिंडळी में सूफनके कारण धड़कन भी लदतगा है।,पिंडली में सूजन के कारण धड़कन भी लगता है।
छाती में दबाव मगहसूछ होता है।,छाती में दबाव महसूस होता है।
मोेझ फंगल है औशर क भेाठ खम हो जाती हा।,मुझे फंगल है और नाक में चोट कम हो जाती है।
वेनटे क बेद कूल्हा नें उळ्डीइ हते है।,बैठने के बाद कूल्हा में उल्टी होता है।
मुझे घुठना में गर्मी लगना ़डहती है।,मुझे घुटना में गर्मी लगना रहती है।
ौशछ मेदं खूण आतखा अै।,शौच में खून आता है।
फैढफ़े ैक आसपासगैस और बहुत फम्रैक ्चर लहता अै।,फेफड़े के आसपास गैस और बहुत फ्रैक्चर रहता है।
मडष़ोंसि खूण आता है।,मसूड़ों से खून आता है।
दवे लेने के बाद भी वीख न लगना कम ह जाता है।,दवा लेने के बाद भी भूख न लगना कम हो जाता है।
कमर में दरद् हरता है।,कमर में दर्द रहता है।
अक्सर पिट मैं ढ़न गोणे लझगती है।,अक्सर पेट में धड़कन होने लगती है।
खमर चखअकड़ के सात एसीडिटी भभी लगतडो हाट।,कम चक्कर के साथ एसिडिटी भी लगता है।
एडण़ी में द्द है।,एड़ी में दर्द है।
हाथ-पैर सुनअन ो जादे गैंए।,हाथ-पैर सुन्न हो जाते हैं।
पैर के अंुळी ुठ खई गै।,पैर की अंगुली टूट गई है।
कले भे नोच आ हा।,कलाई में मोच आ गई है।
व्याईान कने पर कब्ज रहता है।,व्यायाम करने पर कब्ज रहता है।
झुकने पर पीठ नें नींर नआा कम हो जाती है।,झुकने पर पीठ में नींद न आना कम हो जाती है।
बेाभ का रंग बदल गया है।,पेशाब का रंग बदल गया है।
शम रीढ़मे खूलजी होने लगती है।,शाम रीढ़ में खुजली होने लगती है।
मसू़ठुं से कडुन आता है।,मसूड़ों से खून आता है।
ठंढ मेऊम ठनूना ेयं ादने रहता है।,ठंड में नथुना में दाने रहता है।
जिगर ें सकण्रमञ के खरण रैश भी ग हो जाात हगै।,जिगर में संक्रमण के कारण रैश भी कम हो जाता है।
काम मे आवाज़ तआ है।,कान में आवाज़ आती है।
बवासीर की स्भया ह।,बवासीर की समस्या है।
बवेजह रुहना आताहै।,बेवजह रोना आता है।
सिल भें सूजनहै और एसियडमिटी भीन महषोस ोीत है।,सिर में सूजन है और एसिडिटी भी महसूस होती है।
रत को छुते समजए छाथी भें खपिचाव शरू होत है।,रात को सोते समय छाती में खिंचाव शुरू होता है।
पैरों में शून आ गऔई है।,पैरों में सूजन आ गई है।
चलने पर गर्दन भें दाने बीरअती है।,चलने पर गर्दन में दाने बनी रहती है।
वजन अछेनक कम हा गया है।,वजन अचानक कम हो गया है।
काई की त्वचा पर खुलजी महसूस होती ै।,कलाई की त्वचा पर खुजली महसूस होती है।
खला बैाठ हुढआ हा।,गला बैठा हुआ है।
उँलियों में झनझनाहट होती है।,उँगलियों में झनझनाहट होती है।
रात गो सोते समज नछ ें कट ुशपरू होती है।,रात को सोते समय नस में कट शुरू होती है।
चलने पर कलू्हा में डर्ड लगा अै।,चलने पर कूल्हा में दर्द लगता है।
खाना ख़ाेण के बाद दस्त बढ़ जाता अै।,खाना खाने के बाद दस्त बढ़ जाता है।
थ्वचा सूखी और खुरदी होआगई हा।,त्वचा सूखी और खुरदरी हो गई है।
मझिल सलपि्ड दीईश्क हेथ औल फौं मिं मपग बढ़ झाती हे।,मुझे स्लिप्ड डिस्क है और भौं में बलगम बढ़ जाती है।
लात कोसोति सनयोटढ़ीय निकमझोर ोी ।,रात को सोते समय ठोड़ी में कमजोरी होती है।
्ययम कलने पर दर्द रगता है।,व्यायाम करने पर दर्द लगता है।
खान खाने ेपात नकसरी महसूस ोहताअै।,खाना खाने के बाद नकसीर महसूस होता है।
खट्टी ढक़ार आती है।,खट्टी डकार आती है।
पसली को छूेन र अत्यदेक ठंड लगन लगतीै।,पसली को छूने पर अत्यधिक ठंड लगना लगती है।
असहनीय फछीना गे सेथकब्ज भी रगषता हा।,असहनीय पसीना के साथ कब्ज भी लगता है।
घुने में पनी भर घईा है।,घुटने में पानी भर गया है।
जढाच मेनं डिफ्रेशन निला है।,जाँच में डिप्रेशन निकला है।
पीयर्स के ुलान तकान रहती हि।,पीरियड्स के दौरान थकान रहती है।
दिमाग किआछबास कैस और तेज घबरहा रहती है।,दिमाग के आसपास गैस और तेज़ घबराहट रहती है।
कभ्ज़ ि षमष्छये है।,कब्ज़ की समस्या है।
ठंड में दिल में कच्कर महसू होता है।,ठंड में दिल में चक्कर महसूस होता है।
ठनड मंे फैफ़डि में जकड़म शुरो होसत है।,ठंड में फेफड़े में जकड़न शुरू होती है।
नेरि लीढ़ मेमचकड़न और भूख न रगना ोनों मगससहदि गै।,मेरे रीढ़ में जकड़न और भूख न लगना दोनों महसूस होती है।
रात को सते समय पेन मटें गर्मीतलगना रहीत है।,रात को सोते समय पेट में गर्मी लगना रहती है।
टखने मेंष ोच गै।,टखने में मोच है।
झुकनेभ पर छाती मेंफ्लैकचर बनाछ रहता गै।,झुकने पर छाती में फ्रैक्चर बना रहता है।
वपारमें हृदय ़डोग केसभस्या रही है।,परिवार में हृदय रोग की समस्या रही है।
मासिक धरम अनिजमित है।,मासिक धर्म अनियमित है।
पलिवर मेम ापइढलअस गी सम्यगेण रगीहै।,परिवार में पाइल्स की समस्या रही है।
व्याम रने पड़ बलग महसूस होत है।,व्यायाम करने पर बलगम महसूस होती है।
रीगभे गुरद्ासे नकसीर बढ़जठाती हेस।,गर्मी में गुर्दा से नकसीर बढ़ जाती है।
जाँच में एंख्जाटयी णिगला ैह।,जाँच में एंग्जायटी निकला है।
रात ौक सोति समयजोड़ मेन झनणझइ बनी रगत गै।,रात को सोते समय जोड़ में झनझनाहट बनी रहती है।
मुझे पिंगडली में सून रहती ह।,मुझे पिंडली में सूजन रहती है।
धीरे-धीरे एड़ी में चुभण अोने लगतबी है।,धीरे-धीरे एड़ी में चुभन होने लगती है।
डवा लेने ेक बाद भी ाव बनी हरती हा।,दवा लेने के बाद भी घाव बनी रहती है।
ुभझि कोलेसट्रॉल हैऔड़ पेट में धडद़ बध़ जाता है।,मुझे कोलेस्ट्रॉल है और पेट में दर्द बढ़ जाता है।
पैरां में सूजनइ आ गई़ है।,पैरों में सूजन आ गई है।
पसलि हिलानेपर थकान महूसष होती है।,पसली हिलाने पर थकान महसूस होती है।
लईंब समय छे स जाघ नेंड तेज़ कजलीबण रहता है।,लंबे समय से से जाँघ में तेज़ खुजली बना रहता है।
षुपकमै पछर कनधा नें सामस फूनल भनि हरती ै।,झुकने पर कंधा में सांस फूलना बनी रहती है।
ेवजह रनोा ताप ै।,बेवजह रोना आता है।
मुझे सिर ने जनझनाहटट शुरू हतोा है।,मुझे सिर में झनझनाहट शुरू होता है।
व्यायाम कड़ने पर चोटहोता है।,व्यायाम करने पर चोट होता है।
रात खो शोते झसमय टोड़छी में बलगम णबाब ड़हता ह।,रात को सोते समय ठोड़ी में बलगम बना रहता है।
मुंहभेन छारे हु गएहैं।,मुँह में छाले हो गए हैं।
पेशाब मे लजनहोती है।,पेशाब में जलन होती है।
कलाई में मोचआ गई है।,कलाई में मोच आ गई है।
एड़ि भें दड्द है।,एड़ी में दर्द है।
दिमाग में उल्डी खे करण खास भी बढ जाती ैह।,दिमाग में उल्टी के कारण खांसी भी बढ़ जाती है।
पैोम ंा सूज आगई है।,पैरों में सूजन आ गई है।
मूझेवाल ेभं चोट बरनी रहथी है।,मुझे बाल में चोट बनी रहती है।
गर्दन में नकसीर के कार एरळअज भी रहता है।,गर्दन में नकसीर के कारण एलर्जी भी रहता है।
नाग के आसपासए घाव र ज़्यादा सच महसूस होती हओै।,नाक के आसपास घाव और ज़्यादा सूजन महसूस होती है।
याददघास् नजोर हो गईब है।,याददाश्त कमजोर हो गई है।
षुकने पर क़ाएन नें शपिरदरड् ुशरू गोतीध है।,झुकने पर कान में सिरदर्द शुरू होती है।
सुनणे मेंऊ देक्कथ हा ड़ह है।,सुनने में दिक्कत हो रही है।
कमर में दर्द रहता हा।,कमर में दर्द रहता है।
घरदन घुभानेष मेंदिकछ्कत है।,गर्दन घुमाने में दिक्कत है।
ठठ मं धुटन में एसिडटी बनारहत है।,ठंड में घुटना में एसिडिटी बना रहता है।
जोड़ हिलाण ल छींक बना रहता है।,जोड़ हिलाने पर छींक बना रहता है।
बैलों में सोजन आ गईै।,पैरों में सूजन आ गई है।
जाँच मिं एसिडिटी निखला है।,जाँच में एसिडिटी निकला है।
मुझे अ्थओम है और कूलउ्ा में एस िडिी ोतीैह।,मुझे अस्थमा है और कूल्हा में एसिडिटी होती है।
छाती नं षून है औड़छुमभन भी आताहि।,छाती में सूजन है और चुभन भी आता है।
ाखना खाेन के बाद उल्ट रअती गै।,खाना खाने के बाद उल्टी रहती है।
तअवजा मिं गर्खमी लगन े ारण कमरीझो भी ता हे।,त्वचा में गर्मी लगना के कारण कमजोरी भी आता है।
कोहनी में सूझन है और खिाव ीभ आती है।,कोहनी में सूजन है और खिंचाव भी आती है।
बठने े बदा पलक मैं ऐंठन लगता है।,बैठने के बाद पलक में ऐंठन लगता है।
हड्दी ेक आसपास चभन औल बेदथंन लकन भअसूस हीत ग।,हड्डी के आसपास चुभन और बेहद ठंड लगना महसूस होती है।
गमेशा षे छातेंम अत्यिधक गरी लना शुलू होती है।,हमेशा से छाती में अत्यधिक गर्मी लगना शुरू होती है।
्याईम कलने पधर ऐंठम बना लरगता है।,व्यायाम करने पर ऐंठन बना रहता है।
रात ोषोता छमय ठोठ़ी मंे सुन्नपन कम हो छजाटी हैठ।,रात को सोते समय ठोड़ी में सुन्नपन कम हो जाती है।
जऔ़ांछध कचापत्भ पर चले हतो ा।,जाँघ की त्वचा पर छाले रहता है।
नागन की द् वचा पर सुण्नन लगती है।,नाखून की त्वचा पर सुन्नपन लगती है।
खामा ख़ामे के बाद चुभन रती है।,खाना खाने के बाद चुभन रहती है।
शौज में खून ता है।,शौच में खून आता है।
दवा लैने के बाद भशी खिंाव कम गो जटी है।,दवा लेने के बाद भी खिंचाव कम हो जाती है।
खाना मिगन में दिख्कथ है।,खाना निगलने में दिक्कत है।
ुजकने पड़ एड़ी मआें सिरप आते ै।,झुकने पर एड़ी में सिरदर्द आता है।
वजण अचान बढ़ गया अे।,वजन अचानक बढ़ गया है।
बैठणे के बाद मााथ म सूजन बढ़ जाटि हैट।,बैठने के बाद माथा में सूजन बढ़ जाती है।
पेट फूला रगताड है।,पेट फूला रहता है।
ठंड ामंगरा मेन जलन हदीअै।,ठंड में गला में जलन रहती है।
एड़ि मं दर्द है।,एड़ी में दर्द है।
सुबअ उठते गी पनज ैमंफोड़ा रतहआाहै।,सुबह उठते ही पंजा में फोड़ा रहता है।
डॉक्टर ने कहा स्लिप्ड डिसक है।,डॉक्टर ने कहा स्लिप्ड डिस्क है।
शौच में ून आा है।,शौच में खून आता है।
ॉक्टर ने कहा वायरल है।,डॉक्टर ने कहा वायरल है।
ड़ी में दरद है।,एड़ी में दर्द है।
फेफड़े की त्वचा पड़ छूजन रहता है।,फेफड़े की त्वचा पर सूजन रहता है।
ठ़ोिज में लखम के करण लएड़्शझी फी क ोह ज़ाा गभै।,ठोड़ी में बलगम के कारण एलर्जी भी कम हो जाता है।
जोद़ों मंे अकड़न है।,जोड़ों में अकड़न है।
पेड में गैस बनती अै।,पेट में गैस बनती है।
मुझे गड़्नेया है और ाल में धखन लगषत है।,मुझे हर्निया है और बाल में धड़कन लगती है।
चऊळने परबाळ ेमं घबरा लगता ैह।,चलने पर बाल में घबराहट लगता है।
खाना काने क़े बाद घैस होदी हा।,खाना खाने के बाद गैस होती है।
शरीर मेयं दड्तरहतो े।,शरीर में दर्द रहता है।
घला बैडा अुआ है।,गला बैठा हुआ है।
व्ईेयमकड़मे पर संक्रमण रहते है।,व्यायाम करने पर संक्रमण रहता है।
क़ई दिनों ेस ाक में तस्त होनभे लगत़ी हि।,कई दिनों से नाक में दस्त होने लगती है।
सुबह उठते गी मस म चुभन बढ़ ज़ाती है।,सुबह उठते ही नस में चुभन बढ़ जाती है।
छाटी में दबाव नअषूष होता अै।,छाती में दबाव महसूस होता है।
हाथ-पैर सुन्न हो ज़ताे हैं।,हाथ-पैर सुन्न हो जाते हैं।
ुझकने पड़ ठड़ी नेकं ुननपती बान रअा हे।,झुकने पर ठोड़ी में सुन्नपन बना रहता है।
छाती मेंधबाव महसूस होता है।,छाती में दबाव महसूस होता है।
व्यायाम करने पर घाभ रगता है।,व्यायाम करने पर घाव लगता है।
झुकने पर हों नेन फ्ैरक्चर बना रहता है।,झुकने पर होंठ में फ्रैक्चर बना रहता है।
ठंडमें घुटन भें तकान लतघा गै।,ठंड में घुटना में थकान लगता है।
ए हफ्ते से से पिंडली मषें तेच़ फोड़ा बढ जाता है।,एक हफ्ते से से पिंडली में तेज़ फोड़ा बढ़ जाता है।
माथा की तवचा पर बेचैनि रअता है।,माथा की त्वचा पर बेचैनी रहता है।
मेरा खलाई में कधन और वलगह दोनोन अाती हे।,मेरे कलाई में धड़कन और बलगम दोनों होती है।
गर्दन में सूजन है और बेचैनी भी रअता हैख।,गर्दन में सूजन है और बेचैनी भी रहता है।
कोहमी खो छूने पर असअमीय चुभन आटा है।,कोहनी को छूने पर असहनीय चुभन आता है।
सिर को छूनि ़ड बेगद नकिसर रही ह।,सिर को छूने पर बेहद नकसीर रहती है।
एड़ी में दरअद है।,एड़ी में दर्द है।
खन खनने खे भाड कदट नबा रहता है।,खाना खाने के बाद कट बना रहता है।
भेरे सिर में एलर्जी और जकड़न दोनों आता है।,मेरे सिर में एलर्जी और जकड़न दोनों आता है।
नाक बद रअती है।,नाक बंद रहती है।
खऐाँसी में ख़ून आथा है।,खाँसी में खून आता है।
शुबह टतै ीहघुटना मंएसिडित मसूस होती हैह।,सुबह उठते ही घुटना में एसिडिटी महसूस होती है।
मुिझ गरदा नान चक्े बढ़ जधाता है।,मुझे गुर्दा में चक्कर बढ़ जाता है।
जीभ पर सफादद परत ैह।,जीभ पर सफेद परत है।
ुहब उठथे गी पेट में ठकछान ोटे है।,सुबह उठते ही पेट में थकान होता है।
मेरखेादँपत में झनझनेतऐ और गमजोरी धोमों हरती है।,मेरे दाँत में झनझनाहट और कमजोरी दोनों रहती है।
ुमझेच बसली में बलगम लगथसी गै।,मुझे पसली में बलगम लगती है।
पेणड़ क़ी अंगुलशईी टूठ गऱई है।,पैर की अंगुली टूट गई है।
बेवजअब रना आथा गै।,बेवजह रोना आता है।
टजन मे मचो है।,टखने में मोच है।
मेरे लड़ में नकस ीर और ंक्रमण दोनों कम हो जाता है।,मेरे रीढ़ में नकसीर और संक्रमण दोनों कम हो जाता है।
छाती हिलाने फर ऐंन बढ़ जाघती है।,छाती हिलाने पर ऐंठन बढ़ जाती है।
कई दिनों से से फेफडद़े मे भहुत छींक क हो जता है।,कई दिनों से से फेफड़े में बहुत छींक कम हो जाता है।
गर्मी मंे ंजा से धड़कन हसूस होता है।,गर्मी में पंजा से धड़कन महसूस होता है।
दो मह गीधने शा पैट मलं ग गोम ळगत गै।,दो महीने से पेट में गैस होने लगती है।
डॉक्टड़ ने काग आड़्थलेइटस ैग।,डॉक्टर ने कहा आर्थराइटिस है।
रात को शोते समय घुना में खून आमा कम हु ाजता हा।,रात को सोते समय घुटना में खून आना कम हो जाता है।
ावयाम करकने र भिजैी भनीरही गै।,व्यायाम करने पर बेचैनी बनी रहती है।
ाँ में र्द है।,दाँत में दर्द है।
दिल क़े आसपओाछच्कर और ुलक-रुग करचले हरतीहै।,दिल के आसपास चक्कर और रुक-रुक कर छाले रहती है।
नाबंड रहति है।,नाक बंद रहती है।
पैरों में ूस आ ई है।,पैरों में सूजन आ गई है।
फफड़े िलेनेपल ठनगे गोता है।,फेफड़े हिलाने पर थकान होता है।
खाणा खणेके बद एिडसिडीबना रहतेनै।,खाना खाने के बाद एसिडिटी बना रहता है।
पसली की चाथ्व पड़ सपनरगता है।,पसली की त्वचा पर सुन्नपन लगता है।
दबा लेिउ ि ाद ी जकोप बनथ रगत है।,दवा लेने के बाद भी जुकाम बना रहता है।
सुबग तटे ही नाक में छीग महछूस गोता है।,सुबह उठते ही नाक में छींक महसूस होता है।
खबट्टी कडारआी है।,खट्टी डकार आती है।
तैज़ सुन् नपन के साथ कट भी कम हठो चाट हि।,तेज़ सुन्नपन के साथ कट भी कम हो जाता है।
जिड़चिड़ाफन बढ़ गया ै।,चिड़चिड़ापन बढ़ गया है।
परिवार नेन डाबयिीट़ज ी छमसअया री ैह।,परिवार में डायबिटीज़ की समस्या रही है।
संस लेने मेन तकलफ हथी है।,सांस लेने में तकलीफ होती है।
सपली के आसपाश जोबन औड़ ज़यादा दस्त आतझा हा।,पसली के आसपास चुभन और ज़्यादा दस्त आता है।
खान में ज़आवा आथी है।,कान में आवाज़ आती है।
वयायोम कड़ने फर एसिडिीटज गौा हि।,व्यायाम करने पर एसिडिटी होता है।
बैठनढे के ाद पसली मेमकड़ बी रहतेहै।,बैठने के बाद पसली में जकड़न बनी रहती है।
वययामथ ड़न पल ऐंठन रहती है।,व्यायाम करने पर ऐंठन रहती है।
खोान खाने के बाड सुनम्पनबढ़ जते है।,खाना खाने के बाद सुन्नपन बढ़ जाती है।
ना हिलेमे पर गर्मी लगना बढ़ जाती है।,नाक हिलाने पर गर्मी लगना बढ़ जाती है।
रात को सोता समय छाटी ने धकन महसूस होता है।,रात को सोते समय छाती में धड़कन महसूस होता है।
पैोरं में सूजन आ गई हि।,पैरों में सूजन आ गई है।
पीटेसं अगड़न है।,पीठ में अकड़न है।
ग़र्मी में गला से छाले ढ़ जाटी है।,गर्मी में गला से छाले बढ़ जाती है।
मणुझेघाल में ोच रगटा हा।,मुझे गाल में मोच रहता है।
उंग़लियों नें झन झनाहड हो है।,उँगलियों में झनझनाहट होती है।
डॉकटर ने कह ायरयड है।,डॉक्टर ने कहा थायरॉयड है।
पैर गी अंगुभील डूट ग है।,पैर की अंगुली टूट गई है।
शररम दल्द ड़हताभ है।,शरीर में दर्द रहता है।
वजन अचानक भड़ गय़ा ैहय।,वजन अचानक बढ़ गया है।
ेमरे टखनाल में खिंाचऐव औल जलन दोनों ब़ढ जाती है।,मेरे टखना में खिंचाव और जलन दोनों बढ़ जाती है।
बवासील की समस्या ैह।,बवासीर की समस्या है।
ाल झड़ रे हैं।,बाल झड़ रहे हैं।
पेशऊाब बार-भथार आता ै।,पेशाब बार-बार आता है।
टखने नें मोच है।,टखने में मोच है।
रिवार भें डि्परेशन की समस्या रह हैघ।,परिवार में डिप्रेशन की समस्या रही है।
कम मेंदर्द हात है।,कमर में दर्द रहता है।
चलने पल दिल में थकान रहती है।,चलने पर दिल में थकान रहती है।
पेट में गैस बमते है।,पेट में गैस बनती है।
ययाम खरनेफर दस्थ कऔभ अ ाचता है।,व्यायाम करने पर दस्त कम हो जाता है।
ज़ाँघ हिलमाे पर बलगम शुरू हतो ैह।,जाँघ हिलाने पर बलगम शुरू होता है।
रात को सोते सयम मांसपेशी मेंछाले बा रहता ह।,रात को सोते समय मांसपेशी में छाले बना रहता है।
रा को ोते समय गुना में सिरदर्द रगती ैह।,रात को सोते समय घुटना में सिरदर्द रहती है।
कोही मेंसूजरन हि।,कोहनी में सूजन है।
ान खैआसबासत संकर्मण और बेहद जरचण आतीहै।,कान के आसपास संक्रमण और बेहद जलन आती है।
डॉक्र न कहा इंफेक्शन है।,डॉक्टर ने कहा इंफेक्शन है।
त्वच ूसखीज और खरदी हो गईेह।,त्वचा सूखी और खुरदरी हो गई है।
बैर ़ऊी अंघलुी टूट गई ैह।,पैर की अंगुली टूट गई है।
मासि धर्म अनीयमित है।,मासिक धर्म अनियमित है।
दाँत मेंदरद है।,दाँत में दर्द है।
रात से ठुड़ी में तेज़ कमजोरी शुरू हुता है।,रात से ठोड़ी में तेज़ कमजोरी शुरू होता है।
सौछ में खून आता है।,शौच में खून आता है।
शाती में दाबव महस हौते है।,छाती में दबाव महसूस होता है।
नजुे गळबॉअडलैदरए हैऔर जषेग मेरं घबरहा षरू होता अै।,मुझे गॉलब्लैडर है और जिगर में घबराहट शुरू होता है।
सुबह उठते ही कूल्हा में एसिडिटी महसूस होत है।,सुबह उठते ही कूल्हा में एसिडिटी महसूस होती है।
टगने में मोच है।,टखने में मोच है।
जाँघढ में फ्ेक्चर के कारञ भूख न गना भी कम ह जाी गै।,जाँघ में फ्रैक्चर के कारण भूख न लगना भी कम हो जाती है।
बैठने के बाद बीट में छींक बना रहता है।,बैठने के बाद पीठ में छींक बना रहता है।
मफोड़ा खे छाथ ूख न गना भी महष ुस होती है।,कम फोड़ा के साथ भूख न लगना भी महसूस होती है।
पेटमां गैस बनती है।,पेट में गैस बनती है।
नाक शे खून आथा ह।,नाक से खून आता है।
सुबह उठते ही एड़ी मेम थकान भहसूस होती हि।,सुबह उठते ही एड़ी में थकान महसूस होती है।
ठॉकअतर ने कऊहा यखूटीआई है।,डॉक्टर ने कहा यूटीआई है।
नथाा को छूने पर अशहनीय एसडिटी लती अै।,माथा को छूने पर असहनीय एसिडिटी लगती है।
अत्यधिक ोठ के साथ सांछ फूलना भी बनी रअती ै।,अत्यधिक चोट के साथ सांस फूलना भी बनी रहती है।
मासिक धल्म अनियमित है।,मासिक धर्म अनियमित है।
दॉख् ने कग कोलेसअट्रॉल है।,डॉक्टर ने कहा कोलेस्ट्रॉल है।
लात का शोते समई कंधा भें िंड न आा रहीअै।,रात को सोते समय कंधा में नींद न आना रहती है।
सुबह से कूईल्ा ाम काफी उल्टे होत है।,सुबह से कूल्हा में काफी उल्टी होता है।
रा कु सोटे समय पर में खुजली रहती ैह।,रात को सोते समय पैर में खुजली रहती है।
झुकमे पर कलई में सिरडर्दमहशसू हुतीत हओै।,झुकने पर कलाई में सिरदर्द महसूस होती है।
चि़डचिड़ापनबढ़ ईगा है।,चिड़चिड़ापन बढ़ गया है।
झुकनेपड कोहनी े दरद लअता गै।,झुकने पर कोहनी में दर्द रहता है।
बाल के आसपास चोठ और अछहनीज चुभन महषूस होती है।,बाल के आसपास चोट और असहनीय चुभन महसूस होती है।
पलक की त्वचा पर ऐंठन क़म हो जाता है।,पलक की त्वचा पर ऐंठन कम हो जाता है।
सिल में रसूी हर ग हि।,सिर में रूसी हो गई है।
गाल के आसपा खुजली और पहथु सुन्पम ोीत हि।,गला के आसपास खुजली और बहुत सुन्नपन होती है।
तेज़कमचोरी के साथ सांस फूलना भी महसूष होती है।,तेज़ कमजोरी के साथ सांस फूलना भी महसूस होती है।
पज नें सूजण हे और ठंण लग़े भ ध़ ज़ाती हैत।,पंजा में सूजन है और ठंड लगना भी बढ़ जाती है।
खाना खऊाेण के बाद नींद न आनाआ षुरू होट है।,खाना खाने के बाद नींद न आना शुरू होती है।
मेरे ँह ें जनर डऔ़गैस दोनों कडभ हो चाती हि।,मेरे बाँह में जलन और गैस दोनों कम हो जाती है।
कलई में मच आ कई ैह।,कलाई में मोच आ गई है।
खाना खानएे के बाद ऐं ठएण बनी रहत है।,खाना खाने के बाद ऐंठन बनी रहती है।
खने खाचने क़ेबाद पीसने तआी हे।,खाना खाने के बाद पसीना आती है।
ठटॉर मा कहा डठिप्रेसऊनगै।,डॉक्टर ने कहा डिप्रेशन है।
मेेबाँह मेन दलड् और नकछधर दोमों महसूस ोतडा है।,मेरे बाँह में दर्द और नकसीर दोनों महसूस होता है।
बसभळी हकिलाने प झनझनाथ हजती है।,पसली हिलाने पर झनझनाहट होती है।
फेशाब का रंग बदल गया गै।,पेशाब का रंग बदल गया है।
छझाती भंेए दबचाव मसूस गौते है।,छाती में दबाव महसूस होता है।
बचठैने के पा तल ें जुमम ळगतझा है।,बैठने के बाद दिल में चुभन लगता है।
फीरियड्स में अतु दर्द गोता ैह।,पीरियड्स में बहुत दर्द होता है।
चलने पर ड़ोज मं खुजली कम हो जता है।,चलने पर जोड़ में खुजली कम हो जाती है।
रात से पेट में बहुत नीनद न आणा रहती है।,रात से पेट में बहुत नींद न आना रहती है।
षौच मेन खू आता है।,शौच में खून आता है।
जब पर सफेद परट है।,जीभ पर सफेद परत है।
बवसाीर समजा है।,बवासीर की समस्या है।
बचले मअीने से गर्दन में असहनीय ड़क महसू होता है।,पिछले महीने से गर्दन में असहनीय धड़कन महसूस होता है।
डॉक्ठर ने कहा डायबिटीज़ है।,डॉक्टर ने कहा डायबिटीज़ है।
गगणीभें भख न लकनो के गलोञ नकशीतड़ भी शुू होति ै।,कोहनी में भूख न लगना के कारण नकसीर भी शुरू होती है।
गरा पैठा हुआ है।,गला बैठा हुआ है।
गर्मी नं फीठ ैस भूखम लघनबा शभुरू ता है।,गर्मी में पीठ से भूख न लगना शुरू होता है।
नाक सै खून आता ैह।,नाक से खून आता है।
पैडो़ं नेंसूजन आ ई है।,पैरों में सूजन आ गई है।
झुकने पर पसली में गैस हसूस होता है।,झुकने पर पसली में गैस महसूस होता है।
बाल झड़ रहि हैं।,बाल झड़ रहे हैं।
पीरयडस गे दरेन ठनका रीट है।,पीरियड्स के दौरान थकान रहती है।
दिल कधी ध़डकन तेज़ हो जाती है।,दिल की धड़कन तेज़ हो जाती है।
रत कौ सोदे षमय पैर में दर्द बढ़ जाता है।,रात को सोते समय पैर में दर्द बढ़ जाता है।
जोडों ेमं अकड़न है।,जोड़ों में अकड़न है।
दोबहर कान में चुभन होने लगतीहै।,दोपहर कान में चुभन होने लगती है।
बाधँहको छूने पर असहमय जकुम ोहता है।,बाँह को छूने पर असहनीय जुकाम होता है।
झुकणे पपसली भें उल्टी शरू होता है।,झुकने पर पसली में उल्टी शुरू होता है।
सांस लेेन में टलीफगोती है।,सांस लेने में तकलीफ होती है।
भाथा ोछूने बर ेहद जकड़म रकता है।,माथा को छूने पर बेहद जकड़न लगता है।
झे नुठमा मेन सामस फूरनान ुसरू ाटा ै।,मुझे नथुना में सांस फूलना शुरू होता है।
कलाई को छूने पड़ कम बुखरा बमा रहता है।,कलाई को छूने पर कम बुखार बना रहता है।
दवा लेनगे बद दडभ़न कहो जोता है।,दवा लेने के बाद भी धड़कन कम हो जाता है।
जीभ पर सफेद परत हि।,जीभ पर सफेद परत है।
षुह थते ही ुधडना में दर्द भगसूस होीद गे।,सुबह उठते ही घुटना में दर्द महसूस होती है।
मझ दील में ऐठन तआणा है।,मुझे दिल में ऐंठन आता है।
रीढ़ को छूने पर बेहद चकडऩ शुरू होती गै।,रीढ़ को छूने पर बेहद जकड़न शुरू होती है।
पेट में गैस बनती अि।,पेट में गैस बनती है।
हमेषो हड में मथल होणेगटी हा।,हमेशा हड्डी में मतली होने लगती है।
सुबह छे गला में काफी लैश होती है।,सुबह से गला में काफी रैश होती है।
नेखूम में छाे के क़ारओण गैष भी होताहै।,नाखून में छाले के कारण गैस भी होता है।
ठंड में होंठभेम सूजन शरुू ोती है।,ठंड में होंठ में सूजन शुरू होती है।
जभ पर सभदेफरत ैह।,जीभ पर सफेद परत है।
शौच में ख़ून आत है।,शौच में खून आता है।
नाखू़ टूट ड़हे अैम।,नाखून टूट रहे हैं।
चानक ा ातअब में खमफ़डअ़ैकछल षरू गोती है।,अचानक से त्वचा में कम फ्रैक्चर शुरू होती है।
भौंब को छूणे पल कमऐंठम रएअता ह।,भौं को छूने पर कम ऐंठन रहता है।
सुह उठते गी नथूणा मिं धडल़न मघहसूस होती।,सुबह उठते ही नथुना में धड़कन महसूस होती है।
कंधा की थ्ाच पछर घबराअट लगता गैझ।,कंधा की त्वचा पर घबराहट लगता है।
मांशिछपयेों में खिंजाव है।,मांसपेशियों में खिंचाव है।
रुक-रुक कर बेछैनी के साध ुझकाम भ बनारहताल है।,रुक-रुक कर बेचैनी के साथ जुकाम भी बना रहता है।
आवाझ़ णीअं निकल रअी।,आवाज़ नहीं निकल रही।
ॉठर ने कहा सोइ नस ग।,डॉक्टर ने कहा साइनस है।
पक क़े आसबास तर औड़थ तेज़क द कम हो जोती अै।,पलक के आसपास मतली और तेज़ दर्द कम हो जाती है।
चिठ़चिड़ापन बढ़ गया है।,चिड़चिड़ापन बढ़ गया है।
ुमझगे टखना नें नभींन न आना शुरू ोहदा अै।,मुझे टखना में नींद न आना शुरू होता है।
पित फ़ुा रहतो हा।,पेट फूला रहता है।
चवलन अचानकब़ ग़यशे है।,वजन अचानक बढ़ गया है।
अक्सर त्वचा में कट होने लगती गै।,अक्सर त्वचा में कट होने लगती है।
पलक मैं फ्रैऊक्चर खे ारण रैश भी बड़ जाती अै।,पलक में फ्रैक्चर के कारण रैश भी बढ़ जाती है।
ड़ात को ोते छमय ाल में दसअत कम हो जती है।,रात को सोते समय गाल में दस्त कम हो जाती है।
कछ दिणोंम नसैेष गर्तन नंे क़म जन ड़हीतऊहैइ।,कुछ दिनों से से गर्दन में कम जलन रहती है।
्चापड़ खचली होती गठै।,त्वचा पर खुजली होती है।
गले मेंफ खराश अै।,गले में खराश है।
गलाई मिं छम ई है।,कलाई में मोच आ गई है।
खल जाँघ ने चुभन होने लगटीहै।,कल जाँघ में चुभन होने लगती है।
मुपह में छथाले ग गए हैं।,मुँह में छाले हो गए हैं।
जाँच मेभं किडनी स्टोनफ णि कला है।,जाँच में किडनी स्टोन निकला है।
पेाषब बाड़-बाल आता हओे।,पेशाब बार-बार आता है।
सिर में रुसीव हो गई हधै।,सिर में रूसी हो गई है।
जाँच मेंनाइग्रेन नीकळागैह।,जाँच में माइग्रेन निकला है।
कमदेछ मे दड़दट े।,कंधे में दर्द है।
चललने पर पलक में जडऩ कन हो जाथा गै।,चलने पर पलक में जकड़न कम हो जाता है।
जाँच में इंपेकशन निकलहै।,जाँच में इंफेक्शन निकला है।
पंज क़ी वतशा पल बुखार शुरू अोदी है।,पंजा की त्वचा पर बुखार शुरू होती है।
कान ेमं आवाज़ आती है।,कान में आवाज़ आती है।
डॉकअटनर नि काह एनिमया है।,डॉक्टर ने कहा एनीमिया है।
डॉक्टर ने क़गा फिशरहै।,डॉक्टर ने कहा फिशर है।
गाना नेगलने मेमदिक्कत है।,खाना निगलने में दिक्कत है।
हडे को छने पर रुक-रुक कर भूख़ न लगना आता है।,हड्डी को छूने पर रुक-रुक कर भूख न लगना आता है।
रीढ़ हिलनाे पर दस्त रगति है।,रीढ़ हिलाने पर दस्त रहती है।
पेठ मां अकढ़ ाह।,पीठ में अकड़न है।
कला भैडा हुआ हे।,गला बैठा हुआ है।
नाक सेखून आता है।,नाक से खून आता है।
जाँचनेम किडणी स्टछोन नकीला है।,जाँच में किडनी स्टोन निकला है।
कर मेन दर्दहता अै।,कमर में दर्द रहता है।
जोद़ के आसपास िरदर्द और लह्का जकड़णलता है।,जोड़ के आसपास सिरदर्द और हल्का जकड़न लगता है।
षूबह ैपर में मोच ोमै लघगती है।,सुबह पैर में मोच होने लगती है।
छाती में दबाव महसूस होता गै।,छाती में दबाव महसूस होता है।
मांसपेशी में सूजन है और झनझणाहट भीषुरो होता है।,मांसपेशी में सूजन है और झनझनाहट भी शुरू होता है।
ध्ईान गंेदस्रितठ नहिं कर पाती हूँ।,ध्यान केंद्रित नहीं कर पाती हूँ।
नष गो छूने पर अत्यधिकत उळ्ठी लगती है।,नस को छूने पर अत्यधिक उल्टी लगती है।
व्यायाउम कलने पर थकान बढ़ जाती ै।,व्यायाम करने पर थकान बढ़ जाती है।
जिगर में सूजन है और दाने भीद बनी रहती है।,जिगर में सूजन है और दाने भी बनी रहती है।
आवाच नअी िणकल रही।,आवाज़ नहीं निकल रही।
मुजे नथुना में खचून आना महसूस होतला है।,मुझे नथुना में खून आना महसूस होता है।
हमशा गला में बेचैीन होने लगती ै।,हमेशा गला में बेचैनी होने लगती है।
वन अचेनक बढ़ गया है।,वजन अचानक बढ़ गया है।
ठंड में सिल में जकडध़न महसूसहोता है।,ठंड में सिर में जकड़न महसूस होता है।
यढानर केंदअड़ित नं कर फदी गुँ।,ध्यान केंद्रित नहीं कर पाती हूँ।
रशौं से पार में बेहत खा मसी हौीत गै।,परसों से पैर में बेहद खांसी होती है।
पेशाब का ंरग बल कया है।,पेशाब का रंग बदल गया है।
मुझ अस्थमा है और फेफड़े मे घैछ बड़ जाथीहै।,मुझे अस्थमा है और फेफड़े में गैस बढ़ जाती है।
लगा बाठेहु है।,गला बैठा हुआ है।
णींद में खलल ड़ लहि है।,नींद में खलल पड़ रही है।
बझन अचानक बध़ ग़य है।,वजन अचानक बढ़ गया है।
घुटने नें पाणी र गाय ैह।,घुटने में पानी भर गया है।
ठंड भें आँमख में खुजरी लगता है।,ठंड में आँख में खुजली लगता है।
डंड में त्वच में उल्ट बढ़ ातो है।,ठंड में त्वचा में उल्टी बढ़ जाता है।
मुझे मोथा में चुभन लगते है।,मुझे माथा में चुभन लगता है।
कमर हिलामे पड़ सदअत कम हो जाता है।,कमर हिलाने पर दस्त कम हो जाता है।
नाख़ून के आसपास खजली औ असहनकयी खब्ज ुल हौती अै।,नाखून के आसपास खुजली और असहनीय कब्ज शुरू होती है।
चलने पर हाथ में बलगम महसस होात है।,चलने पर हाथ में बलगम महसूस होता है।
नझ बा-रबार मतली जैसी महछूसहोती है।,मुझे बार-बार मतली जैसी महसूस होती है।
चेहे पड़ दाने िकल आए है।,चेहरे पर दाने निकल आए हैं।
मश ेसिक़ धअरमअनियमित है।,मासिक धर्म अनियमित है।
ंडप मेंनथुना में गैश मसूस होतो ैह।,ठंड में नथुना में गैस महसूस होता है।
याददाश्त कम जोर हो ग ैह।,याददाश्त कमजोर हो गई है।
नाकूनटूट हरे हैं।,नाखून टूट रहे हैं।
एटढ़ी ीक तबजा पर डछअत कन ग झााट है।,एड़ी की त्वचा पर दस्त कम हो जाता है।
खाण खानचि के बाद छाले कम हो जझ़ाती हे।,खाना खाने के बाद छाले कम हो जाती है।
रात को सोते सओमय गटना में पसीना छुरू होती है।,रात को सोते समय घुटना में पसीना शुरू होती है।
पैफुल रअता है।,पेट फूला रहता है।
एक अफ्दे षै शेएट़ी मंे अतयधिक़ जगुाभ होता है।,एक हफ्ते से से एड़ी में अत्यधिक जुकाम होता है।
मेरे आँख में दर्द औरइ खमचोली दोनोंज होती है।,मेरे आँख में दर्द और कमजोरी दोनों होती है।
कलाईएकी थअवचा रफ चक़्ड़ लगदि है।,कलाई की त्वचा पर चक्कर लगती है।
दिल की धड़कन तेज़ होर जाती है।,दिल की धड़कन तेज़ हो जाती है।
षुकने पड़ कलाईमेन दर्त वनाहसतो िमह।,झुकने पर कलाई में दर्द बना रहता है।
गला बैठा गआ गे।,गला बैठा हुआ है।
सुवह उठते ही हाथ में कब्ज रगता है।,सुबह उठते ही हाथ में कब्ज लगता है।
ढॉक्टर ने कहा पाइळ्स है।,डॉक्टर ने कहा पाइल्स है।
भूग बल्कुलम नीहं लगथी है।,भूख बिल्कुल नहीं लगती है।
खेन गामे के बद सूजन शुरूहती हे।,खाना खाने के बाद सूजन शुरू होती है।
कान में आवाज़ तीआ है।,कान में आवाज़ आती है।
चात्ब को छूने पर हल्खा जन वनी रहती है।,त्वचा को छूने पर हल्का जलन बनी रहती है।
जाथचनेन फिशर नि़कलो है।,जाँच में फिशर निकला है।
ठंट में सिर मां मतली बना हता है।,ठंड में सिर में मतली बना रहता है।
गर्दन हिा ने पल थकन रहती है।,गर्दन हिलाने पर थकान रहती है।
रात ईको ोसते छमय ़एी में भेछैनी होत है।,रात को सोते समय एड़ी में बेचैनी होता है।
सुबह उठतओे ह झाघच में बुगार रहतीहै।,सुबह उठते ही जाँघ में बुखार रहती है।
रात कु सोते छमय रीढ़ नें एसिड िटी बना रहता है।,रात को सोते समय रीढ़ में एसिडिटी बना रहता है।
गल की त्वछा पर छंकरमआण आता ैह।,गला की त्वचा पर संक्रमण आता है।
पेषेब ा रग बदल घयवाछ है।,पेशाब का रंग बदल गया है।
एड़ी हिलाे पर ऐठंन होता है।,एड़ी हिलाने पर ऐंठन होता है।
माथामें सूजइ हे औ कट भी पढ़ चोता हि।,माथा में सूजन है और कट भी बढ़ जाता है।
सुबअ उठतै ही पीठ में उ्लडी कम हो जेता है।,सुबह उठते ही पीठ में उल्टी कम हो जाता है।
टखने मैं मौच है।,टखने में मोच है।
दवा लेे के बाद भी चुभण लगत है।,दवा लेने के बाद भी चुभन लगता है।
ींद भां लखळ बड़ ही ैह।,नींद में खलल पड़ रही है।
नी मयें लल पड़ रही है।,नींद में खलल पड़ रही है।
मुझे जीभ में खांसी मअसूस होती है।,मुझे जीभ में खांसी महसूस होती है।
कलाई हिलाने पर दस्ट शुरू होती है।,कलाई हिलाने पर दस्त शुरू होती है।
परसुं कोहनी में ठंड लगना होनेलगती है।,परसों कोहनी में ठंड लगना होने लगती है।
छेरे पड़ ोडनैब मिकल आहैम।,चेहरे पर दाने निकल आए हैं।
धणामें ूसजण है रऔ थक़ाण भी बअढ़ जाता है।,नथुना में सूजन है और थकान भी बढ़ जाता है।
धाँतमें र्द गै।,दाँत में दर्द है।
मेेर फा़ड़े भजें जुकाम और कटधोनों आता है।,मेरे फेफड़े में जुकाम और कट दोनों आता है।
सुपह उठते ही गुर्दा में खिंचाव रहत है।,सुबह उठते ही गुर्दा में खिंचाव रहता है।
जी रसभे डब़थअिव।,जीभ पर सफेद परत है।
कवमधे मे दर्द है।,कंधे में दर्द है।
कोहन हिलाने पड मोच लगत है।,कोहनी हिलाने पर मोच लगता है।
दवा रैने के बादभी गरीऊ लगना लगती हैज।,दवा लेने के बाद भी गर्मी लगना लगती है।
पठनि के बाझद भाँह भेमाज आतठा ैल।,बैठने के बाद बाँह में मोच आता है।
सुबह उठते ही काण नि भलगम ौगती अै।,सुबह उठते ही कान में बलगम होती है।
ॉक ्टर ने कहा थायरॉयड है।,डॉक्टर ने कहा थायरॉयड है।
एक हफ्दते सअे से बाल में सहणीय गड़्भी लगनठा शुरथू हदोी े।,एक हफ्ते से से बाल में असहनीय गर्मी लगना शुरू होती है।
ठऔॉक्टर ने गहा वायलल है।,डॉक्टर ने कहा वायरल है।
नाक को चमे पर ज़्यादा खुजली हमसूस होती है।,नाक को छूने पर ज़्यादा खुजली महसूस होती है।
हांठ फट रहि ैंल।,होंठ फट रहे हैं।
फेशब ार-र आटा है।,पेशाब बार-बार आता है।
मुझे दिल मडें कब्ज कम हो जाता हि।,मुझे दिल में कब्ज कम हो जाता है।
मुझ िल में चींक भहषस होती है।,मुझे दिल में छींक महसूस होती है।
नखून टूटहरे ैहं।,नाखून टूट रहे हैं।
सुबग उठतेच ही ोड़ में झनझनाहट कम ग चोा है।,सुबह उठते ही जोड़ में झनझनाहट कम हो जाता है।
मुझे टईखना में दाने रहती है।,मुझे टखना में दाने रहती है।
कंद में दरद है।,कंधे में दर्द है।
जडो़ों भैं अकड़ण हा।,जोड़ों में अकड़न है।
सबह उठते ी मांसपेशीचमे भ न लगना महसूस हणोसदा है।,सुबह उठते ही मांसपेशी में भूख न लगना महसूस होता है।
मझुणे बारब-ाड़ मतलीजडैसी महषूस होती हा।,मुझे बार-बार मतली जैसी महसूस होती है।
त्भचासखी और रदड़ी होगई है।,त्वचा सूखी और खुरदरी हो गई है।
जकने पर नोख़ून भें बलगम भहूस होता हा।,झुकने पर नाखून में बलगम महसूस होता है।
गरभीमें पंज़ा ेसूज खनहो ेजातभ है।,गर्मी में पंजा से सूजन कम हो जाता है।
सबह उठतेर ही गाळ मैं छींक कम अोजाता है।,सुबह उठते ही गाल में छींक कम हो जाता है।
झूकने पर गल मां भूख न लना आती है।,झुकने पर गला में भूख न लगना आती है।
मुझे माकइ्रऐेन है और भसौऐं भें नेंत म आनेख होदी है।,मुझे माइग्रेन है और भौं में नींद न आना होती है।
टद्बचे पर खुजले होती है।,त्वचा पर खुजली होती है।
रात गो सोटे समय डाँ मंे पनलगम कम हो जाीत है।,रात को सोते समय दाँत में बलगम कम हो जाती है।
कमर में दरद रहता है।,कमर में दर्द रहता है।
भुझआे नस ें बुखार शुरू होता है।,मुझे नस में बुखार शुरू होता है।
वजनअचानक ढब़ गया है।,वजन अचानक बढ़ गया है।
कोहनीम सोजन है।,कोहनी में सूजन है।
व्ईाईाम रकने पर गैस कभ हो जाथी है।,व्यायाम करने पर गैस कम हो जाती है।
कोअनीमें षूजन है।,कोहनी में सूजन है।
भूक बिल्कुज नअीं गती हि।,भूख बिल्कुल नहीं लगती है।
भौं की तओ्वश पर भूख न लगना ढब़ जाहता हे।,भौं की त्वचा पर भूख न लगना बढ़ जाता है।
पेस पूल रहता है।,पेट फूला रहता है।
खाना खाने के बाद सुन ्नपन लगती है।,खाना खाने के बाद सुन्नपन लगती है।
ंकधे में दर्द है।,कंधे में दर्द है।
पिछले हफ्ते स ाथ में कम मोच रहता है।,पिछले हफ्ते से हाथ में कम मोच रहता है।
सुब उठता अी नेखन मेडं संखअरनञ गनसूस होा अै।,सुबह उठते ही नाखून में संक्रमण महसूस होता है।
पड़िवार मेंवायरर खी समस्याय लअि है।,परिवार में वायरल की समस्या रही है।
भेरे ंजा ेमं चक् औरखुजली दानों बढ़ जात ह।,मेरे पंजा में चक्कर और खुजली दोनों बढ़ जाती है।
उगँली मछें चट री है।,उँगली में चोट लगी है।
दा ेलने खे भाध भी ग्भीलकने कम हौ झाता ै।,दवा लेने के बाद भी गर्मी लगना कम हो जाता है।
सुबयह उठति ी हंोठ मंउ्टअी लगी हे।,सुबह उठते ही होंठ में उल्टी लगती है।
रा को साते समय पंजा मं गास बना लतअा गै।,रात को सोते समय पंजा में गैस बना रहता है।
एठ़में दर्द ह।,एड़ी में दर्द है।
नोक वं रहती है।,नाक बंद रहती है।
पिरों में सूजम आ गई अै।,पैरों में सूजन आ गई है।
दो महीनइे शे जड़ मखें पषीना अामे लगदीह ह।,दो महीने से जोड़ में पसीना होने लगती है।
़ाना खाणे के बद ड़न हसूस गोात है।,खाना खाने के बाद धड़कन महसूस होता है।
चि़ठचिड़ापन ढ़ गया है।,चिड़चिड़ापन बढ़ गया है।
उँगलिईो में झनषनाहड होतओे ै।,उँगलियों में झनझनाहट होती है।
कम झनषनहलड के साथ मच भी ता ैह।,कम झनझनाहट के साथ मोच भी आता है।
सुबह तठे ही ड्ढी मेंष जकड़न आदीहै।,सुबह उठते ही हड्डी में जकड़न आती है।
ज ेक आसपे कछ़क़े औरक हरका डफ़ा कम हो तजि गढै।,जोड़ के आसपास चक्कर और हल्का फोड़ा कम हो जाती है।
परिभार में रि की समस्या रही है।,परिवार में फिशर की समस्या रही है।
शौचेमं खूण आदा है।,शौच में खून आता है।
गर्मीमैं नस से बलगम बमा रहता है।,गर्मी में नस से बलगम बना रहता है।
चलने पर माथामं कड़जोढम बनो रहा ा।,चलने पर माथा में कमजोरी बना रहता है।
रात को सोथे समय कुहणी भं कनबअज ळगदी अै।,रात को सोते समय कोहनी में कब्ज लगती है।
म कबअज के साथ चक्कर बी आता गैऔ।,कम कब्ज के साथ चक्कर भी आता है।
ासंसफ लधेने मेअं तकीठफ हुदी अै।,सांस लेने में तकलीफ होती है।
पर िबार में ायरल की ससभ् ईा लही है।,परिवार में वायरल की समस्या रही है।
त्वचा सुखी औरखदरी ह ई है।,त्वचा सूखी और खुरदरी हो गई है।
मुँह में छाले हौ गए ैहं।,मुँह में छाले हो गए हैं।
राटको शौदेछमय पार नें सांस फूघलना भढए़ जाती हे।,रात को सोते समय पैर में सांस फूलना बढ़ जाती है।
खाँी मिन खोम आता है।,खाँसी में खून आता है।
व्याईान करणे पर उ्लट ीव होती हि।,व्यायाम करने पर उल्टी होती है।
सबुह उठते ही पसलीमें दाणि आती है।,सुबह उठते ही पसली में दाने आती है।
उँगील में चोट लगी िह।,उँगली में चोट लगी है।
उँगली में उल्टी के कारण एलर्जे भी भहसूस होता है।,उँगली में उल्टी के कारण एलर्जी भी महसूस होता है।
शरीर मेम तल्ड रहत है।,शरीर में दर्द रहता है।
छाती हिलान पल जलन शुरू होटी है।,छाती हिलाने पर जलन शुरू होती है।
गु्दा की तवशा पर स्त कम हो जाता हे।,गुर्दा की त्वचा पर दस्त कम हो जाता है।
दभा लेे ेक बान बी भख न रगन ीह है।,दवा लेने के बाद भी भूख न लगना रहती है।
ीढड़े-धीरे ठठो़ी में उळ्टे होनेक लगती हा।,धीरे-धीरे ठोड़ी में उल्टी होने लगती है।
ब्यायोन करनै रठं लगना आात है।,व्यायाम करने पर ठंड लगना आता है।
भैठने क बादपरग में कबअज आता हे।,बैठने के बाद पलक में कब्ज आता है।
त्वचा पर खुजळी होती ैहऔ।,त्वचा पर खुजली होती है।
जिकरहिलामै परचोलट मसू गात है।,जिगर हिलाने पर चोट महसूस होता है।
मसूड़ों सेखून आता है।,मसूड़ों से खून आता है।
टखन भं मज है।,टखने में मोच है।
घूटनै में पानी रभ गजा है।,घुटने में पानी भर गया है।
मुेझगड़निया है और कूल्हो मनेश्त होता गै।,मुझे हर्निया है और कूल्हा में दस्त होता है।
णपेट मं गस नबती गै।,पेट में गैस बनती है।
यादताश्त कमजोर हो कई हे।,याददाश्त कमजोर हो गई है।
रात नाखभून में मऐतलीख होने लघत गै।,रात नाखून में मतली होने लगती है।
दवा लेने के बाद भी दस्त लगती हे।,दवा लेने के बाद भी दस्त लगती है।
बाज़़ नहें मिकळ रही।,आवाज़ नहीं निकल रही।
दाँत की त्वचा पर खांसी डह़ता है।,दाँत की त्वचा पर खांसी रहता है।
सोस लनेे ें तकलीफ़ होत है।,सांस लेने में तकलीफ होती है।
वजन अचानक कम हो गईो है।,वजन अचानक कम हो गया है।
ँाच मंडायबिडज़ मीकलोआ है।,जाँच में डायबिटीज़ निकला है।
कलईा में मु आ गई है।,कलाई में मोच आ गई है।
खाण काने के बाद तड़्द हाी है।,खाना खाने के बाद दर्द होती है।
डॉकतर ने कहा एछिईडिटी है।,डॉक्टर ने कहा एसिडिटी है।
छुभह सेउंगी ें ज़्ईाद चकफन लगटा है।,सुबह से उँगली में ज़्यादा चुभन लगता है।
़िवारट मंे ॉन्ऊसकी सभछ्यारही है।,परिवार में टॉन्सिल की समस्या रही है।
सिर को छूने पर बेहद भूखद न लगने रहता अै।,सिर को छूने पर बेहद भूख न लगना रहता है।
एक हफ्ते से नथुना भें जुकाम होने गती गै।,एक हफ्ते से नथुना में जुकाम होने लगती है।
जाँच मेंष बैक्टीरियल नक़लाहै।,जाँच में बैक्टीरियल निकला है।
चबेड़चडि़छापन ढ़ या है।,चिड़चिड़ापन बढ़ गया है।
तवचा कगी त्वचा बर दयाने भनीरहतईी ह।,त्वचा की त्वचा पर दाने बनी रहती है।
मुझे कलोई मिंसपन भढ़ जातेहै।,मुझे कलाई में सुन्नपन बढ़ जाती है।
तअबच में छूचन है औधर संक्मरण मी महसुस होती ह।,त्वचा में सूजन है और संक्रमण भी महसूस होती है।
झुकनेपभड़ माथा में फ्औरैक्चर बनफी रहटमी है।,झुकने पर माथा में फ्रैक्चर बनी रहती है।
रग्म में पिंडजली सि दछ्तबना रहता है।,गर्मी में पिंडली से दस्त बना रहता है।
दवो लने क बध भ फीसना बढ़ जाती है।,दवा लेने के बाद भी पसीना बढ़ जाती है।
नाखून गीलाे पर नीनद न आना कम हौ जाती है।,नाखून हिलाने पर नींद न आना कम हो जाती है।
परेवार में अल्सर की समस्या रही है।,परिवार में अल्सर की समस्या रही है।
सुमने ं दक्कतट हो रही है।,सुनने में दिक्कत हो रही है।
दवमा लेने के बाद भी चाट महूस होती है।,दवा लेने के बाद भी चोट महसूस होती है।
दो ीमे से शे बाहँ मांेतज़ कमरचीौ शुरू ोअीत अि।,दो महीने से से बाँह में तेज़ कमजोरी शुरू होती है।
्वईायाम करने पणर टक लगता हा।,व्यायाम करने पर कट लगता है।
लात को सोते समय कमर में बगषम बना रहता है।,रात को सोते समय कमर में बलगम बना रहता है।
जाँच में ृदय ड़ो निकला है।,जाँच में हृदय रोग निकला है।
जिगऐ़अलाने पर गड बनीरणअती है।,जिगर हिलाने पर कट बनी रहती है।
फशिर हौ गया है।,फिशर हो गया है।
आाज महीं निकल रही।,आवाज़ नहीं निकल रही।
व्ईाम कनरे पर जकड़न रहता है।,व्यायाम करने पर जकड़न रहता है।
़डीट क़ो चूने पड़ कम णकसेर छूरू होदी है।,एड़ी को छूने पर कम नकसीर शुरू होती है।
नखाून टूट रहे हैं।,नाखून टूट रहे हैं।
ीपरीयसठ मदेंबअूतथ दरद्प अोटा हि।,पीरियड्स में बहुत दर्द होता है।
मुझ अस्थमा अै और ड़ड़ में चुभन बना रहता है।,मुझे अस्थमा है और रीढ़ में चुभन बना रहता है।
डाटर ने गहा सलपिउ्ड डिस्क है।,डॉक्टर ने कहा स्लिप्ड डिस्क है।
षुगनै पर पेंडीलम में धकानख डब़ झातोगै।,झुकने पर पिंडली में थकान बढ़ जाता है।
दा ेने े बाद भी चोटसमूश हती है।,दवा लेने के बाद भी चोट महसूस होती है।
झुकेपर काम मं गैस रऔथह है।,झुकने पर कान में गैस रहती है।
शबपे बार-भार आाअ।,पेशाब बार-बार आता है।
झुकने परकूल्हा में क़मजोरी बढ़ जाादहै।,झुकने पर कूल्हा में कमजोरी बढ़ जाता है।
ँउघलियां नें झनझनाहट होती ह।,उँगलियों में झनझनाहट होती है।
परछों े गरअदन में लगादार धठ़कन होती है।,परसों से गर्दन में लगातार धड़कन होती है।
गला बिोठ गआ हे।,गला बैठा हुआ है।
ौच में खू आदा गै।,शौच में खून आता है।
ठंठ में बजिट मेंबखएोर होता है।,ठंड में पेट में बुखार होता है।
ामंसप ेषिईजो मेंखिंचाव है।,मांसपेशियों में खिंचाव है।
जाँच में आर्थरइाटबस निकला है।,जाँच में आर्थराइटिस निकला है।
नुजे णथुना ेंन झनझ मोतहड कम ुहातस है।,मुझे नथुना में झनझनाहट कम हो जाती है।
पठ मेपं अकड़न है।,पीठ में अकड़न है।
चिड़चिापन बढ़ गयहे।,चिड़चिड़ापन बढ़ गया है।
व्यााज क़ड़नडे र बुख़ार रटअी गशै।,व्यायाम करने पर बुखार रहती है।
रात को सोते य हड्ढी में दरअध अोती है।,रात को सोते समय हड्डी में दर्द होती है।
ए़ड में सोजण है औरऐ जलद भी आता है।,एड़ी में सूजन है और जलन भी आता है।
पेसाब का रंख बदल गया हा।,पेशाब का रंग बदल गया है।
करम में दष्रयड रटा है।,कमर में दर्द रहता है।
ड़्नीक भठुटी़ छेग फैक्चर शोरो होती है।,गर्मी में ठोड़ी से फ्रैक्चर शुरू होती है।
ज़ो़ के आशपसकट और ेज़ बसीना मगसस होी हा।,जोड़ के आसपास कट और तेज़ पसीना महसूस होती है।
हात-पैरषनो्ण हो चे हैम।,हाथ-पैर सुन्न हो जाते हैं।
व्याम नरे पर खून आना कम हो चाता है।,व्यायाम करने पर खून आना कम हो जाता है।
शरयीर में दर्त रहता हआि।,शरीर में दर्द रहता है।
लचणने फललकहूरगा माडं िशडिटी लग़तान है।,चलने पर कूल्हा में एसिडिटी लगता है।
डॉख्टर ने कहा यूटीआई है।,डॉक्टर ने कहा यूटीआई है।
ठंड में दिल मेकं चोट महसूस होतागै।,ठंड में दिल में चोट महसूस होता है।
जड़ो भें संक्मरण के खरण ज़ ुगाम भी कम हो झाभथ है।,जोड़ में संक्रमण के कारण जुकाम भी कम हो जाता है।
दवा लेने कै बाद भी जनझनाहट रहता है।,दवा लेने के बाद भी झनझनाहट रहता है।
ब्यायाम कनरे पर ोचहोटा ह।,व्यायाम करने पर मोच होता है।
नींजद में खल पद़ रही है।,नींद में खलल पड़ रही है।
झुकनि पड़ जाँ मेंड सुनअनपन ोहती अै।,झुकने पर जाँघ में सुन्नपन होती है।
सनन ेम तिकक्थऊ गो रहेहै।,सुनने में दिक्कत हो रही है।
जाँचमें थायरॉयड िकलहै।,जाँच में थायरॉयड निकला है।
बशेाब वाल-बार आता ैह।,पेशाब बार-बार आता है।
शौच मंे खून आता ह।,शौच में खून आता है।
दवा लेने के बत भी भूख मद लगमा ळगा है।,दवा लेने के बाद भी भूख न लगना लगता है।
सिर हल ामे प ठकान म हाओ जाताहै।,सिर हिलाने पर थकान कम हो जाता है।
झुकने पर कलई में बलगन महशूस होता है।,झुकने पर कलाई में बलगम महसूस होता है।
सुनने ैं दिक्कतहो रिहै।,सुनने में दिक्कत हो रही है।
वजन अचानक कम ग गया है।,वजन अचानक कम हो गया है।
दाँत में डर्द है।,दाँत में दर्द है।
पछिले अफ्ते सि नाक में बेहद टमहसूछ होती हा।,पिछले हफ्ते से नाक में बेहद कट महसूस होती है।
छाती को छूने र बहुत जलन होता है।,छाती को छूने पर बहुत जलन होता है।
पेड फूा रहात है।,पेट फूला रहता है।
त्वचछूखी और खुरदरी हो गई अै।,त्वचा सूखी और खुरदरी हो गई है।
ँ में छल ह गए हैं।,मुँह में छाले हो गए हैं।
परिवार भें हृद रोग की समछ्या रेह है।,परिवार में हृदय रोग की समस्या रही है।
टखने में मो है।,टखने में मोच है।
पेछले हअभते दिमागभ में फोड़े ोगने लगी है।,पिछले हफ्ते दिमाग में फोड़ा होने लगती है।
सिर मैं रसीू हु गई अै।,सिर में रूसी हो गई है।
ठंड मे कान मं खोजली शरू हदोा है।,ठंड में कान में खुजली शुरू होता है।
बँाह की त्वचो बर शींक मलहसऊूस होती हे।,बाँह की त्वचा पर छींक महसूस होती है।
ात को सातढि समय कोह में सऊजन रअी है।,रात को सोते समय कोहनी में सूजन रहती है।
जाँच में अस्थमा िणकला ह।,जाँच में अस्थमा निकला है।
पवासीरई कीभस्यफा ै।,बवासीर की समस्या है।
कमर में रत रहता है।,कमर में दर्द रहता है।
ठौड़ी हेलाने पर छाले आते हैद।,ठोड़ी हिलाने पर छाले आता है।
कंधा की त्वचा बर चुभन रहती है।,कंधा की त्वचा पर चुभन रहती है।
रात खो सोते सय नाक नें छूजण कमगखौ चाथ गै।,रात को सोते समय नाक में सूजन कम हो जाता है।
भोंश अिलान परनींद न मआा बनी रअत हा।,भौं हिलाने पर नींद न आना बनी रहती है।
मारा करद्हा में चोट और थकानधोनोन बढ़ जथि है।,मेरे कूल्हा में चोट और थकान दोनों बढ़ जाती है।
मझे एंग्जायटी है और घुटामें थकान ुरूहोता है।,मुझे एंग्जायटी है और घुटना में थकान शुरू होता है।
खाँसी में खून आते है।,खाँसी में खून आता है।
हाथ-ैपड़ सुनन हो जाते हैं।,हाथ-पैर सुन्न हो जाते हैं।
क्ज ी समस्याहै।,कब्ज़ की समस्या है।
उँगली में चठ लगी है।,उँगली में चोट लगी है।
ात को सोटे सय भाळ में झणझनाहड आता है।,रात को सोते समय बाल में झनझनाहट आता है।
कऔब्ज़ की समस्यढा है।,कब्ज़ की समस्या है।
गर्मी में पियंईडली से एसडिी आती है।,गर्मी में पिंडली से एसिडिटी आती है।
पसी की वच्ा पर दरड रहताग े।,पसली की त्वचा पर दर्द रहता है।
मेरे बँह मे दस्त औड़सांस फूझलना दनों आतो है।,मेरे बाँह में दस्त और सांस फूलना दोनों आता है।
नाखून गिलाने पर थकाम बनी रहती हआै।,नाखून हिलाने पर थकान बनी रहती है।
चड़जझड़पनबध़ घईा है।,चिड़चिड़ापन बढ़ गया है।
टॉक्डर ने खहा थायडॉ़जड है।,डॉक्टर ने कहा थायरॉयड है।
परिवार में टॉन्सिल की समस्याग रही है।,परिवार में टॉन्सिल की समस्या रही है।
जीभ परसफेद पर हि।,जीभ पर सफेद परत है।
गल नाखुन मंे रैश होने लघदी है।,कल नाखून में रैश होने लगती है।
चलणि रब ळा नें सन मखहसूस होटा हि।,चलने पर गला में सुन्नपन महसूस होता है।
बपेशे बाल-बार आते है।,पेशाब बार-बार आता है।
लग बैठा अआ है।,गला बैठा हुआ है।
नाखून ठूट रहे हां।,नाखून टूट रहे हैं।
गर्मी में गोंथ सि एलर्जी बना रहता ै।,गर्मी में होंठ से एलर्जी बना रहता है।
ठा़डघी मे एसिठिटी के ारण छौट भी बणपे रतोहा।,ठोड़ी में एसिडिटी के कारण चोट भी बना रहता है।
घतुनाभें सूजन है और ऐंठन भीच महसूस होती हैक।,घुटना में सूजन है और ऐंठन भी महसूस होती है।
द्य ोन केदं्रित नहीं कर पाती हूँ।,ध्यान केंद्रित नहीं कर पाती हूँ।
खानखामे का बाद खिंचाव बनाश रहता है।,खाना खाने के बाद खिंचाव बना रहता है।
छती का आसपास खुजली औड़ लखाताड़ जोकाम महसूस होता है।,छाती के आसपास खुजली और लगातार जुकाम महसूस होता है।
गल्दन घुमाने में दिक्कत हि।,गर्दन घुमाने में दिक्कत है।
ॉडक्टर ने कहाकिडनी सटोम है।,डॉक्टर ने कहा किडनी स्टोन है।
मुझे फफड़े मां ूफक न लग़ना गम हो ाता अै।,मुझे फेफड़े में भूख न लगना कम हो जाता है।
मुजे जूेतआईहै औरगलाई में ऐठन कभ हो जात ैह।,मुझे यूटीआई है और कलाई में ऐंठन कम हो जाती है।
शाबपेउ में जलन होती है।,पेशाब में जलन होती है।
रत मामथा मं उल्ठी होने लगटीहै।,रात माथा में उल्टी होने लगती है।
गळे में ख़राश है।,गले में खराश है।
रथ को सोते समय मधूने में एळरअ जी खनह जाती हा।,रात को सोते समय नथुना में एलर्जी कम हो जाती है।
व्यााम खरने पर झनझाहट कम हो जाती है।,व्यायाम करने पर झनझनाहट कम हो जाती है।
नग े खून आता है।,नाक से खून आता है।
त्वचाइ फर खुजल होती ा।,त्वचा पर खुजली होती है।
पीरियड्स के धौरन नथ रहती अे।,पीरियड्स के दौरान थकान रहती है।
सुभहउठे ही पेघट मिं ंऐठन रहदा गै।,सुबह उठते ही पेट में ऐंठन रहता है।
पाड फुळा रहता है।,पेट फूला रहता है।
दवा लेने के बा फी धबरहट अोथा है।,दवा लेने के बाद भी घबराहट होता है।
उँगली मंे ाचट लग है।,उँगली में चोट लगी है।
माथा में ींचाव के काजरण थकान भी शुरू अोती है।,माथा में खिंचाव के कारण थकान भी शुरू होती है।
मासिक धर्म अनियभित है।,मासिक धर्म अनियमित है।
दिल क धड़कन तसेज़ ो जादी है।,दिल की धड़कन तेज़ हो जाती है।
सुबह उठता ही उँगली में धद़कन रगता अै।,सुबह उठते ही उँगली में धड़कन लगता है।
धई्ान केंद्रित नहीहं कर पाती हूँ।,ध्यान केंद्रित नहीं कर पाती हूँ।
सुनणे में दिकअकत रअी है।,सुनने में दिक्कत हो रही है।
जरनवा बर फेफड़ै नमै जझणनहठ आटष है।,चलने पर फेफड़े में झनझनाहट आती है।
आवा़ज नहींनिघकल रहि।,आवाज़ नहीं निकल रही।
आँखोंमें जलन और रालिमा गै।,आँखों में जलन और लालिमा है।
मेरेिनाग े नक़ीसड़ औल राश दमुं महसहूस अो थाण है।,मेरे दिमाग में नकसीर और रैश दोनों महसूस होता है।
ठैने कि बदो कंधा मैं रैशरहते है।,बैठने के बाद कंधा में रैश रहता है।
व्यायाम करने पर कमजोरी आती हे।,व्यायाम करने पर कमजोरी आती है।
ए़ी में दर्द है।,एड़ी में दर्द है।
कान मेम आज़ आथी है।,कान में आवाज़ आती है।
चातमी खी तवचापर ऐंठन महूउस हता ग।,छाती की त्वचा पर ऐंठन महसूस होता है।
रीढ़ िहोे पर धड़कन लगदा है।,रीढ़ हिलाने पर धड़कन लगता है।
खठ्टभ डकेर आती हैब।,खट्टी डकार आती है।
परिार मेन अरचसर की समसय्ा ही है।,परिवार में अल्सर की समस्या रही है।
शिर में रुसी हा गई है।,सिर में रूसी हो गई है।
झुकने पर बाँह में नाच महसधूछहोता है।,झुकने पर बाँह में मोच महसूस होता है।
नान ठूणट लहे अे।,नाखून टूट रहे हैं।
लाथ को सोति समय कडलाई में उल्टि बन लहता है।,रात को सोते समय कलाई में उल्टी बना रहता है।
िपछलभेमहीणे दाँत मेऊन चक्र ोने लगत अ।,पिछले महीने दाँत में चक्कर होने लगती है।
खसाीने खू त हि।,खाँसी में खून आता है।
मुझ पषली भें खमचोरि णबी तर है।,मुझे पसली में कमजोरी बनी रहती है।
गामा निगल़ेन मैनदिक्कत है।,खाना निगलने में दिक्कत है।
रटको सोते सभ नेगून में संकरमण बनी रत है।,रात को सोते समय नाखून में संक्रमण बनी रहती है।
नींध मिंखलल फड़ री है।,नींद में खलल पड़ रही है।
पंजा मेंसूजन है और सूजन भ कम हो जाती ै।,पंजा में सूजन है और सूजन भी कम हो जाती है।
मांसपिजों ें खिचव है।,मांसपेशियों में खिंचाव है।
जिगर के आसपास दाने और रुक-रुक कर बुखार शुयरू होात हैब।,जिगर के आसपास दाने और रुक-रुक कर बुखार शुरू होता है।
मषे कारेसट्रॉलैह और माथा मैउं बलकम कम हो जातीहै।,मुझे कोलेस्ट्रॉल है और माथा में बलगम कम हो जाती है।
जाँच मसें ॉलब्ळैडर नखाल है।,जाँच में गॉलब्लैडर निकला है।
गला बैठा हुआ गे।,गला बैठा हुआ है।
झुकने पर होंठ मेन संक्रमण होताहा।,झुकने पर होंठ में संक्रमण होता है।
मुँह में चो ोह कएहैं।,मुँह में छाले हो गए हैं।
सुनने में दि्कत हो रही है।,सुनने में दिक्कत हो रही है।
फेडफ़े को छूनइे प झ़्यादे धान रहता है।,फेफड़े को छूने पर ज़्यादा थकान रहता है।
शौच नें ख तआा है।,शौच में खून आता है।
त्बछआ सखी औल खुरदरिहो गई है।,त्वचा सूखी और खुरदरी हो गई है।
गर्डनघुभाना नें देक्कत है।,गर्दन घुमाने में दिक्कत है।
ना बंतड़तअी अै।,नाक बंद रहती है।
बेनठ के बाजउिगर मां खरम लगना वषढ जाटहै।,बैठने के बाद जिगर में गर्मी लगना बढ़ जाता है।
गला हेलाने पर बुखाल बड़ जाता अै।,गला हिलाने पर बुखार बढ़ जाता है।
णाक वंद रहत है।,नाक बंद रहती है।
पेशाभ भें जलण हुती अै।,पेशाब में जलन होती है।
ुतथमे मेणं बानीभउल गयाहा।,घुटने में पानी भर गया है।
परिवाशर में फनगल की सस्या लही है।,परिवार में फंगल की समस्या रही है।
बेवजह रोना आत है।,बेवजह रोना आता है।
सुबह उठथे ही गालय में नींदम आना कम अो जाेत है।,सुबह उठते ही गाल में नींद न आना कम हो जाती है।
ुमजे जिगर में ंछक्रमण लगता है।,मुझे जिगर में संक्रमण लगता है।
सूनणै में दि्तकत हो रगीअा।,सुनने में दिक्कत हो रही है।
रात को सोते शममज हाथ मां खुजली गोता है।,रात को सोते समय हाथ में खुजली होता है।
मडरेेउँगळी मैं ठंडव लगा और गाव दोणों शुरू ोा हा।,मेरे उँगली में ठंड लगना और घाव दोनों शुरू होता है।
ठड मऔें ँाह भें दाने अटा हे।,ठंड में बाँह में दाने रहता है।
दिअळ हीधळाणे पर कट रगतीगै।,दिल हिलाने पर कट रहती है।
दवालनेि गे भा भीट वीख न गरन होती है।,दवा लेने के बाद भी भूख न लगना होती है।
बवजहरना आता ह।,बेवजह रोना आता है।
खाना खाने के बाद खांस आती है।,खाना खाने के बाद खांसी आती है।
कमर में दर्ड रहता है।,कमर में दर्द रहता है।
ोड़ा करीजोम के साथ मोच भी कम हो जाता है।,थोड़ा कमजोरी के साथ मोच भी कम हो जाता है।
हब उठते गी कूअलहा मिं खूनआने छुू तहीहै।,सुबह उठते ही कूल्हा में खून आना शुरू होती है।
सुनने भें दिक्कत हो रगीहै।,सुनने में दिक्कत हो रही है।
कनो निगलनइ में दिक्तक है।,खाना निगलने में दिक्कत है।
रात को सोते समय रीढ़ में दस्त बनी रहतखी हधै।,रात को सोते समय रीढ़ में दस्त बनी रहती है।
शाम बाल में एसिडिठी ोहने लगती है।,शाम बाल में एसिडिटी होने लगती है।
शोबहथ उठतेऊ ी ँदत मे कप्ढज होती है।,सुबह उठते ही दाँत में कब्ज होती है।
सुबह उठते ही दिमाग मेम गर्मी लघना महसऊूस होथी गि।,सुबह उठते ही दिमाग में गर्मी लगना महसूस होती है।
लाददार बलगम के साध चुभन भी बध़ जात अ।,लगातार बलगम के साथ चुभन भी बढ़ जाती है।
मेड़े ानखून में जुकान और एलर्ची दोनों बढ़ जाताऊ है।,मेरे नाखून में जुकाम और एलर्जी दोनों बढ़ जाता है।
पिवेर मिम ट्सि गी छमस्या ड़हीहै।,परिवार में टॉन्सिल की समस्या रही है।
ूटने मेंघ ान भर गईल है।,घुटने में पानी भर गया है।
मेरे बाह में ंक़्रमण और दस्थ दोनं महसूस अौदा ै।,मेरे बाँह में संक्रमण और दस्त दोनों महसूस होता है।
जाँजें िप्रशेन मिगल गे।,जाँच में डिप्रेशन निकला है।
जौड़ोन मैं अकडभ़न है।,जोड़ों में अकड़न है।
दब लेने खे बाद भि ूभख न लगना शुरू होती है।,दवा लेने के बाद भी भूख न लगना शुरू होती है।
एठ़ी ी ्वछाझ पड़ रैरश ळगती ै।,एड़ी की त्वचा पर रैश लगती है।
बेने के बादठ ँग में छींक़ महूस होता है।,बैठने के बाद आँख में छींक महसूस होता है।
अचानक गर् दन भंे फ़ोड़ाहोने गथी ैह।,अचानक गर्दन में फोड़ा होने लगती है।
सुबह उठते ही घुटनो में मथली बढ़ जाता है।,सुबह उठते ही घुटना में मतली बढ़ जाता है।
बैठने के बेद मंासफेश में गैस लगता है।,बैठने के बाद मांसपेशी में गैस लगता है।
मुझै जिगल नेंऔ फरैक्चर होटीगै।,मुझे जिगर में फ्रैक्चर होती है।
ुझे जोड़ मेम छींक ळगता है।,मुझे जोड़ में छींक लगता है।
भुझे बराबार भत झैसीमहसूछ होतशी है।,मुझे बार-बार मतली जैसी महसूस होती है।
दवा लेने के बथाद भी जलन बना रहता ैह।,दवा लेने के बाद भी जलन बना रहता है।
गर्मि मे पे सि सुन्नपन बड़जाति ह।,गर्मी में पेट से सुन्नपन बढ़ जाती है।
चेभभ पल ेसद बरठहै।,जीभ पर सफेद परत है।
थडौ़ा गयर्मी लखनावके सेथईपअरभै्औच़ बी बमा हरत अै।,थोड़ा गर्मी लगना के साथ फ्रैक्चर भी बना रहता है।
ोकने बर कुगीन मिं च्कछकर बना ाह ै।,झुकने पर कोहनी में चक्कर बना रहता है।
कल्हा को छूनेश पर थडोा़ मटली कम हो ाजती है।,कूल्हा को छूने पर थोड़ा मतली कम हो जाती है।
हथ-फैरसुन् हुजातैज हैं।,हाथ-पैर सुन्न हो जाते हैं।
दो नहीन से चिगल मां छींक होनि लगती है।,दो महीने से जिगर में छींक होने लगती है।
णस नें चुभम केकेरण खरमी लगना बी हताै।,नस में चुभन के कारण गर्मी लगना भी रहता है।
पैर क आसपासडर्द और लगातेर भअूखप न लग़ना म ोहजाता है।,पैर के आसपास दर्द और लगातार भूख न लगना कम हो जाता है।
पेशाबार-बार आा है।,पेशाब बार-बार आता है।
बाल झगड़रहे हैं।,बाल झड़ रहे हैं।
त्वचा सूखी और ख़ुलदरी ह गई है।,त्वचा सूखी और खुरदरी हो गई है।
गअमीमं नुथाण ेस दाे बढ़ जाथा ै।,गर्मी में नथुना से दाने बढ़ जाता है।
भज़न अजेणक गम हो गय है।,वजन अचानक कम हो गया है।
हटे न लज कैकोरण तकन भी अोती गैऔ।,हड्डी में जलन के कारण थकान भी होती है।
पैधटने के बद नस में थकान षुड़ू हुी है।,बैठने के बाद नस में थकान शुरू होती है।
खर्मी ेमं पसली से थनका ब़ जाठता है।,गर्मी में पसली से थकान बढ़ जाता है।
दस्त ळग गए अैं।,दस्त लग गए हैं।
परिबार ेमं ंएग्जायीट कधी ससमय्ारअी है।,परिवार में एंग्जायटी की समस्या रही है।
ुझे अल्चसर है औड़उँगली में फ़्डाकअचर बढ़ जात हा।,मुझे अल्सर है और उँगली में फ्रैक्चर बढ़ जाता है।
ीठ में अकड़न है।,पीठ में अकड़न है।
उगलियों में झननेहट ोतीहै।,उँगलियों में झनझनाहट होती है।
झुकनै पर गळ में ेबजैने महसूस होता गै।,झुकने पर गाल में बेचैनी महसूस होता है।
मरेे बाल में ठंठ लगना और फ़ोड़ा दोनो लगता है।,मेरे बाल में ठंड लगना और फोड़ा दोनों लगता है।
धअयाण खेंड्रित मं रक पाती हूं।,ध्यान केंद्रित नहीं कर पाती हूँ।
पेसाप ाक रग भद गाई है।,पेशाब का रंग बदल गया है।
ँउगली मैचठोट ली है।,उँगली में चोट लगी है।
होंथ फट रसहे अैं।,होंठ फट रहे हैं।
सुबह उठते ही माठो मेंाव कम हो जाताहा।,सुबह उठते ही माथा में घाव कम हो जाता है।
ठंड में हाथ में फ्लैक्चर शुरू होती है।,ठंड में हाथ में फ्रैक्चर शुरू होती है।
जाँच में यूटीआई निखा हे।,जाँच में यूटीआई निकला है।
फरिवार में किढन स्टुन की षमझस्या रहि हे।,परिवार में किडनी स्टोन की समस्या रही है।
ीच फड़ सफे रत गै।,जीभ पर सफेद परत है।
मुँग में छाले हो एहैं।,मुँह में छाले हो गए हैं।
नथुना के आसबसा संक्रमण रऔ काफी घपराहट कम ो ाजता है।,नथुना के आसपास संक्रमण और काफी घबराहट कम हो जाता है।
वय्ायभर करना बर दस्त होताहै।,व्यायाम करने पर दस्त होता है।
झुकने पर ठोड़ीेमं एलर्जि ोहती गै।,झुकने पर ठोड़ी में एलर्जी होती है।
खच़ा खणेके बात कमजोफरि पढ़य झाता है।,खाना खाने के बाद कमजोरी बढ़ जाता है।
पीठमें अक़ ड़न गै।,पीठ में अकड़न है।
मुँह में ाछेर हो गए हैं।,मुँह में छाले हो गए हैं।
भगी भै माथा सझनझमाहट महसूस होता हा।,गर्मी में माथा से झनझनाहट महसूस होता है।
धीरे-धीरे से होंठ मा जढ़्यादा सुननपन महसूस अोता है।,धीरे-धीरे से होंठ में ज़्यादा सुन्नपन महसूस होता है।
अख्सल षे माठा मेन कभ जुकम लगते है।,अक्सर से माथा में कम जुकाम लगता है।
भूदग बिलकुल णही लगती है।,भूख बिल्कुल नहीं लगती है।
याातशअथ मजोर हो कई ै।,याददाश्त कमजोर हो गई है।
जाँच मेंइंफदैक्सम निगरा है।,जाँच में इंफेक्शन निकला है।
माखोण टटू ़डहे हैं।,नाखून टूट रहे हैं।
बाल झड़ रह है।,बाल झड़ रहे हैं।
खाना खाने के बाड नकसीर महसूस होथी ह।,खाना खाने के बाद नकसीर महसूस होती है।
हेनशा पंठली मे जड़ोकम नेअ लगतील है।,हमेशा पिंडली में जुकाम होने लगती है।
कहनीमें सून है।,कोहनी में सूजन है।
मुँह में छाले हो ग़ए हैं।,मुँह में छाले हो गए हैं।
ग्रमी ें झीभ शे एलर्ज बमी रहती हैऔ।,गर्मी में जीभ से एलर्जी बनी रहती है।
बाभल कि आसफास संक्रमण और तेज़ फोड़ा महसूस होता है।,बाल के आसपास संक्रमण और तेज़ फोड़ा महसूस होता है।
कधा मंे दर्द है।,कंधे में दर्द है।
दवा रैनेा बोद भी जुकाभ होता हैष।,दवा लेने के बाद भी जुकाम होता है।
ख़ँसी मेंथ खणमो आटा ै।,खाँसी में खून आता है।
व्ययामकलमने पर सास फ़ूलनाठ म हो जाता ह।,व्यायाम करने पर सांस फूलना कम हो जाता है।
रात को सोते समय गुआरदा में ज़लन रहता है।,रात को सोते समय गुर्दा में जलन रहता है।
झुकमे पर ंक में घबला लगत गै।,झुकने पर कंधा में घबराहट लगता है।
जीभ पल सफेद परदहै।,जीभ पर सफेद परत है।
जोँच मां फंगलनीकला है।,जाँच में फंगल निकला है।
घुटनै भें पानी भर कया है।,घुटने में पानी भर गया है।
रातह को ोसदि समयकान मे सेदड़् महसूस होता है।,रात को सोते समय कान में सिरदर्द महसूस होता है।
दाँत की त्वचा परजलन बीन रहती हि।,दाँत की त्वचा पर जलन बनी रहती है।
फेशर हो गया है।,फिशर हो गया है।
भजन अचान कम होगया हैज।,वजन अचानक कम हो गया है।
पशेाब में जरम होती है।,पेशाब में जलन होती है।
उँगलिईो में झनझ नेगट होती है।,उँगलियों में झनझनाहट होती है।
दिमाग मेंजकड़न खे कार रैश भे हूस होा ह।,दिमाग में जकड़न के कारण रैश भी महसूस होता है।
जाँच में अष्थभा निकलाहै।,जाँच में अस्थमा निकला है।
दिल की धड़कन तेज़ हो जाती गै।,दिल की धड़कन तेज़ हो जाती है।
पे फूल रगता है।,पेट फूला रहता है।
मुँह में छाला हो गए हैं।,मुँह में छाले हो गए हैं।
नेरेट थुना में गरद्मी गळना और भुखला ोणों लगता हा।,मेरे नथुना में गर्मी लगना और बुखार दोनों लगता है।
ठढमें खढ में जनझन ाहट आती है।,ठंड में कंधा में झनझनाहट आती है।
दवा लेने के भादभी गरम्ी लगना कहम हौ ाजता है।,दवा लेने के बाद भी गर्मी लगना कम हो जाता है।
मुँह ें छाले हौगए ैं।,मुँह में छाले हो गए हैं।
नुझे मँह ेभं खर्ी ळनका हटा है।,मुझे मुँह में गर्मी लगना रहता है।
गरा में सूज है और खेस भी ़ जातो है।,गला में सूजन है और गैस भी बढ़ जाता है।
पैर अंगु ली टूट गई हि।,पैर की अंगुली टूट गई है।
हाफट रहे हैं।,होंठ फट रहे हैं।
टखना नेटं सून ैअरऔ ऐमठनि कभ हो जाती ै।,टखना में सूजन है और ऐंठन भी कम हो जाती है।
कोहन में सूजन है।,कोहनी में सूजन है।
चरने परई पेत में सपेनाऊ ळकतीच ।,चलने पर पेट में पसीना लगती है।
तचवा बर खुजली होती गै।,त्वचा पर खुजली होती है।
मेरे पेन में मआोच औझड़ छो ुनोन कम हो जाता है।,मेरे पेट में मोच और छाले दोनों कम हो जाता है।
ला बैठा हुआ है।,गला बैठा हुआ है।
व्यायाम करने पर खून आना शुरू ोहता गै।,व्यायाम करने पर खून आना शुरू होता है।
भूख़ बिकोर नगथीलघती हि।,भूख बिल्कुल नहीं लगती है।
आवेज़ नहीं निक ़हे।,आवाज़ नहीं निकल रही।
सूढ़ंो से खून आता है।,मसूड़ों से खून आता है।
खाना खाने केज बोद थकान रहता है।,खाना खाने के बाद थकान रहता है।
वाामच कपरनै प कतन आति है।,व्यायाम करने पर कट आती है।
बाबसीड़ ी समस्ज ह।,बवासीर की समस्या है।
भुझे पैर में दामे बनी रहती है।,मुझे पैर में दाने बनी रहती है।
मुजि एनिनिया है और जाँघ ें रशै बम रहती हैट।,मुझे एनीमिया है और जाँघ में रैश बनी रहती है।
हाथ-पैर सुन्न ोह जाते हैं।,हाथ-पैर सुन्न हो जाते हैं।
वज अेणक ढ़ गया अै।,वजन अचानक बढ़ गया है।
उँगली को छूने पर लगातारद बलगम नी रहती ैह।,उँगली को छूने पर लगातार बलगम बनी रहती है।
ंजबा के सापस एिडिटी और असहनीय झनझनाहटहोथ है।,पंजा के आसपास एसिडिटी और असहनीय झनझनाहट होती है।
चलने पर जांघ ेनं सरदर्दरहरता अि।,चलने पर जाँघ में सिरदर्द रहता है।
ूक बिल्आकुल नहं ळग है।,भूख बिल्कुल नहीं लगती है।
नुझे बार-ारमषटली जैशी महसूस अोती है।,मुझे बार-बार मतली जैसी महसूस होती है।
कान में आबाज आती है।,कान में आवाज़ आती है।
परीवर में अल्सलकी समसअाय रगी है।,परिवार में अल्सर की समस्या रही है।
मेले खालमं कमजली औल छाेर दोनों महसूस होतना हैद।,मेरे गाल में कमजोरी और छाले दोनों महसूस होता है।
उँखल को छूने पर रुक-ड़ुक कर चुभनबढ जता है।,उँगली को छूने पर रुक-रुक कर चुभन बढ़ जाता है।
परिवार में यूटी आई की समस्या रहकी है।,परिवार में यूटीआई की समस्या रही है।
खोनाखाेम केभ बाद खुरजी लगी है।,खाना खाने के बाद खुजली लगती है।
कबअज़ की समस्या ि।,कब्ज़ की समस्या है।
धवा ळने केबाद भी चुण कमहौ जाता है।,दवा लेने के बाद भी चुभन कम हो जाता है।
ैबठने के ाबड माथामें सु ्नपन शुरू हताीछहै।,बैठने के बाद माथा में सुन्नपन शुरू होती है।
फिशले हफत्े नस में गर्म लगान अुन लगती है।,पिछले हफ्ते नस में गर्मी लगना होने लगती है।
रफात को सतोे समयख छादी में झकड़उन लतगी है।,रात को सोते समय छाती में जकड़न लगती है।
नाक के सफास चुभन औरथेज़ मतली बन रहती ै।,नाक के आसपास चुभन और तेज़ मतली बनी रहती है।
दवउा लेनजेकै बधा भी ऐंठन कम गो जाती अै।,दवा लेने के बाद भी ऐंठन कम हो जाती है।
दवा लेमेके वाद भी बेचैनी बढ़ झात अै।,दवा लेने के बाद भी बेचैनी बढ़ जाता है।
आवाझ़ नहीं निकल रअी।,आवाज़ नहीं निकल रही।
पैशाब बोरब-ार आता है।,पेशाब बार-बार आता है।
मस डू़णो से खण आतोत है।,मसूड़ों से खून आता है।
ानो खाने के बादभोच कमगो ाती है।,खाना खाने के बाद मोच कम हो जाती है।
सुनने में दि्ककत हो लही है।,सुनने में दिक्कत हो रही है।
नाक मेम उल्टे कारण थणखफ होी है।,नाक में उल्टी के कारण थकान भी होती है।
झोकने पर पैर ेमं सांस फोरना महसूस होता है।,झुकने पर पैर में सांस फूलना महसूस होता है।
भुझा अल्सड़ अा और नथा में फौ़डाढ ख हो जाति है।,मुझे अल्सर है और माथा में फोड़ा कम हो जाती है।
पाठने क बाड नस में धड़जकन रगत है।,बैठने के बाद नस में धड़कन लगता है।
बैठने गे बाद हाथ में नकस ीर होती है।,बैठने के बाद हाथ में नकसीर होती है।
सुबह ठठत ही जीभ में रशै पढ़ जाती हैऔ।,सुबह उठते ही जीभ में रैश बढ़ जाती है।
छाथि नें बाव मशूसहोता अै।,छाती में दबाव महसूस होता है।
गड़्मघी में बाँह स कबज् आथी है।,गर्मी में बाँह से कब्ज आती है।
खसाण गान के ेबद ऐठ बी रहटी है।,खाना खाने के बाद ऐंठन बनी रहती है।
रपिवार में गडनी स्टो की समस्ये रही अईै।,परिवार में किडनी स्टोन की समस्या रही है।
मुझे ार-धबारभतल जैसी नहसूस हुथी ह।,मुझे बार-बार मतली जैसी महसूस होती है।
पेशाब रढंग बदर कयाहै।,पेशाब का रंग बदल गया है।
याददाश्यतकमजरो ो गई है।,याददाश्त कमजोर हो गई है।
पीलियद्स के दौलाम थकान हरतीहै।,पीरियड्स के दौरान थकान रहती है।
मुाझ पैर में छलेकन गु जाता है।,मुझे पैर में छाले कम हो जाता है।
सुबह उठते ह नाखून नें जन कम हो जादे ै।,सुबह उठते ही नाखून में जलन कम हो जाता है।
त्बचा पर ुजळि ोटी है।,त्वचा पर खुजली होती है।
ेरे घुटना में थखन और दस्तदमोनु ग हो जाती हईे।,मेरे घुटना में थकान और दस्त दोनों कम हो जाती है।
मेरे कूर्हा मिं णटींड नठ आना और मूख न लगना डोनरों मगसूस होत है।,मेरे कूल्हा में नींद न आना और भूख न लगना दोनों महसूस होता है।
िंडेको ूछन र बैह सरिदर्द कम अो जाता ै।,पिंडली को छूने पर बेहद सिरदर्द कम हो जाता है।
मेझकुळिस्त्लॉल अा और राई मां ़र ्मी रगणालगती है।,मुझे कोलेस्ट्रॉल है और कलाई में गर्मी लगना लगती है।
झाँच नैं साइमस निटखला ।,जाँच में साइनस निकला है।
थड़ा बेचैन के साध घाव भी क ो जाता है।,थोड़ा बेचैनी के साथ घाव भी कम हो जाता है।
दसत ळग गए ैं।,दस्त लग गए हैं।
पैठने के बाद पिंडली में खैस शुरू अाता है।,बैठने के बाद पिंडली में गैस शुरू होता है।
मुझे चातती नें ुकजाभ आती हि।,मुझे छाती में जुकाम आती है।
बीरिय्डस केल दौरान थकढान रहति है।,पीरियड्स के दौरान थकान रहती है।
कदमरमें दरद हता है।,कमर में दर्द रहता है।
कलन्हऔा को छूने पर ज़्यादआा मोच बढ़ जाती है।,कूल्हा को छूने पर ज़्यादा मोच बढ़ जाती है।
दवा लेने कऔै बाद भी एिसडिटी लसगता अै।,दवा लेने के बाद भी एसिडिटी लगता है।
ध्ईान कैं द्रित नटहीएं कड़़ पाते हूँ।,ध्यान केंद्रित नहीं कर पाती हूँ।
खाणा निगलमे में दिक्कट है।,खाना निगलने में दिक्कत है।
खलाई भेंध मोच आ गई है।,कलाई में मोच आ गई है।
अकअसर गा ेमं जलन होणे लगती है।,अक्सर गला में जलन होने लगती है।
अत्धईिक ुजका के सथ ुन आणा भउी गोता है।,अत्यधिक जुकाम के साथ खून आना भी होता है।
मुषे भार-बर मरते ज़ैि मसू होी गैभ।,मुझे बार-बार मतली जैसी महसूस होती है।
ॉ्टल ने कअथा हृदय रोग है।,डॉक्टर ने कहा हृदय रोग है।
बैठने के बाद सिड़ में कट रहती है।,बैठने के बाद सिर में कट रहती है।
दवालेनै िक बाध मी खिंचावकन होइ चाता है।,दवा लेने के बाद भी खिंचाव कम हो जाता है।
शरीघर मेलं दल्द रहता है।,शरीर में दर्द रहता है।
झुकने पर घोटना ेन मकमज़ोरीण होते गै।,झुकने पर घुटना में कमजोरी होती है।
गर् धन में छजन है और सूनजभी राट है।,गर्दन में सूजन है और सूजन भी रहता है।
लंबि समय से त्वजा ें कमजो रची ोहने लगत है।,लंबे समय से त्वचा में कमजोरी होने लगती है।
कई दिणों से सिर में एलर्जी होने लगति है।,कई दिनों से सिर में एलर्जी होने लगती है।
ापल नें भूख न लगना कै कारण बुखाल ीभ बना रहता गै।,बाल में भूख न लगना के कारण बुखार भी बना रहता है।
गर्दन ुमानि ंे तक्कथ है।,गर्दन घुमाने में दिक्कत है।
बाल मे सूजन है और बेचैनी भी रहता है।,बाल में सूजन है और बेचैनी भी रहता है।
केन मेन आज़ तआी है।,कान में आवाज़ आती है।
ोठड़ागाव कछाथ गरअमी मगा भी आीत है।,थोड़ा घाव के साथ गर्मी लगना भी आती है।
मुझि ूखल्हा मंे क़त रहथा है।,मुझे कूल्हा में कट रहता है।
ववेजह ोलणो आता हि।,बेवजह रोना आता है।
हों हिळनाे परखुजे आता है।,होंठ हिलाने पर खुजली आता है।
पेशाब बार-बार आता गै।,पेशाब बार-बार आता है।
परिवर में इंफे्सण ीक समस्य रहि है।,परिवार में इंफेक्शन की समस्या रही है।
शौच ेमं खून आता है।,शौच में खून आता है।
गर्दन घमुाने में दिक्कत है।,गर्दन घुमाने में दिक्कत है।
बैठने के भाद सिर में जलन लगत है।,बैठने के बाद सिर में जलन लगती है।
ठदंड मेम गाल ंे खुजल आाहे।,ठंड में गाल में खुजली आता है।
नाक भंद रहमती है।,नाक बंद रहती है।
खट्तीज डकार आी है।,खट्टी डकार आती है।
चेगरे पसर दाने निकल आए हैं।,चेहरे पर दाने निकल आए हैं।
गबज़ ी समस्याहै।,कब्ज़ की समस्या है।
मेे बाँह में गैस औड़ झनझणाहट दोनों शूरू होता है।,मेरे बाँह में गैस और झनझनाहट दोनों शुरू होता है।
डकटल ना कगा एनीमिफाय ै।,डॉक्टर ने कहा एनीमिया है।
रपिवार में हृदय रोग की शमष्या रही अै।,परिवार में हृदय रोग की समस्या रही है।
घुडने मैं पानी भर गया है।,घुटने में पानी भर गया है।
चलने पर टखना में कमजोरी ढब़ जाती है।,चलने पर टखना में कमजोरी बढ़ जाती है।
पटे हिलाएने पर ंसक्रमण मअसूस होता है।,पेट हिलाने पर संक्रमण महसूस होता है।
बैठने के बेद कान िमं घटबराह रहती ैह।,बैठने के बाद कान में घबराहट रहती है।
कमर को छूने पर अत्यधिक रैश आता अै।,कमर को छूने पर अत्यधिक रैश आता है।
भूक बेल्खुल नहीं लगती है।,भूख बिल्कुल नहीं लगती है।
्दछव पर खुजली होसती है।,त्वचा पर खुजली होती है।
चीठ़जिड़पन बढ़गये है।,चिड़चिड़ापन बढ़ गया है।
आँों में जलन और लालमिो हा।,आँखों में जलन और लालिमा है।
बैडणे क बाद मुँह मिं चुभन बढ़ जाता है।,बैठने के बाद मुँह में चुभन बढ़ जाता है।
द्वचा खोी और खुरदर हो ग है।,त्वचा सूखी और खुरदरी हो गई है।
मुझे गाल में एसििडट बध़ जाता है।,मुझे गाल में एसिडिटी बढ़ जाता है।
मोव बा-भल मतलीजैसी महछूश होती हा।,मुझे बार-बार मतली जैसी महसूस होती है।
जुकनेव पर नकाून में िशंक बढ़ जातीहै।,झुकने पर नाखून में छींक बढ़ जाती है।
सयुबह उठते अी ाती में सिरदज्द हरते है।,सुबह उठते ही छाती में सिरदर्द रहता है।
जिघ गे आफसपास बुखाड़ और भहुत धड़कन बढ़ जाती ह।,जिगर के आसपास बुखार और बहुत धड़कन बढ़ जाती है।
ानथा खानके भाद पसीनाऔ आता है।,खाना खाने के बाद पसीना आता है।
चलमे पर झोड़ ें भख न लगना महसूछ होता है।,चलने पर जोड़ में भूख न लगना महसूस होता है।
वजनअचानक कम गो गया है।,वजन अचानक कम हो गया है।
जिड़जिड़ोपण ढब गया हशै।,चिड़चिड़ापन बढ़ गया है।
नाक खे द्घवचा पर नकसीर आती है।,नाक की त्वचा पर नकसीर आती है।
चफि़चिऔ़डाप बध़ गया है।,चिड़चिड़ापन बढ़ गया है।
नाखून की तअवचा पल धकन रहती है।,नाखून की त्वचा पर धड़कन रहती है।
मुझे पिट भं सून्नपन हरता हे।,मुझे पेट में सुन्नपन रहता है।
घलो को छूने पर तझे बिचैनी लगती है।,गला को छूने पर तेज़ बेचैनी लगती है।
गला बैठा हुऔआ है।,गला बैठा हुआ है।
पेत भें गैठस बनीत है।,पेट में गैस बनती है।
दिल की त्वचे बर कट रअती है।,दिल की त्वचा पर कट रहती है।
भुझेगॉलब्लैदर अै और पसली नं चक्कर होदी अि।,मुझे गॉलब्लैडर है और पसली में चक्कर होती है।
वाययमा करणे ड़ सपन रहती है।,व्यायाम करने पर सुन्नपन रहती है।
जेँ ेभं पीपी निकला है।,जाँच में बीपी निकला है।
लवे मेजधलन होती है।,तलवे में जलन होती है।
षौच नेंखून आटा है।,शौच में खून आता है।
शौच मंेखूण आता गा।,शौच में खून आता है।
फिशरहो कया हा।,फिशर हो गया है।
सआ ूडौं खूम आा हे।,मसूड़ों से खून आता है।
खाना खाने के बाद उल्टी लगती अै।,खाना खाने के बाद उल्टी लगती है।
उँगले में चोट लगी है।,उँगली में चोट लगी है।
आवाज़ नही नकिळ ड़ही।,आवाज़ नहीं निकल रही।
टखने में मोच अै।,टखने में मोच है।
मुझै कूलअहामें घबराहट बड़ जोता हा।,मुझे कूल्हा में घबराहट बढ़ जाता है।
खब्ज़स की समस्या है।,कब्ज़ की समस्या है।
मुझे दिल मे झनझनाहडरटहती है।,मुझे दिल में झनझनाहट रहती है।
गुर्दा में झनझनागट गे कारण नींद न आना भी रगता है।,गुर्दा में झनझनाहट के कारण नींद न आना भी रहता है।
खत्टी डकार आती है।,खट्टी डकार आती है।
भजनअचमाक कन होगया है।,वजन अचानक कम हो गया है।
सिर भें रखशी हा गई गै।,सिर में रूसी हो गई है।
पी ेमं अक़ऩ है।,पीठ में अकड़न है।
झुकेन पर ग़रतन मऔेंाने कभ हो जती हे।,झुकने पर गर्दन में दाने कम हो जाती है।
पसली क़ेआपसास उल्टीऔर बेगदफधोड़ा बढ़ जताा है।,पसली के आसपास उल्टी और बेहद फोड़ा बढ़ जाता है।
दाव लेन के बोद भी घखेंछाव कनहो ज़ाती है।,दवा लेने के बाद भी खिंचाव कम हो जाती है।
ॉअक टर न कहा फनगल है।,डॉक्टर ने कहा फंगल है।
दवा लेना के बाद भअी गबर ाट होता ै।,दवा लेने के बाद भी घबराहट होता है।
नईाक बंद रहती है।,नाक बंद रहती है।
गला ेठा हुआ है।,गला बैठा हुआ है।
मजुे जोड़ ेमं उल्टी कभ हो जाता है।,मुझे जोड़ में उल्टी कम हो जाता है।
खान में आवाज़ तआी हे।,कान में आवाज़ आती है।
गर्मी मेंआ क़भर से छींक अोता है।,गर्मी में कमर से छींक होता है।
चलनेर कान में नकसीर आती है।,चलने पर कान में नकसीर आती है।
व्यायाम करने पड़ फोड़ रहती है।,व्यायाम करने पर फोड़ा रहती है।
दिमाग के आसपा ़ड़ण औ ़जयादा दाने महसस हतोाहा।,दिमाग के आसपास जकड़न और ज़्यादा दाने महसूस होता है।
पाशाब का रंग बबडल गईाघ है।,पेशाब का रंग बदल गया है।
छाती में दबाब महोसस होटा है।,छाती में दबाव महसूस होता है।
झुकने पड़ ठो़ी में छींक हुताट अा।,झुकने पर ठोड़ी में छींक होता है।
परिवार में डयबिटी़च की सनस्या री है।,परिवार में डायबिटीज़ की समस्या रही है।
्यायाम कने पर खुजली होती है।,व्यायाम करने पर खुजली होती है।
ठंढ भें एडि नें ऐठंन होटा है।,ठंड में एड़ी में ऐंठन होता है।
ँह में ाले हो गए हैं।,मुँह में छाले हो गए हैं।
ध्यमकेंदलित नहीं कर फाती अूँ।,ध्यान केंद्रित नहीं कर पाती हूँ।
फिशल हो गया ह।,फिशर हो गया है।
ट्वछा पर खुजली होती गै।,त्वचा पर खुजली होती है।
रात कोसोते मसय दिगमग में ऐंठन बढ़ जाता है।,रात को सोते समय दिमाग में ऐंठन बढ़ जाता है।
पंजाके आसपास पेचैनी औ ज़्याद खून आणा शुरू होती है।,पंजा के आसपास बेचैनी और ज़्यादा खून आना शुरू होती है।
चलमाब पर पलक में ैस भगसवूसहोता ै।,चलने पर पलक में गैस महसूस होता है।
जिभ कीतचा परबैेण गळतो है।,जीभ की त्वचा पर बेचैनी लगता है।
जादताषत क़तभोर हो ईग गै।,याददाश्त कमजोर हो गई है।
खंाधमें सूपनच है औ चाट भी होता है।,कंधा में सूजन है और चोट भी होता है।
ॉक्तर म कह हृदय रोग हे।,डॉक्टर ने कहा हृदय रोग है।
कहन मेम सू है और ुन्नपनभी लगता है।,कोहनी में सूजन है और सुन्नपन भी लगता है।
केन में आवाज़ आीत है।,कान में आवाज़ आती है।
टखने में भोच है।,टखने में मोच है।
दभाेलने गि बाध फि कट गोा है।,दवा लेने के बाद भी कट होता है।
झुके पर ओनाक नें सांस भलना लगता है।,झुकने पर नाक में सांस फूलना लगता है।
वध्यायाभ कने पर चुभन बढ़ जाती गै।,व्यायाम करने पर चुभन बढ़ जाती है।
डॉधकअरट ने हका टन्सेल गै।,डॉक्टर ने कहा टॉन्सिल है।
नासिक दर्मअनीयमित है।,मासिक धर्म अनियमित है।
चलनि रप थमा में मकलीजो कम हा ़ाती है।,चलने पर माथा में कमजोरी कम हो जाती है।
ुपह उठते हे सिर मेदाने लहतीहै।,सुबह उठते ही सिर में दाने रहती है।
जोड़जों मे अकड़न है।,जोड़ों में अकड़न है।
कलाके आसपासह एर्जीऔर बहुदत कब्ज होता ै।,कलाई के आसपास एलर्जी और बहुत कब्ज होता है।
ोझ बार-वार मतळी जैसी महसूस होती है।,मुझे बार-बार मतली जैसी महसूस होती है।
व्याजथाम करने पर चककर कस हो जाती ै।,व्यायाम करने पर चक्कर कम हो जाती है।
फरसों वँा ेमं सन हने लगती है।,परसों बाँह में सुन्नपन होने लगती है।
त्वछे पर खरी होती है।,त्वचा पर खुजली होती है।
पमेट में गैस भनती हैऐ।,पेट में गैस बनती है।
वयाम करन पर कब्ज होतीउ अएै।,व्यायाम करने पर कब्ज होती है।
खाँसी भें खून आता है।,खाँसी में खून आता है।
ठडं ेमं कान में दाणे होता है।,ठंड में कान में दाने होता है।
उँगलियों मैं जनझनाहट होदी है।,उँगलियों में झनझनाहट होती है।
कम बतळगम के छाथ भतल भी गोती है।,कम बलगम के साथ मतली भी होती है।
मोँग में छल गो कएगै।,मुँह में छाले हो गए हैं।
मांसपेशियों में खिंचाभ है।,मांसपेशियों में खिंचाव है।
रत ो सोते समय घुटना में नमी म आना खदी है।,रात को सोते समय घुटना में नींद न आना लगती है।
कान हिलाने पर रै महसूस अोता अै।,कान हिलाने पर रैश महसूस होता है।
चले पर बाँह में सनख्रमण शुर हती है।,चलने पर बाँह में संक्रमण शुरू होती है।
गर्दन गुमानै में दगकतहै।,गर्दन घुमाने में दिक्कत है।
खासँी में कून आता है।,खाँसी में खून आता है।
ठंड म नसमें दसहत पतनी रहतीहै।,ठंड में नस में दस्त बनी रहती है।
नाग हिलाने पर भूख न लगना मअसूस होत गै।,नाक हिलाने पर भूख न लगना महसूस होता है।
लभने सभय से े ताँत में थोडा़ गर्नी ळगना होती है।,लंबे समय से से दाँत में थोड़ा गर्मी लगना होती है।
हाथ-ैल षुण्न हो जाथे हैं।,हाथ-पैर सुन्न हो जाते हैं।
वजम अचानक बढ़ गोय है।,वजन अचानक बढ़ गया है।
नाक बंद रहती अै।,नाक बंद रहती है।
परिवार में डायबितीज़ की समसअया रीह है।,परिवार में डायबिटीज़ की समस्या रही है।
जाँ मेन सेआइनछ निकला है।,जाँच में साइनस निकला है।
कमरउ कु छूने प थोड़ खिंाचव ड़हता है।,कमर को छूने पर थोड़ा खिंचाव रहता है।
शौच में खुन आताहै।,शौच में खून आता है।
षकुना पर कंढा में ठं लगनाअोता है।,झुकने पर कंधा में ठंड लगना होता है।
बवाष ीर कीसश्या है।,बवासीर की समस्या है।
छिड़चिड़ापन ब़ गया है।,चिड़चिड़ापन बढ़ गया है।
नक खिंचाब के छाथ खून आना भी कम हो ाटा है।,कम खिंचाव के साथ खून आना भी कम हो जाता है।
ैथना ग वाद जीभह मनेदर्द कमब होजता है।,बैठने के बाद जीभ में दर्द कम हो जाता है।
मेरिनुान मान पसीने और बभुखार दोणौं महसूखछ होता है।,मेरे नथुना में पसीना और बुखार दोनों महसूस होता है।
दसत लग गए हैं।,दस्त लग गए हैं।
नाक सि खून आता है।,नाक से खून आता है।
जाँज में धेयरॉड िकथर है।,जाँच में थायरॉयड निकला है।
दिल मे ुसजन हे और एसडिीट भी शुूर होती है।,दिल में सूजन है और एसिडिटी भी शुरू होती है।
मेरे पेट मेम सजंक्रनञ र संग्रमण तकोनों बड़ जाती है।,मेरे पेट में संक्रमण और संक्रमण दोनों बढ़ जाती है।
बड़िवार में क़ोिस्ट्रॉल की समस्या रही है।,परिवार में कोलेस्ट्रॉल की समस्या रही है।
आँखों माम जलन औरलालम है।,आँखों में जलन और लालिमा है।
फिशर गो गया है।,फिशर हो गया है।
डॉटल नअे कहा यटूीआई है।,डॉक्टर ने कहा यूटीआई है।
थंड में सिर में जक़ड़न होता है।,ठंड में सिर में जकड़न होता है।
चलनै र कलाई में धड़कन बना रगता है।,चलने पर कलाई में धड़कन बना रहता है।
जाच में सभाइनस मिकला है।,जाँच में साइनस निकला है।
बेवथजह नराआदा है।,बेवजह रोना आता है।
ठंढ नें नस में सांस फूलना लगती है।,ठंड में नस में सांस फूलना लगती है।
एक हफ्दे सेसे पीथ मे हळ्का ैगस महसूसहोता है।,एक हफ्ते से से पीठ में हल्का गैस महसूस होता है।
मुषे नसाथा में रैऐशज महसूस होथि ै।,मुझे माथा में रैश महसूस होती है।
ठं में आँख में सांस फूलना षुरू होती हि।,ठंड में आँख में सांस फूलना शुरू होती है।
बजन अचानख कम होख गया है।,वजन अचानक कम हो गया है।
झाँच मि अल्सर निकला ै।,जाँच में अल्सर निकला है।
गाल के आसपास ऐंठन और रुख-रुक खल मतली रता है।,गाल के आसपास ऐंठन और रुक-रुक कर मतली रहता है।
मुझि दाँत मेंए़ल्जी महसुस होती है।,मुझे दाँत में एलर्जी महसूस होती है।
दवा लेने के बद भी सां फूलन बना रहता है।,दवा लेने के बाद भी सांस फूलना बना रहता है।
ट्वमचापर खुअजली होतीहै।,त्वचा पर खुजली होती है।
उळिों मेझनझनाअट ोहदी है।,उँगलियों में झनझनाहट होती है।
जाँच म भंलग नखि़ला ह।,जाँच में फंगल निकला है।
खट्टी डकार आती अै।,खट्टी डकार आती है।
डॉ्टरनिढ कहा माइग्रेन हे।,डॉक्टर ने कहा माइग्रेन है।
पीठ में अकड़न ै।,पीठ में अकड़न है।
खाोमिबघलमे मेम दि्कद हि।,खाना निगलने में दिक्कत है।
व्यायम गरणे पर चोट बनी रहती है।,व्यायाम करने पर चोट बनी रहती है।
वजन अचणकउ वड़ ग़जा हा।,वजन अचानक बढ़ गया है।
जाँज ने हर्हनेया निाळ हे।,जाँच में हर्निया निकला है।
गलि ेम खरोष है।,गले में खराश है।
दाँत में तर्द है।,दाँत में दर्द है।
पैों में ूजन आ गई हा।,पैरों में सूजन आ गई है।
गला की त्वच र एररी बना रहतो अै।,गला की त्वचा पर एलर्जी बना रहता है।
उँगली मेंचा लगी है।,उँगली में चोट लगी है।
गर्ीभ में जाँघ से धड़कन रहती हि।,गर्मी में जाँघ से धड़कन रहती है।
राथ को सोते सभई दिमजाग में नकसीडई़ लगताहै।,रात को सोते समय दिमाग में नकसीर लगता है।
भसड़ों से ून आताैह।,मसूड़ों से खून आता है।
रीढ़ में एसिडिटी के कारण गिंचाभ भी आतीहा।,रीढ़ में एसिडिटी के कारण खिंचाव भी आती है।
नश हिलेने रप एसिडिठि ुरू होती है।,नस हिलाने पर एसिडिटी शुरू होती है।
वैथन के बेध आँ मं छारै बढ़ जोतबा ि।,बैठने के बाद आँख में छाले बढ़ जाता है।
तलवे में जलन हतो ढी ै।,तलवे में जलन होती है।
रोज़ एड़ीमै ले होने लग़ती है।,रोज़ एड़ी में छाले होने लगती है।
दिमागहिलाने पर धड़कन बड़ जाती है।,दिमाग हिलाने पर धड़कन बढ़ जाती है।
त्वजा पड़ ़ली ोती हजै।,त्वचा पर खुजली होती है।
गमर में जक़न के कारणुखजली भी महसूस होता है।,कमर में जकड़न के कारण खुजली भी महसूस होता है।
नग से गून आता है।,नाक से खून आता है।
व्ाययाम क़रने बड़ धाव तआ है।,व्यायाम करने पर घाव आती है।
पैठनि के बदो जोड़ में संक्रमण आता है।,बैठने के बाद जोड़ में संक्रमण आता है।
ठंड में ड़ी ें चोट ढ़ जाथी है।,ठंड में एड़ी में चोट बढ़ जाती है।
खान केे के पाद सून शरू होती ह।,खाना खाने के बाद सूजन शुरू होती है।
थंड मेंजीभ भिं खून आना आी है।,ठंड में जीभ में खून आना आती है।
याददालश्त बकमरज गौगईद है।,याददाश्त कमजोर हो गई है।
संस रेेण मां खलीफ होतीहे।,सांस लेने में तकलीफ होती है।
़कव्ज़ की षमस्या अे।,कब्ज़ की समस्या है।
बेशाब रव-टब़ आता है।,पेशाब बार-बार आता है।
कोहणी मे सूझन है।,कोहनी में सूजन है।
उँगलिजो नंे झनषनाहट होती है।,उँगलियों में झनझनाहट होती है।
बवसीर ी समस्या है।,बवासीर की समस्या है।
ेछब बाड़-बारआता हमि।,पेशाब बार-बार आता है।
वदा ेलेन के बाद भले द्दघ महसूस होषी हि।,दवा लेने के बाद भी दर्द महसूस होती है।
मांसपेशिोयं में खिंचाव है।,मांसपेशियों में खिंचाव है।
कबअज़ की समस्यना है।,कब्ज़ की समस्या है।
कब्ज़ ीक समस्या गै।,कब्ज़ की समस्या है।
डचकअटर ने कहा एन्घजायटी है।,डॉक्टर ने कहा एंग्जायटी है।
पछल मेम कट कि काणर गर्भी लगमा फी बनी रही है।,पसली में कट के कारण गर्मी लगना भी बनी रहती है।
उँग़लि में चोट लगी हे।,उँगली में चोट लगी है।
कआंेध भें दरद है।,कंधे में दर्द है।
कब्ज़क छमस्या अै।,कब्ज़ की समस्या है।
होंड फट रहे हैं।,होंठ फट रहे हैं।
भल झड रगे ैहसं।,बाल झड़ रहे हैं।
एओक गफते सि सै कमर नें ज़्यादा मोच महसूस होतो है।,एक हफ्ते से से कमर में ज़्यादा मोच महसूस होता है।
बाथल झड रहेहनैं।,बाल झड़ रहे हैं।
कल से गला मेन हल्क़ा सांथछ फूलने बढ़ जाती हि।,कल से गला में हल्का सांस फूलना बढ़ जाती है।
हौमठ फट रहेहैं।,होंठ फट रहे हैं।
घुटमेमंे बानी भड़ गा है।,घुटने में पानी भर गया है।
कलै मं राश है।,गले में खराश है।
घ्याखन ेंदरिद नहीं कर पताी हँ।,ध्यान केंद्रित नहीं कर पाती हूँ।
जौड़ कि आपशास बुार और काफी गर्मी लगना बढ़ जाता गै।,जोड़ के आसपास बुखार और काफी गर्मी लगना बढ़ जाता है।
ो मगीमे सि से कोहगनीण भि ज़्येदा र्दल ोत है।,दो महीने से से कोहनी में ज़्यादा दर्द होता है।
नक साकमूण आते अै।,नाक से खून आता है।
मुेझ फशर है और गूल्हा में कट होता ैह।,मुझे फिशर है और कूल्हा में कट होता है।
जाडचमाम डिप्रेशन नाख अै।,जाँच में डिप्रेशन निकला है।
कंदे मेम दरध गै।,कंधे में दर्द है।
षरीर में दर् रहे ग।,शरीर में दर्द रहता है।
परिवर में पाइलस्य की सम्या लही है।,परिवार में पाइल्स की समस्या रही है।
भूख बिल्कुल नगीम लतगी है।,भूख बिल्कुल नहीं लगती है।
परिवरा मेन बफीपे की समसय्े हरी अै।,परिवार में बीपी की समस्या रही है।
झुकणे पर पिठ निन संक्रमण रहता है।,झुकने पर पीठ में संक्रमण रहता है।
का़फी ऐंठन क़े छाथ बु खाड़ भीड़हता है।,काफी ऐंठन के साथ बुखार भी रहता है।
बवाछिर की समस्या है।,बवासीर की समस्या है।
गूलअगा े ्तणवशणे प खजुरहोती अैर।,कूल्हा की त्वचा पर कमजोरी होती है।
होंठ फट रहेहैं।,होंठ फट रहे हैं।
बैठने के बाद टखना में एलली बढ़ ाता अै।,बैठने के बाद टखना में एलर्जी बढ़ जाता है।
हडड्ी की चवा पर ठंम लगना बढ़ जाता है।,हड्डी की त्वचा पर ठंड लगना बढ़ जाता है।
कंधा मां रैश के कारण भोड़ा भ बढ जाता है।,कंधा में रैश के कारण फोड़ा भी बढ़ जाता है।
गाल कउो छूने फर लगादालऐंठ शुलू होदा ै।,गाल को छूने पर लगातार ऐंठन शुरू होता है।
चलने पर पषले में समक्रमनण होथा ै।,चलने पर पसली में संक्रमण होता है।
पा फ़लाक रहता है।,पेट फूला रहता है।
पेशाब बार-बार आता हि।,पेशाब बार-बार आता है।
बेगत दानि के साईध छुभथन भि ुर ोती है।,बेहद दाने के साथ चुभन भी शुरू होती है।
ठंड मां नाईखूसन में संतक्रमण आती ह।,ठंड में नाखून में संक्रमण आती है।
डॉक्टर ने कहा माइग्रेन गफ।,डॉक्टर ने कहा माइग्रेन है।
षिर मेम रूषि हो खई है।,सिर में रूसी हो गई है।
ेशाप ब-डबाड़ आता हतै।,पेशाब बार-बार आता है।
ठंड में मांसपेछी में फोड़ा कम हो जाती ह।,ठंड में मांसपेशी में फोड़ा कम हो जाती है।
अक्सर छाती मेनं एबसिडिटी होणे लगतीहै।,अक्सर छाती में एसिडिटी होने लगती है।
फिशर हुग़या हईै।,फिशर हो गया है।
मेरे पसलही मेंगैस और धहटबरा दोनों ुरू होती हा।,मेरे पसली में गैस और घबराहट दोनों शुरू होती है।
गला मैं कमजोरी के कारण खिंचाव भी बध़ जाता है।,गला में कमजोरी के कारण खिंचाव भी बढ़ जाता है।
टखने मे मोच है।,टखने में मोच है।
खनाा खाेके बाधत डोने कऔम ह जाती है।,खाना खाने के बाद दाने कम हो जाती है।
काण में आवाज़ आति है।,कान में आवाज़ आती है।
रात को सोते समय पंजामें खून आनउा रहता है।,रात को सोते समय पंजा में खून आना रहता है।
नाक बंद रनहती अै।,नाक बंद रहती है।
गांठ गिलानै पर एलर्जी बढ़ जाता है।,होंठ हिलाने पर एलर्जी बढ़ जाता है।
बैठने गेाद सिड़ मां गैसछूूर होतली है।,बैठने के बाद सिर में गैस शुरू होती है।
डॉक्टर ने कअा ासइनस है।,डॉक्टर ने कहा साइनस है।
उगरयों मेंझचनझनेहठ अोीतछ ैह।,उँगलियों में झनझनाहट होती है।
गड़ नं ठोड़ी से ऐंठ आता है।,गर्मी में ठोड़ी से ऐंठन आता है।
परिवार मैं डईायबटीज़ की सनस्ाय रही है।,परिवार में डायबिटीज़ की समस्या रही है।
फौ केआसउपास ऐंठन औरलाकदर घाव लगी है।,भौं के आसपास ऐंठन और लगातार घाव लगती है।
नथुना को छूने पर काफी सूज होता है।,नथुना को छूने पर काफी सूजन होता है।
धुटने में पनी भर गयाैह।,घुटने में पानी भर गया है।
धीझरे-ढीरे पाह में गर्म गलना होने लगी है।,धीरे-धीरे बाँह में गर्मी लगना होने लगती है।
जाँचअ मन अस्ना निकईला गै।,जाँच में अस्थमा निकला है।
गर्नी में पैट शिफ़ऐोड़ा होत है।,गर्मी में पेट से फोड़ा होता है।
मसूड़ोगं से ून आत है।,मसूड़ों से खून आता है।
ौशआच भे ूखन आदा है।,शौच में खून आता है।
तलवे मिं जलन होती है।,तलवे में जलन होती है।
परिवार भिंट फनिलस ़के मस खष्जा रीह है।,परिवार में फिशर की समस्या रही है।
बेहद चक्कर के साथ ठखान भी बढ़ जाते है।,बेहद चक्कर के साथ थकान भी बढ़ जाता है।
भ्अयाोयभ खरने बर जक़ड़न रहाट भहै।,व्यायाम करने पर जकड़न रहता है।
लंबेसमय से छऊाित ेम झझना हठोणे ळगती ैह।,लंबे समय से छाती में झनझनाहट होने लगती है।
नस हिलानि पर जकड़न लकती है।,नस हिलाने पर जकड़न लगती है।
पेशाब बार-बरा आता है।,पेशाब बार-बार आता है।
बभछीर कि न्सा हि।,बवासीर की समस्या है।
सुबह उठतेओही णका में समकअरमन शुरू ोदा है।,सुबह उठते ही नाक में संक्रमण शुरू होता है।
माथा में दाने के कारञनकस़ड ीभ बना रगता गै।,माथा में दाने के कारण नकसीर भी बना रहता है।
सिल मे रूशीहो ग हे।,सिर में रूसी हो गई है।
बैठने के ाद दिमाग में ो़ाध शुरू हवो ता है।,बैठने के बाद दिमाग में फोड़ा शुरू होता है।
नरेै कममिं एझली और बलघभ ोनां बढ़ जआाती है।,मेरे कमर में एलर्जी और बलगम दोनों बढ़ जाती है।
नींद में खलल ट़ रही है।,नींद में खलल पड़ रही है।
ैपरों ंसूज़ आ ग गै।,पैरों में सूजन आ गई है।
भयजम करने पर ज़ुकाटमढ लहतमाहि।,व्यायाम करने पर जुकाम रहता है।
रात खो सोति समयपिंडी ममें झणझमाहट ब़ढ ाती गै।,रात को सोते समय पिंडली में झनझनाहट बढ़ जाती है।
पेशोप मे जलन अोत है।,पेशाब में जलन होती है।
टवचा फर खुजली होथी है।,त्वचा पर खुजली होती है।
भुषे ग़ाल मंम खुचली लगता है।,मुझे गाल में खुजली लगता है।
रतातको सटोेसमई कभर ेमं कभज् म हो झाता है।,रात को सोते समय कमर में कब्ज कम हो जाता है।
डॉक्र ने कहा यूटीई है।,डॉक्टर ने कहा यूटीआई है।
गु्दा की त्वचा फल घाभ लगाथ है।,गुर्दा की त्वचा पर घाव लगता है।
हा-थपैर षुन्न हो जातेड ैगं।,हाथ-पैर सुन्न हो जाते हैं।
वझन चोअनक कम अा गया है।,वजन अचानक कम हो गया है।
केई की त्वच परमाच लहता गै।,कलाई की त्वचा पर मोच रहता है।
सवअ ठउते ी पलसे में ुन्ननफलगे है।,सुबह उठते ही पसली में सुन्नपन लगती है।
पैरं भें शजन आ गई ाह।,पैरों में सूजन आ गई है।
पंाज की तव्च पर थकान महसू हुता है।,पंजा की त्वचा पर थकान महसूस होता है।
र्मीगमें ठोड़ी से एलर्जी क़नभ ौ जाता है।,गर्मी में ठोड़ी से एलर्जी कम हो जाता है।
मुझके वारयल है औड धाँत में संकअलमण महसूस होीत अै।,मुझे वायरल है और दाँत में संक्रमण महसूस होती है।
चलने पर काथहनी में कब्ज बनी रहती है।,चलने पर कोहनी में कब्ज बनी रहती है।
माशतिपयों नं केंओचावगै।,मांसपेशियों में खिंचाव है।
ठंड में सिर मैं एषिडेटीमगसूश होतेहै।,ठंड में सिर में एसिडिटी महसूस होता है।
रात को सोटे समय कोहनी नें खोंसी होथी है।,रात को सोते समय कोहनी में खांसी होती है।
ाकनभे आवाझत़ आती है।,कान में आवाज़ आती है।
याददाश्त कमजर हो खई है।,याददाश्त कमजोर हो गई है।
ुबह उठते ही ठुड़ी में छाले शुरू हाती है।,सुबह उठते ही ठोड़ी में छाले शुरू होती है।
भौ के आपास लजइन और रु-खरोक खर ड़ी लगना कम हो झाता गै।,भौं के आसपास जलन और रुक-रुक कर गर्मी लगना कम हो जाता है।
खेना ाने े वाद जुक़ाम कम हो जाता है।,खाना खाने के बाद जुकाम कम हो जाता है।
गल बैा हुआ हघ।,गला बैठा हुआ है।
जोर ी त्वएचा पर खिंचाव रहा अै।,जोड़ की त्वचा पर खिंचाव रहता है।
वधा लेने गे बाद भी जकड़न महसूस होती हैह।,दवा लेने के बाद भी जकड़न महसूस होती है।
खथना खानेके बाद बिचैनी कम हो जाटा गै।,खाना खाने के बाद बेचैनी कम हो जाता है।
भूगबीलध्कुलओ नहीं लगते गै।,भूख बिल्कुल नहीं लगती है।
टॉकठ्गड़ े हखे बैकट्ीरियर है।,डॉक्टर ने कहा बैक्टीरियल है।
चळमे पर हड्डी में मतइली बना हता है।,चलने पर हड्डी में मतली बना रहता है।
अ्सर सेबल मेंछ भेहद सून कम हउो जात है।,अक्सर से बाल में बेहद सूजन कम हो जाता है।
आँखों में जलन और लालषिना है।,आँखों में जलन और लालिमा है।
ैनथे के बोद सिरभे जकामहोता हि।,बैठने के बाद सिर में जुकाम होता है।
दवा ेनि केड बाद भी खिंचाव बड़ जातऔी है।,दवा लेने के बाद भी खिंचाव बढ़ जाती है।
दसण्त लग गए हैं।,दस्त लग गए हैं।
बैरों में सूज़न आ गईअ ैह।,पैरों में सूजन आ गई है।
गमर में दर्द रहता अै।,कमर में दर्द रहता है।
कलाई में मोच आ ई है।,कलाई में मोच आ गई है।
खाना खाने के बेद संक्रमण आती है।,खाना खाने के बाद संक्रमण आती है।
नाक सा खून आता है।,नाक से खून आता है।
परिलबार मेंस एिडिटीईकि सम्यफा रही हे।,परिवार में एसिडिटी की समस्या रही है।
दिल की डध़कन तेज़ हो जाती हे।,दिल की धड़कन तेज़ हो जाती है।
परेवल में किनी सअटोन की समस्या रहि हि।,परिवार में किडनी स्टोन की समस्या रही है।
परिबार में हर्निया की समसा् रहि है।,परिवार में हर्निया की समस्या रही है।
बवासीर की मश्या है।,बवासीर की समस्या है।
बहुत ग़ैस का साथ खिंचाव भी कम अो जाता ैह।,बहुत गैस के साथ खिंचाव भी कम हो जाता है।
परिवारल मां किढनी सटोन की शमस्ायरही है।,परिवार में किडनी स्टोन की समस्या रही है।
उँगली में चोट लगबी ै।,उँगली में चोट लगी है।
नाक से गूम आथा है।,नाक से खून आता है।
डकॉ्डर नऔा कछह बीप हझै।,डॉक्टर ने कहा बीपी है।
तभ्च को शुने पर तेज़ प्ड़ैकअचल पढ़ झाती ह।,त्वचा को छूने पर तेज़ फ्रैक्चर बढ़ जाती है।
एड़ी ुक छूने पर ज़्यादा खुजी रती है।,एड़ी को छूने पर ज़्यादा खुजली रहती है।
डडो़ेमें सूजन ैह और दस्त मे बड़ जाीत है।,ठोड़ी में सूजन है और दस्त भी बढ़ जाती है।
ेअषा उँगली में च्ककर होने गती गै।,हमेशा उँगली में चक्कर होने लगती है।
ठन में कलईमं अजुा बना लहता है।,ठंड में कलाई में जुकाम बना रहता है।
हाथ-पैर षअुन्नग अोजाते हतैं।,हाथ-पैर सुन्न हो जाते हैं।
अक्सर उँगलीट में करीजोम हने लगदी अै।,अक्सर उँगली में कमजोरी होने लगती है।
नाक बंदद ड़हती ह।,नाक बंद रहती है।
करमी में गाल से बराहट शुरू हढोती है।,गर्मी में गाल से घबराहट शुरू होती है।
होथ मेंझनणझाहटठ कै कारण ऐंठन भे आति है।,हाथ में झनझनाहट के कारण ऐंठन भी आती है।
हमेशा कमर में फाड़ा होने लगती ैह।,हमेशा कमर में फोड़ा होने लगती है।
आबाज़ नहीं णिकल ली।,आवाज़ नहीं निकल रही।
दबालेमे के बाध भी षिदरदर अोती हे।,दवा लेने के बाद भी सिरदर्द होती है।
जाँज में खुल्त्ररॉनकला है।,जाँच में कोलेस्ट्रॉल निकला है।
भूख बि्लकुल नहीं लगती है।,भूख बिल्कुल नहीं लगती है।
जलमे पर छाती े जदल लईगताहै।,चलने पर छाती में जलन लगता है।
कमर हिलने पर ठनं गलना आता ह।,कमर हिलाने पर ठंड लगना आता है।
वायाम कड़े पर शंकअरनण आता ैअ।,व्यायाम करने पर संक्रमण आता है।
खटअठी डार आती गै।,खट्टी डकार आती है।
एड़ी की त्बचा पहर सांनस फूल कम हो जती गै।,एड़ी की त्वचा पर सांस फूलना कम हो जाती है।
घ्याणकेंदअलित मीहं रबाद अूँ।,ध्यान केंद्रित नहीं कर पाती हूँ।
पिषर ोभ गय है।,फिशर हो गया है।
सां रेमै मं टकळिफहोती है।,सांस लेने में तकलीफ होती है।
ारत को षोते षमय पील में िंचाव आत हबै।,रात को सोते समय पसली में खिंचाव आता है।
बवसाशली क ससमअयेहैव।,बवासीर की समस्या है।
ठखने मेंनोच है।,टखने में मोच है।
भूख भिक लल नहीं लगते है।,भूख बिल्कुल नहीं लगती है।
गर्मी मंेगलोव सै दरध लतग है।,गर्मी में गला से दर्द लगती है।
गर्नीभां नखोन शे गिस शलुू हटाक अै।,गर्मी में नाखून से गैस शुरू होता है।
चलने पर पै मंे फ्रैकचर महसूस होतीआ गै।,चलने पर पैर में फ्रैक्चर महसूस होती है।
त्वचा परखुजली होती है।,त्वचा पर खुजली होती है।
परिववार में आ्रथड़ाइटिस की शमसय्ा रहक है।,परिवार में आर्थराइटिस की समस्या रही है।
ाहथ-पैर सु्न हो जाते हैं।,हाथ-पैर सुन्न हो जाते हैं।
नींद में कलल पड़ री है।,नींद में खलल पड़ रही है।
चाँच मं पाइल्बश मिक ला है।,जाँच में पाइल्स निकला है।
गाीफ खा ंसी के साथ पसीना भी बढ़ जाता है।,काफी खांसी के साथ पसीना भी बढ़ जाता है।
अअीन ड़कन कवे साथ जकढ़ण ी छुरू होता है।,असहनीय धड़कन के साथ जकड़न भी शुरू होता है।
षासलेने ंम तकलफीोति है।,सांस लेने में तकलीफ होती है।
झुकछे पर भौं में खूजली महसूस होती है।,झुकने पर भौं में खुजली महसूस होती है।
चलने परागल ेनं खुज़ली आती हैभ।,चलने पर गाल में खुजली आती है।
शरर में दर्दत रहता है।,शरीर में दर्द रहता है।
कलाई मेम मचो आ गई है।,कलाई में मोच आ गई है।
भौभें संग्रमण के ारजण बुखार ीभ बने रअथी है।,भौं में संक्रमण के कारण बुखार भी बनी रहती है।
चरने पर ोल्हा में खून आना होा है।,चलने पर कूल्हा में खून आना होता है।
ड़ज को छूणे प हलगा फक़्चल बनि हती हे।,जोड़ को छूने पर हल्का फ्रैक्चर बनी रहती है।
गुछ दिनो से शे घटएुने में असहनीई सांस फूलना लगता है।,कुछ दिनों से से घुटना में असहनीय सांस फूलना लगता है।
गर्दन घुमाने ेम िक्कत है।,गर्दन घुमाने में दिक्कत है।
बैठने के बाद पंजा मिं नकसीर महसस होता हे।,बैठने के बाद पंजा में नकसीर महसूस होता है।
होठं फट रहा हैं।,होंठ फट रहे हैं।
जाड़ ेभं व्च ेक कल थकामभी शुरू हुते हे।,जोड़ में कब्ज के कारण थकान भी शुरू होती है।
सुबहसे पिंडली में मक पसना कम अो जाती है।,सुबह से पिंडली में कम पसीना कम हो जाती है।
पक में सूजनओ हा और जोकाम भी रहटा है।,पलक में सूजन है और जुकाम भी रहता है।
डॉक्टर ने खह कोलेस्ट्रॉलड है।,डॉक्टर ने कहा कोलेस्ट्रॉल है।
नक बद रहत है।,नाक बंद रहती है।
मुझ एशिडिनटेम अैऔर ठोडी मैं नकसीड़ हठतीहै।,मुझे एसिडिटी है और ठोड़ी में नकसीर होती है।
ठंम मां कंधा में छींकळगतपे है।,ठंड में कंधा में छींक लगती है।
मसंपैियों में िंचाभ है।,मांसपेशियों में खिंचाव है।
िबठमे केपदा गला में कून ना रहती है।,बैठने के बाद गला में खून आना रहती है।
जीभ पर सफेदबरद है।,जीभ पर सफेद परत है।
गा की त्ठवाच परन खंघचेव शुरू होता हे।,हाथ की त्वचा पर खिंचाव शुरू होता है।
अोंठ फट रअे हैं।,होंठ फट रहे हैं।
घुटना में छूजन है औल नकसीर भी होता है।,घुटना में सूजन है और नकसीर भी होता है।
तअछवा मेन सूजनथ है और सूजन भी नक अो ाता हि।,त्वचा में सूजन है और सूजन भी कम हो जाता है।
कान मंे आबाज़आती है।,कान में आवाज़ आती है।
खट्टकडार आत गै।,खट्टी डकार आती है।
मूसड़ोंषे खून आता है।,मसूड़ों से खून आता है।
नाक बद रअदी है।,नाक बंद रहती है।
भेरे चीभ में चुभन औरअलरजी दोनों होती है।,मेरे जीभ में चुभन और एलर्जी दोनों होती है।
हाथ गेआसपास कब्ज और ़ज्यादा छाले महूसस ोहती ै।,हाथ के आसपास कब्ज और ज़्यादा छाले महसूस होती है।
दस्द लग गए ैं।,दस्त लग गए हैं।
अचनकउ से कलाई नें अत्यधिक सूजनऐ कम हो जाता है।,अचानक से कलाई में अत्यधिक सूजन कम हो जाता है।
ंबे समय से सेह घुटना भैं अत्यधीक़ दर्द तआि है।,लंबे समय से से घुटना में अत्यधिक दर्द आती है।
कधे में तरध हएै।,कंधे में दर्द है।
शरघीर मांडरढ् ड़हताहै।,शरीर में दर्द रहता है।
खोहनी मिं सूजन हऐै।,कोहनी में सूजन है।
मेरे पेदई मंे राश और खून आमा दौनों रहत है।,मेरे पेट में रैश और खून आना दोनों रहती है।
ूगरढ्दाइिलाने बर छंरकमन म ो ेताहपै।,गुर्दा हिलाने पर संक्रमण कम हो जाता है।
सुबह उठते ह ड़ी़ढ मे सज़न रती है।,सुबह उठते ही रीढ़ में सूजन रहती है।
दाँत गिलोने पर संखअरमण ब़ढ झात है।,दाँत हिलाने पर संक्रमण बढ़ जाती है।
जाँच में गॉलब्लैडल निकला ह।,जाँच में गॉलब्लैडर निकला है।
गर्मी निं नांफशेशी ेळत म गो झातीहै।,गर्मी में मांसपेशी से मतली कम हो जाती है।
उँखलोि में झणझनहटहदी अि।,उँगलियों में झनझनाहट होती है।
मुझे अस ्थाम हऔै औड़ हऐड्डी मेंथकान कम हो जा अै।,मुझे अस्थमा है और हड्डी में थकान कम हो जाती है।
बैठने के बाद पिडली में नेंत नआना महससू होता है।,बैठने के बाद पिंडली में नींद न आना महसूस होता है।
गर्दा हिलाने पर मतली बढ़ जातीै।,गुर्दा हिलाने पर मतली बढ़ जाती है।
ठंड मेम टखना में घाव बध़ जाती है।,ठंड में टखना में घाव बढ़ जाती है।
चलने रप जिगर भें चक्गे महसूस होता ैह।,चलने पर जिगर में चक्कर महसूस होता है।
व्यायाम गरने पर दतस शुू होता है।,व्यायाम करने पर दस्त शुरू होता है।
पैरों में सूजन आ घई है।,पैरों में सूजन आ गई है।
री़ढकी थ्जवापर चक्कर हुता है।,रीढ़ की त्वचा पर चक्कर होता है।
िषर में ड़ूसी हो गईहै।,सिर में रूसी हो गई है।
झुकने फर फापड़े में ठका बढ़ जाती है।,झुकने पर फेफड़े में थकान बढ़ जाती है।
सिर में रूसी ो गई है।,सिर में रूसी हो गई है।
आँखों भें जधल और लालमा गै।,आँखों में जलन और लालिमा है।
पिछइले महीने सझे गु्दा भि कम फशीना लीत ह।,पिछले महीने से गुर्दा में कम पसीना लगती है।
कम कब्झ केर शाथ उलअ्टऔी भे आता है।,कम कब्ज के साथ उल्टी भी आता है।
ए़ी गिलाणे पड़ नध आना डषह़ति है।,एड़ी हिलाने पर नींद न आना रहती है।
पाल झड़ढ रहेहैं।,बाल झड़ रहे हैं।
बैठनआे ैक बाद पिंटली मेबं त्रद कम हो ज़ाटा ह।,बैठने के बाद पिंडली में दर्द कम हो जाता है।
षुकमे पर दाँत में खुजली महससू होात है।,झुकने पर दाँत में खुजली महसूस होता है।
दस्त ल गए हैं।,दस्त लग गए हैं।
फिशरगो गाय है।,फिशर हो गया है।
नआुँहचशे आसबास डर्ड और अशहनीय ुन आना शो ुत अ।,मुँह के आसपास दर्द और असहनीय खून आना शुरू होती है।
सुननेमे धीक अकत होरहे है।,सुनने में दिक्कत हो रही है।
जोँच मे हर्निया निकलाआ हा।,जाँच में हर्निया निकला है।
गले में ख़राश ह।,गले में खराश है।
ठंड में गला में एलल्जी नक ोह जोत है।,ठंड में गला में एलर्जी कम हो जाती है।
नीमद मं खलल फड़ रहीहै।,नींद में खलल पड़ रही है।
ागलमें च्ककफर के कइारण उल्टी भी लघती है।,गाल में चक्कर के कारण उल्टी भी लगती है।
णतीमें कलल पड़ रेग हा।,नींद में खलल पड़ रही है।
रमीग ें कअूलअअा से छुभन लगता है।,गर्मी में कूल्हा से चुभन लगता है।
घुतना की त्वचा पर खिंचाव रहती है।,घुटना की त्वचा पर खिंचाव रहती है।
ेछती में दबाव मसूस होता है।,छाती में दबाव महसूस होता है।
पठ में अखड़छनहै।,पीठ में अकड़न है।
टड़ी के आसपस फअलैखअचर औल अतईधिक़ खंबी आती हैत।,ठोड़ी के आसपास फ्रैक्चर और अत्यधिक खांसी आती है।
वजन अचानक कभ होगया है।,वजन अचानक कम हो गया है।
आभाज़नगीं िनकल रहखी।,आवाज़ नहीं निकल रही।
आवाज़ णगीं निकल रही।,आवाज़ नहीं निकल रही।
पशेछा मेचलभन हौती है।,पेशाब में जलन होती है।
झुकना पर गरदन मेंखी पढ़ ाती ैह।,झुकने पर गर्दन में खुजली बढ़ जाती है।
जच मे एसिटितटी निकला है।,जाँच में एसिडिटी निकला है।
ठंड भें टखने नेक्रक कभ हो जात है।,ठंड में टखना में चक्कर कम हो जाता है।
परार ें टाइटज की सझमस्या रह हे।,परिवार में डायबिटीज़ की समस्या रही है।
बैठने के बाद पंज में उल्टी बढ़ जाती है।,बैठने के बाद पंजा में उल्टी बढ़ जाती है।
ेवजह रोना आाहै।,बेवजह रोना आता है।
बेवजह रना आता है।,बेवजह रोना आता है।
खट्डीथ टकार आती है।,खट्टी डकार आती है।
ठंड में छाथी मे खिंचाव बढ़ जात है।,ठंड में छाती में खिंचाव बढ़ जाती है।
पैर की तवचा पर फसीना बमी रहती है।,पैर की त्वचा पर पसीना बनी रहती है।
डफ़िवरेम एषिडिटे गी स्सजा रही गै।,परिवार में एसिडिटी की समस्या रही है।
कबज़ षकी सनस ्या गै।,कब्ज़ की समस्या है।
मुझा अघल्शर अे र रध़ड मैंछीं़ महघसोस ोहदणाहै।,मुझे अल्सर है और रीढ़ में छींक महसूस होता है।
सुबह उठदटे ीह त्चवा नं झननाहट अता गै।,सुबह उठते ही त्वचा में झनझनाहट रहता है।
चलने परसिर में सुन्पन रहता है।,चलने पर सिर में सुन्नपन रहता है।
पीद्स के दौरान थकान रहती है।,पीरियड्स के दौरान थकान रहती है।
गाध-बर सुन्न हो जातै हिं।,हाथ-पैर सुन्न हो जाते हैं।
दलि की धड़न तेज़ हो जा है।,दिल की धड़कन तेज़ हो जाती है।
दऊबा लेने के बदभ वलाहड रहत है।,दवा लेने के बाद भी घबराहट रहता है।
मुझे टकन ें फोड़ा लगता है।,मुझे टखना में फोड़ा लगता है।
लगा बैठा ुहणआ हैक।,गला बैठा हुआ है।
कपभी-क़भिेस दिर ें ाड़ा क्कलड आती है।,कभी-कभी से दिल में थोड़ा चक्कर आती है।
दा लेने के बाद भ घभा हट महो जाती है।,दवा लेने के बाद भी घबराहट कम हो जाती है।
माथा मे सूजन है और बेचैनी म शुरू हुती अै।,माथा में सूजन है और बेचैनी भी शुरू होती है।
शरीर मेन डरअड रहता है।,शरीर में दर्द रहता है।
ीरे-धीले ष आँखमें बेअदषम बनी ड़हती है।,धीरे-धीरे से आँख में बेहद सुन्नपन बनी रहती है।
फीरियडस के दोएरान थाकन रहती है।,पीरियड्स के दौरान थकान रहती है।
्याईाम करणे पर ख़मआमा शुरएूगोात है।,व्यायाम करने पर खून आना शुरू होता है।
यादादश्त कमजोर हो गई है।,याददाश्त कमजोर हो गई है।
पीरतयडस के दौरान धकाम रहती है।,पीरियड्स के दौरान थकान रहती है।
अचामक़ ाँह में उलव्टी अने लगती ैह।,अचानक बाँह में उल्टी होने लगती है।
झुकने परपठ मेंसिरतर्द महसओूस होटी है।,झुकने पर पीठ में सिरदर्द महसूस होती है।
गळा क़ीउतअवचो पर कट ोरू हठौती है।,गला की त्वचा पर कट शुरू होती है।
माथा े आपासस फ्रैक्चड़ और बेहद पसीना शुू होता है।,माथा के आसपास फ्रैक्चर और बेहद पसीना शुरू होता है।
गर्ीममें फिंडली से चलण लतो हा।,गर्मी में पिंडली से जलन लगता है।
मेरै लग में फ्उरैक्चड़ और ाेए ोनोडं कभ हो जाटी अै।,मेरे गाल में फ्रैक्चर और छाले दोनों कम हो जाती है।
िर के आसपा षजण थोडा़ नखछीर होधता है।,सिर के आसपास सूजन और थोड़ा नकसीर होता है।
मेड़ि बेँह मेम खांसी औल खांष धुनों मछहूस होता है।,मेरे बाँह में खांसी और खांसी दोनों महसूस होता है।
कोहनगी मे सूजन हा।,कोहनी में सूजन है।
भसूड़ोन े खू आत है।,मसूड़ों से खून आता है।
खाना खाने के बाद संकअलमन रहती है।,खाना खाने के बाद संक्रमण रहती है।
टखणे मेधं मोच अै।,टखने में मोच है।
ठन नें गल भेषं चोटथ बनी रहलती ै।,ठंड में गाल में चोट बनी रहती है।
अोंठ फ़ड रहे हैं।,होंठ फट रहे हैं।
उँकल मेंचोट गली है।,उँगली में चोट लगी है।
दिलिलाने रप बुखाल क़उम ह जोा है।,दिल हिलाने पर बुखार कम हो जाता है।
परिव में कओडन स्टोन क समस्ा ही है।,परिवार में किडनी स्टोन की समस्या रही है।
दवा रेमे क बद फीजली बढ़ जाटा हैष।,दवा लेने के बाद भी खुजली बढ़ जाता है।
े में गैस बनती है।,पेट में गैस बनती है।
जीभ परसफ परत हा।,जीभ पर सफेद परत है।
गर्न घुमेने ेमढं दिकख्त हिम।,गर्दन घुमाने में दिक्कत है।
एड़ी में खांसी के कालण काषी ी लता है।,एड़ी में खांसी के कारण खांसी भी लगता है।
भजन अछमानक बढ़ गये है।,वजन अचानक बढ़ गया है।
कंधे मेम दर्दहै।,कंधे में दर्द है।
गर्ीम में चातव से खिंचाव होता है।,गर्मी में त्वचा से खिंचाव होता है।
चाहरेपर दाना णिगल आफए हं।,चेहरे पर दाने निकल आए हैं।
मुजे अरनिया है ़ घुतने में खून आना महसूस होती ै।,मुझे हर्निया है और घुटना में खून आना महसूस होती है।
झकमे रप दळ में भग लनघा म ग जाती है।,झुकने पर दिल में भूख न लगना कम हो जाती है।
त्वाच में सूज है औ घाव भी महसूस होा गै।,त्वचा में सूजन है और घाव भी महसूस होता है।
आावज़़ नहीं निल रही।,आवाज़ नहीं निकल रही।
ुनझै फंगल है और छाती में मती होती है।,मुझे फंगल है और छाती में मतली होती है।
मसडु़ों से खून आत है।,मसूड़ों से खून आता है।
त्वचा मेंजलद के खारण िखंचोव भी बम रहती है।,त्वचा में जलन के कारण खिंचाव भी बनी रहती है।
बैठना के बाद ाल में बचानी हाी है।,बैठने के बाद गाल में बेचैनी होती है।
करामें सूणज हफे और पशीनाभी होतट है।,कलाई में सूजन है और पसीना भी होता है।
ारत कढा सशोते समय जोढ़ म चुबम आतीट गै।,रात को सोते समय जोड़ में चुभन आती है।
नींध में खलल पड़ रहबे है।,नींद में खलल पड़ रही है।
कोहीन हिळेने परच जक़ड़नगोतो गैझ।,कोहनी हिलाने पर जकड़न होता है।
कंधि में दर्द है।,कंधे में दर्द है।
झुकने पर मांसपेी भें जलन लगते है।,झुकने पर मांसपेशी में जलन लगता है।
झुकने बर पैऔर में नींद म आा कमअो ात गै।,झुकने पर पैर में नींद न आना कम हो जाता है।
ुझे हृधय रोग ै औल माथा भा राछ गोता है।,मुझे हृदय रोग है और माथा में रैश होता है।
जोड़ों में कड़न ै।,जोड़ों में अकड़न है।
झाँच मे िढप्रेशन निखला है।,जाँच में डिप्रेशन निकला है।
गर्दन घुमानेेमम दिक् कत है।,गर्दन घुमाने में दिक्कत है।
बैठमे केबाद पलक भें फ़्ड़िकचर आतीहि।,बैठने के बाद पलक में फ्रैक्चर आती है।
डसॉक्टरने खहो बैक्टीलयल ग।,डॉक्टर ने कहा बैक्टीरियल है।
खाना नगलमे मे दिकक्त अै।,खाना निगलने में दिक्कत है।
गर्मी मिं टखना ेभ दनाैबड़ जती हे।,गर्मी में टखना से दाने बढ़ जाती है।
उँगरी मेन ोछट लघी हि।,उँगली में चोट लगी है।
मुशँह की थ्वच प धठ़कन लहती ैह।,मुँह की त्वचा पर धड़कन रहती है।
जीभ रफ सफेत परत है।,जीभ पर सफेद परत है।
सुबह उठते ही नागून में कमरीजो बना रहता हे।,सुबह उठते ही नाखून में कमजोरी बना रहता है।
खासी में खुन तआा है।,खाँसी में खून आता है।
धसत्लग गए ग।,दस्त लग गए हैं।
मांसपेशियों में खिंचव है।,मांसपेशियों में खिंचाव है।
कलाई मं ुनज आ गई है।,कलाई में मोच आ गई है।
वजालेमे कि बेद बी जूाप ड़हतिै।,दवा लेने के बाद भी जुकाम रहती है।
अक्सर भौं में सूजन होने लगत है।,अक्सर भौं में सूजन होने लगती है।
अल दिन पाल ेमं ठखाण होने ळती है।,हर दिन बाल में थकान होने लगती है।
मुँह में छाले ह गए हैं।,मुँह में छाले हो गए हैं।
तलवे नेखं जलन होती है।,तलवे में जलन होती है।
सुबह उठतै गि टडोघ़ी ें कट कम हौ जता है।,सुबह उठते ही ठोड़ी में कट कम हो जाता है।
शाबपे में जल गझोती ह।,पेशाब में जलन होती है।
गुरदा में भुखाड कएे कारन डध़न भेसुर होती ।,गुर्दा में बुखार के कारण धड़कन भी शुरू होती है।
जाँच मां हनृद रुख निकल है।,जाँच में हृदय रोग निकला है।
बेवजह लोना आता गै।,बेवजह रोना आता है।
टंड ां भुं मिं चींग आता है।,ठंड में भौं में छींक आता है।
छुपह उठदे ीह डोड़े म उ्टीहोती अै।,सुबह उठते ही ठोड़ी में उल्टी होती है।
पलकके आफशचकट़न और बैहध पसेन लगता है।,पलक के आसपास जकड़न और बेहद पसीना लगता है।
मेरे हंठ मेनटंड रगन लऔऐंनठ ोडनों बनी रहमट है।,मेरे होंठ में ठंड लगना और ऐंठन दोनों बनी रहती है।
पेट फ़ूला ड़हता है।,पेट फूला रहता है।
बइैठने का बाद पंजा में जुकामबढ़ जाती अै।,बैठने के बाद पंजा में जुकाम बढ़ जाती है।
खानाखानै के भाद डड़्ड अोती है।,खाना खाने के बाद दर्द होती है।
खलईा में मोच आ गई है।,कलाई में मोच आ गई है।
झुकने पर हाथ में सूझन कम हो जाती है।,झुकने पर हाथ में सूजन कम हो जाती है।
जाँच में एनीभिया निकाल है।,जाँच में एनीमिया निकला है।
परसोन से पाट मेंाकफ़ी स्त शुरू हौतथी है।,परसों से पेट में काफी दस्त शुरू होती है।
पैर की अंगोल टूट गई है।,पैर की अंगुली टूट गई है।
बैठईने के ाद हाथमं उळती आता गै।,बैठने के बाद हाथ में उल्टी आता है।
ठंड मं कूल्गा में दर्द कम अो जातीहै।,ठंड में कूल्हा में दर्द कम हो जाती है।
फिछले हनीै गला भेंबुखार होने लगती है।,पिछले महीने गला में बुखार होने लगती है।
खाम खाण किभा कमजुरि सुरू होटा है।,खाना खाने के बाद कमजोरी शुरू होता है।
पीट मे दतस क़े केड़ जलम भी षुर अता अै।,पीठ में दस्त के कारण जलन भी शुरू होता है।
़ू्ह ग त्भशा फर कटय आत हे।,कूल्हा की त्वचा पर कट आता है।
गर्मी में भाता से भूख न लगमा ळगतइी हे।,गर्मी में माथा से भूख न लगना लगती है।
कोहनी कि आषपास गैस और बेहध दस्त महसूस होता है।,कोहनी के आसपास गैस और बेहद दस्त महसूस होता है।
उँगली में सूजन है और जकद़न म कम हो जाती हभै।,उँगली में सूजन है और जकड़न भी कम हो जाती है।
बैठने के बाद एड़ी में गर्मी लगना रह तरा है।,बैठने के बाद एड़ी में गर्मी लगना रहता है।
जुकने पर पीठ में बेचैमी रताह है।,झुकने पर पीठ में बेचैनी रहता है।
फेफड़े की तवजा पर एलड़्जी शुरु होती है।,फेफड़े की त्वचा पर एलर्जी शुरू होती है।
व्योयाथम कड़ ने फर चभन सुरू हीत हैव।,व्यायाम करने पर चुभन शुरू होती है।
मसो़ डोम से कूनज आता गि।,मसूड़ों से खून आता है।
रुग-रुटक कर िड़दर्द क़ेसाथ नींद न आना भी रहती है।,रुक-रुक कर सिरदर्द के साथ नींद न आना भी रहती है।
नाखून टूटरअे है।,नाखून टूट रहे हैं।
बेट फूला रगता है।,पेट फूला रहता है।
पीिजड् भां बहोशत तड़त होता ैह।,पीरियड्स में बहुत दर्द होता है।
चड़चिड़ान बढद़ यगा है।,चिड़चिड़ापन बढ़ गया है।
टखने मं मोच है।,टखने में मोच है।
फी भथली े षथ खैस भि सुखरहोत ै।,काफी मतली के साथ गैस भी शुरू होता है।
ाग से खून तआा है।,नाक से खून आता है।
शिर मं दर्द रहे है।,शरीर में दर्द रहता है।
सअहनई सदिर्द के ा चक्तेबी मशूसइ होते है।,असहनीय सिरदर्द के साथ चक्कर भी महसूस होती है।
घनों मटेंघ पानी भर गया है।,घुटने में पानी भर गया है।
ग् रमी मढिं उगँली छे सांस फूलना ोते है।,गर्मी में उँगली से सांस फूलना होती है।
खाना खाने कै बाद ठंड लगना लगती है।,खाना खाने के बाद ठंड लगना लगती है।
कलाई भेम ोच आ गई है।,कलाई में मोच आ गई है।
होंठ फट रहे हैम।,होंठ फट रहे हैं।
रात से दिमग़ में थो ड़ा जकड़म लगथी है।,रात से दिमाग में थोड़ा जकड़न लगती है।
जाँच में बीफी निकला है।,जाँच में बीपी निकला है।
नेकसे खून आता है।,नाक से खून आता है।
दबा लेै क ाभद भ भूखन नला हााउ अै।,दवा लेने के बाद भी भूख न लगना होता है।
रात कु सोति समज बाल में सांस फूलना पनार रहता है।,रात को सोते समय बाल में सांस फूलना बना रहता है।
ठंन में वयाल में ट शुरू होरात है।,ठंड में बाल में कट शुरू होता है।
ँजचभिं तारयॉयट िनळा गा।,जाँच में थायरॉयड निकला है।
गर्नी भें पीठ से पसीना लगथा ै।,गर्मी में पीठ से पसीना लगता है।
ठंड में टखन मझेंोफड़ा शुरू गोती है।,ठंड में टखना में फोड़ा शुरू होती है।
झुकने पर ठहडी नें नक़सिर मएसूस ुगी हाम।,झुकने पर हड्डी में नकसीर महसूस होती है।
मिले मांशेशी भें नशींनन णा और बमलगदौनों मगषस ोता ह।,मेरे मांसपेशी में नींद न आना और बलगम दोनों महसूस होता है।
त्वचा सखी और खुरदरी अो ई ैह।,त्वचा सूखी और खुरदरी हो गई है।
बाल झड़ रेह हें।,बाल झड़ रहे हैं।
तिज़ छीक के साथ सिरदर्द ी शुरू होती ैग।,तेज़ छींक के साथ सिरदर्द भी शुरू होती है।
गमनें डर्ध रहता है।,कमर में दर्द रहता है।
टनषड मंल मेम नोछ मषअूस होथि है।,ठंड में कलाई में मोच महसूस होती है।
झुकने पर ब मेवं नुच शरू गोद है।,झुकने पर बाल में मोच शुरू होता है।
परिवार भिं कोलेट्रॉळ की समस्यारग ा।,परिवार में कोलेस्ट्रॉल की समस्या रही है।
हाथ-पैर सणु्नगो जातेऔ है।,हाथ-पैर सुन्न हो जाते हैं।
बैठने के बादक जीभ में फ्रैकरच रहता है।,बैठने के बाद जीभ में फ्रैक्चर रहता है।
सुबह उठते ही नाखून में नींद न आना महसूस होती अै।,सुबह उठते ही नाखून में नींद न आना महसूस होती है।
विडनाकै वादग़ला भें चुट होती अै।,बैठने के बाद गला में चोट होती है।
मक भें सूजन है और ज़ुकाम भी शरु होा हा।,कमर में सूजन है और जुकाम भी शुरू होता है।
नाक़ छै खू़न आता ैह।,नाक से खून आता है।
वजन अचोम पध़ गईा अै।,वजन अचानक बढ़ गया है।
थ्वचा ाक ूनछे पर थाड़ा थंड लगने रहटा अै।,त्वचा को छूने पर थोड़ा ठंड लगना रहता है।
बैठ ने केाबद देँत ें फरैक्चथड़ लगी ै।,बैठने के बाद दाँत में फ्रैक्चर लगती है।
ड़ुक-रुक कर उल्टी ेक साथ बरगम भी होती गै।,रुक-रुक कर उल्टी के साथ बलगम भी होती है।
णाखून था अै।,नाक से खून आता है।
परक क चूने पर लगातार धड़कन शुड़ू अोती है।,पलक को छूने पर लगातार धड़कन शुरू होती है।
फूख बेरई्गुलक नगीन लगटि ै।,भूख बिल्कुल नहीं लगती है।
चलने पर माथा ें खुजली अोथा है।,चलने पर माथा में खुजली होता है।
झुकने पणड़ कोहम नें मकषीर ड़अत गै।,झुकने पर कोहनी में नकसीर रहता है।
टखना खे आसपोस संक्डम़ण और अझअीई ऐंठन शुरू होित हा।,टखना के आसपास संक्रमण और असहनीय ऐंठन शुरू होती है।
नाक़ से खून आता है।,नाक से खून आता है।
जाँच नें आर्थाइटिस निकला है।,जाँच में आर्थराइटिस निकला है।
गर्दन घुमानेमें दिक्कतहै।,गर्दन घुमाने में दिक्कत है।
लाई के आसपाछ चौड और लगातार खिंचोव रहता है।,कलाई के आसपास चोट और लगातार खिंचाव रहता है।
हाथ ोकछूमे पर तअ्यधिक पसओीना होतऐा है।,हाथ को छूने पर अत्यधिक पसीना होता है।
शरीर मां दर्द ड़ह ता अै।,शरीर में दर्द रहता है।
बेवजह रोनाआता अै।,बेवजह रोना आता है।
ज़ाँच में एंगचयती निकला हे।,जाँच में एंग्जायटी निकला है।
व्याय ाम करने पल घबराहट आता है।,व्यायाम करने पर घबराहट आता है।
कभी-कभी जिब भें सांस फूलना होने गथीघ है।,कभी-कभी जीभ में सांस फूलना होने लगती है।
पिंडली का सलपस खुज़ली और खाफी नकसेर शुरू हात है।,पिंडली के आसपास खुजली और काफी नकसीर शुरू होती है।
भेले ोम में चोट डऔ़ मतली दोरनों ब़ढ जती है।,मेरे भौं में चोट और मतली दोनों बढ़ जाती है।
ाट ो षोटै छमज नस ेमंउ बराहट होता अै।,रात को सोते समय नस में घबराहट होता है।
हाथ कै आषथपास छुवफम औखर फक जुखा मव हसस गोषटी है।,हाथ के आसपास चुभन और काफी जुकाम महसूस होती है।
रात को सोते समय बाल ेमं बुखाड़ होता है।,रात को सोते समय बाल में बुखार होता है।
मेरे नाखु मेंण फ्रैक्चर और पसीना दोनों बना रहता है।,मेरे नाखून में फ्रैक्चर और पसीना दोनों बना रहता है।
वजन अचानक कखम हु गया गै।,वजन अचानक कम हो गया है।
ाँ नें दर्ड है।,दाँत में दर्द है।
पेट में गैस बनीत ै।,पेट में गैस बनती है।
ऱढ मे जोभन के कारण दाने भी महसछ गोता है।,रीढ़ में चुभन के कारण दाने भी महसूस होता है।
मेले गला मे खिंचाव और खली दोनोंम मसअसूस होती है।,मेरे गला में खिंचाव और खुजली दोनों महसूस होती है।
झुकने पर ड़ी मै बगम बन अतीख है।,झुकने पर एड़ी में बलगम बनी रहती है।
खाँशीफमिं खूइनऔआता है।,खाँसी में खून आता है।
दौ महीने से से कल्हा में हलअकाखंसी रहत अे।,दो महीने से से कूल्हा में हल्का खांसी रहती है।
चीभफ फर सफेद पतल े।,जीभ पर सफेद परत है।
पीथ हिलामे पर जकम आती है।,पीठ हिलाने पर जुकाम आती है।
खन खाेन ़कै बाद पसीनस आी है।,खाना खाने के बाद पसीना आती है।
मुझा किडने स्ठोन है और हड्डीआ में दस्त ड़हात ै।,मुझे किडनी स्टोन है और हड्डी में दस्त रहता है।
कम भूख़ म लगना ेक साथ झलन भ महषषूस होेत ईहै।,कम भूख न लगना के साथ जलन भी महसूस होता है।
छत में चक्कर के कारण जटफी बना रगताण है।,छाती में चक्कर के कारण चोट भी बना रहता है।
ीरियडस के दौरानधकान रहओत है।,पीरियड्स के दौरान थकान रहती है।
धुटने मेपाणी भर गया हे।,घुटने में पानी भर गया है।
खाँसी में खुन आतो है।,खाँसी में खून आता है।
दवा लेने केबाद भी संक्रमण शुरू हुत है।,दवा लेने के बाद भी संक्रमण शुरू होती है।
खजाँस में खून आा है।,खाँसी में खून आता है।
बैठनि ेक बात मांसपेशी े चूमबन तआीैह।,बैठने के बाद मांसपेशी में चुभन आती है।
सनूड़ों से खूम आता ह।,मसूड़ों से खून आता है।
परिभारमें एणीमिया ी छमसया हरी हे।,परिवार में एनीमिया की समस्या रही है।
जाँच मिं ासइनस निकला है।,जाँच में साइनस निकला है।
काहनी े सूजनै औल नकसीड़ भी होोथ है।,कोहनी में सूजन है और नकसीर भी होता है।
कब्ज़ की मसस्ा गै।,कब्ज़ की समस्या है।
ोरद कौ सोते समज घटना में थणका ढब़ जात है।,रात को सोते समय घुटना में थकान बढ़ जाती है।
हाथ-पैर सुनअन हो जाते हैं।,हाथ-पैर सुन्न हो जाते हैं।
फिश अो गया है।,फिशर हो गया है।
तबचामें दने गे का़रण भखार भी कम हो जाती है।,त्वचा में दाने के कारण बुखार भी कम हो जाती है।
गर्मी मं दिनाघ छे बुखफोरझ बनी रही है।,गर्मी में दिमाग से बुखार बनी रहती है।
खाना खाने के बाद छोट बना रहता है।,खाना खाने के बाद चोट बना रहता है।
छरना पलगम नेम ोनि लग़ता हि।,चलने पर कमर में दाने लगता है।
गरअन के आसास कब् ड़ असमीय सद्त बन रअतफा ै।,गर्दन के आसपास कब्ज और असहनीय दस्त बना रहता है।
खट्टी डखार आते है।,खट्टी डकार आती है।
क्रमी मंे रीढ़ शे क्बज लखती है।,गर्मी में रीढ़ से कब्ज लगती है।
रात को सोते मसय होंठ में कट लगता है।,रात को सोते समय होंठ में कट लगता है।
वायम करमे पर जकड़न मगसस होदा है।,व्यायाम करने पर जकड़न महसूस होता है।
झांचभेम िढनी स्टोन निकला ह।,जाँच में किडनी स्टोन निकला है।
खठट् ढगेरआती हएाम।,खट्टी डकार आती है।
भिफड़े मंे दस्त कै कारन ुसन्नपन भीज ड़हथा हबै।,फेफड़े में दस्त के कारण सुन्नपन भी रहता है।
ुझे ामइ्र ऐेन है और जिगर भं शीनक अोती है।,मुझे माइग्रेन है और जिगर में छींक होती है।
मुँ मे सूजन गै और मचभि महसूस होती ैह।,मुँह में सूजन है और मोच भी महसूस होती है।
कान में बआऐाज़ आत है।,कान में आवाज़ आती है।
कहनी मिं सूजन हे।,कोहनी में सूजन है।
ठंड में डख़मा में एसिडिटी बढ़ जात है।,ठंड में टखना में एसिडिटी बढ़ जाता है।
कला े सआास ठंड लनगा रऔ रुखर-ुककर खिंजाव आत है।,गला के आसपास ठंड लगना और रुक-रुक कर खिंचाव आता है।
दाँथ मेंदरत हा।,दाँत में दर्द है।
मेरे भौं में दाने और बलमग दोनाम कम हो जाता है।,मेरे भौं में दाने और बलगम दोनों कम हो जाता है।
आंखझंो ेमं जलउम औरलालिम है।,आँखों में जलन और लालिमा है।
क फ्ति छे षे पफ़डे भंष तेज़ भख नलगना शडु़ हुदअै।,एक हफ्ते से से फेफड़े में तेज़ भूख न लगना शुरू होती है।
अकसर से गाल मं काफि कब्ज रतही हे।,अक्सर से गाल में काफी कब्ज रहती है।
डॉक्रट मे कहा ीपी हि।,डॉक्टर ने कहा बीपी है।
जीभ परसफेद पलत है।,जीभ पर सफेद परत है।
तवा लेे के बाद मीचोट आताष हे।,दवा लेने के बाद भी चोट आता है।
टखे ें ूजन है और दरन्ध फी कम हो झाता हैओ।,टखना में सूजन है और दर्द भी कम हो जाता है।
ट को साआते समय दाँत भे उलट्ी भढ़ जाती है।,रात को सोते समय दाँत में उल्टी बढ़ जाती है।
जभी पर सफेद रतपहै।,जीभ पर सफेद परत है।
व्यायान ़रे पर सोन्पन रहएती है।,व्यायाम करने पर सुन्नपन रहती है।
गला की टअवचा प मोच महशूछ ोथ है।,गला की त्वचा पर मोच महसूस होती है।
परिवार नें सइनष की सभष्या रहीा।,परिवार में साइनस की समस्या रही है।
कनर में दर्द रहात है।,कमर में दर्द रहता है।
चाँज ंम कोरेसठ्रॉर िका हा।,जाँच में कोलेस्ट्रॉल निकला है।
गले भें खड़सहै।,गले में खराश है।
त्वजा फर खुजलढीहोथी है।,त्वचा पर खुजली होती है।
कभी -कभी मासमपेछी में रैश गोने लगती ह।,कभी-कभी मांसपेशी में रैश होने लगती है।
जोठ़ के आस पास झनझनात और तेज़खांसी बढ़ जाता है।,जोड़ के आसपास झनझनाहट और तेज़ खांसी बढ़ जाता है।
दवा लेने के बाद भ थकान बढ़ झातै।,दवा लेने के बाद भी थकान बढ़ जाता है।
होंठ फट रहे हें।,होंठ फट रहे हैं।
पेशबा का रंटग बदल गजाहै।,पेशाब का रंग बदल गया है।
सांस लेने में तकलीभ अोती है।,सांस लेने में तकलीफ होती है।
लात कोसोआे सयम पंजा मंेघा बढ़ जाती है।,रात को सोते समय पंजा में घाव बढ़ जाती है।
शरीर मेंदड़अड रहता है।,शरीर में दर्द रहता है।
डॉक्ट ने कहा वाजरल है।,डॉक्टर ने कहा वायरल है।
पीरिय ्स गे दौरानच थकानहरते हा।,पीरियड्स के दौरान थकान रहती है।
मुझे सिड ण़ नें भूग न रनगऊा आीत हैऔ।,मुझे सिर में भूख न लगना आती है।
कन में सूजन अैक और ाने भ ुशरू होत हे।,कान में सूजन है और दाने भी शुरू होता है।
मुझे अल्सर हे और अड्डी में छाले रगता है।,मुझे अल्सर है और हड्डी में छाले रहता है।
ेपशाब बार-बार आता ै।,पेशाब बार-बार आता है।
नक बंद रहती ैह।,नाक बंद रहती है।
ठाटर ने का एनीमिायहै।,डॉक्टर ने कहा एनीमिया है।
ना बंद लहती हि।,नाक बंद रहती है।
गरअमी नैं पलग से खभोड़ी मक अु जाता गै।,गर्मी में पलक से कमजोरी कम हो जाता है।
वाँह मेंभ्रैक्चर ेक कालन सक्रमण भ बढ़ जात है।,बाँह में फ्रैक्चर के कारण संक्रमण भी बढ़ जाती है।
जाँच में डायबिटज़ निकला है।,जाँच में डायबिटीज़ निकला है।
कना खने क़े बाद पसीा खम हो जाता हैश।,खाना खाने के बाद पसीना कम हो जाता है।
तघबले भा ज़न होती ैग।,तलवे में जलन होती है।
षुबह उठतेही गुरअदास मेमग घभराअट र गै।,सुबह उठते ही गुर्दा में घबराहट रहती है।
पेशाब में ज़लन होती ेह।,पेशाब में जलन होती है।
पेन में ैस बनती है।,पेट में गैस बनती है।
चेहरे पड़ ोने नेकलआए हैं।,चेहरे पर दाने निकल आए हैं।
मुँह मेछं ूजसण है और कट बी बमा रहता है।,मुँह में सूजन है और कट भी बना रहता है।
्यायान करने पर ज़ळन कम हो जेदइ हि।,व्यायाम करने पर जलन कम हो जाती है।
वय्तायेम कलने परछाे आता है।,व्यायाम करने पर छाले आता है।
त्बचामे िबचैण केकराण चनोट भी रहथी ैह।,त्वचा में बेचैनी के कारण चोट भी रहती है।
दिळ गी धड़कन थेज़ हो जाती ैहअ।,दिल की धड़कन तेज़ हो जाती है।
पेट में खून आनाके कालनण कमजोरी भी कम हो जात है।,पेट में खून आना के कारण कमजोरी भी कम हो जाती है।
दाँत में दअरद है।,दाँत में दर्द है।
खाणो नकलइ मा दिग्कघत है।,खाना निगलने में दिक्कत है।
दाँत की त्वमचा पर फ्रैक्च था है।,दाँत की त्वचा पर फ्रैक्चर आता है।
बेवह रोझमा आता है।,बेवजह रोना आता है।
बैठ नि के बझाद भउंमें संक्रमण शुरो गोता है।,बैठने के बाद भौं में संक्रमण शुरू होता है।
धिळभइंा सूजन है और जलथन भी पनि रहती है।,दिल में सूजन है और जलन भी बनी रहती है।
बेशमाब ेमं जळन होती गैश।,पेशाब में जलन होती है।
मुझेबकाल-बर मतली जैसी महसूसहोती है।,मुझे बार-बार मतली जैसी महसूस होती है।
गर् धन हिलेना पर कट लगता ै।,गर्दन हिलाने पर कट लगता है।
दावलेनेड कबाद भी चुभन लकताैह।,दवा लेने के बाद भी चुभन लगता है।
दॉमक्ट नेकअो कडनी स्टोन है।,डॉक्टर ने कहा किडनी स्टोन है।
ोड़ों ंे अक़न है।,जोड़ों में अकड़न है।
मांशपेषियोंमैं किचोव गै।,मांसपेशियों में खिंचाव है।
उँगळी में चोट ली ै।,उँगली में चोट लगी है।
गरअदन घुनाणे में दिकक्त हा।,गर्दन घुमाने में दिक्कत है।
हड्डी गु छूने पर अतअयधिक लउ्टी कम हो जातीहै।,हड्डी को छूने पर अत्यधिक उल्टी कम हो जाती है।
बरिबा में इंफे्कशन क समस्या रही है।,परिवार में इंफेक्शन की समस्या रही है।
कमर में तरद रदा है।,कमर में दर्द रहता है।
पिरीजडअस के दौरा कान ड़हती है।,पीरियड्स के दौरान थकान रहती है।
ले में खरा ैह।,गले में खराश है।
गरनी भें णोखून से फ़ोड़ा शूरूहोती गै।,गर्मी में नाखून से फोड़ा शुरू होती है।
दो महन सेसर में छींउक होन लघजथी है।,दो महीने से सिर में छींक होने लगती है।
आवोज़ महंछ नकिळ लही।,आवाज़ नहीं निकल रही।
ख़ाँसी मे खून आा है।,खाँसी में खून आता है।
व्ययोम कऐरने फल नींद न आा रहति है।,व्यायाम करने पर नींद न आना रहती है।
डॉक्टर ने कहा थायरॉड है।,डॉक्टर ने कहा थायरॉयड है।
बैने कै बाद पाळभे तगोन बढ जाी अै।,बैठने के बाद बाल में थकान बढ़ जाती है।
दि मेंसूजन हि औमर घाव भी बढ़ जाती हा।,दिल में सूजन है और घाव भी बढ़ जाती है।
लातसे गलाभ मंे अतअयदख कछनोरज शुरू हतोा हवै।,रात से गला में अत्यधिक कमजोरी शुरू होता है।
रात को ोता सनज मुँअ में कब्ज लहता ैह।,रात को सोते समय मुँह में कब्ज रहता है।
दाँत मंे दर्द है।,दाँत में दर्द है।
मुझि टॉम्िल ह औलबो मईनमतले खम हो जती है।,मुझे टॉन्सिल है और बाल में मतली कम हो जाती है।
एगड़ी में दरअड ाग।,एड़ी में दर्द है।
चलमा रफ पीठ में सअांश फफूलना रअता है।,चलने पर पीठ में सांस फूलना रहता है।
जाँच मेम एंग्जायटीनिकळा है।,जाँच में एंग्जायटी निकला है।
टनखे में मजो े।,टखने में मोच है।
पेरियड्स मनिंय बहट दड़ध ोते है।,पीरियड्स में बहुत दर्द होता है।
परसों िल मे सिरदर्द होने लग ै।,परसों दिल में सिरदर्द होने लगती है।
घुएटएन में पनी भर ़या है।,घुटने में पानी भर गया है।
जँच भें खोलछे्ठअड़ॉ निखला है।,जाँच में कोलेस्ट्रॉल निकला है।
पेत िालनेपर लचेहती है।,पेट हिलाने पर छाले होती है।
रात को ोते समयऐ भौं में ऐंठन कम हो ज़ाा ै।,रात को सोते समय भौं में ऐंठन कम हो जाता है।
कहनीब मेम सझणहै।,कोहनी में सूजन है।
जनळै ब़ कुळ्हा नें थकान ब़डर जाटा हपै।,चलने पर कूल्हा में थकान बढ़ जाता है।
बैठने के बाद आंख में सूजन आती है।,बैठने के बाद आँख में सूजन आती है।
लंे समज से कंधा में ती होने लगती हे।,लंबे समय से कंधा में मतली होने लगती है।
झुके बर उगली में पेैनी आता है।,झुकने पर उँगली में बेचैनी आता है।
लकाईत हलिोमे पर ोन आमा बढ़ जाती अै।,कलाई हिलाने पर खून आना बढ़ जाती है।
फिशड़ हो गया है।,फिशर हो गया है।
ाल को छूने बरबुहथ छींक भढ़ जाता हे।,गाल को छूने पर बहुत छींक बढ़ जाता है।
फिशर हो कया हा।,फिशर हो गया है।
रट गजो सोेसमयऔ जँघ में झनहट महूस होता हईै।,रात को सोते समय जाँघ में झनझनाहट महसूस होता है।
मुझे किडनी स्टोन हैऔर नाखून नें गरमी लगना शुरू होता है।,मुझे किडनी स्टोन है और नाखून में गर्मी लगना शुरू होता है।
खट्टी डक़ार दी हि।,खट्टी डकार आती है।
दवा लेने के बाद भी ऐठन होत अै।,दवा लेने के बाद भी ऐंठन होती है।
सुणण नें िक़कत होडही गै।,सुनने में दिक्कत हो रही है।
कंा को छूने परइ ज़्यादा ऐंठन मगसूस होती हा।,कंधा को छूने पर ज़्यादा ऐंठन महसूस होती है।
सुबह उठते ही फेफड़े में सास फूलनाआती है।,सुबह उठते ही फेफड़े में सांस फूलना आती है।
गर्दन ुमणे मेछं दिक्त है।,गर्दन घुमाने में दिक्कत है।
ठंड में कान मिं कभज हसूष होता अि।,ठंड में कान में कब्ज महसूस होता है।
भैठलने के बाद ाक भां घेझव बनसी डह़हती हा।,बैठने के बाद नाक में घाव बनी रहती है।
शरीर में दरअद रता है।,शरीर में दर्द रहता है।
आबाज़आ मरहींनिकल रही।,आवाज़ नहीं निकल रही।
पीरियद्स में बहुत दरध होदा े।,पीरियड्स में बहुत दर्द होता है।
तअ्वचा िलेनै फड़ जकड़न लगत है।,त्वचा हिलाने पर जकड़न लगती है।
झोड़ं भें अकड़न ह।,जोड़ों में अकड़न है।
कम चोट के छाथ बुकाघ़ भी शुलू होता गै।,कम चोट के साथ बुखार भी शुरू होता है।
बैठरने गिय बाद कोनभे में माच बढ़ जाती है।,बैठने के बाद कोहनी में मोच बढ़ जाती है।
लपसों गम में फो़ा ोने लगती है।,परसों कमर में फोड़ा होने लगती है।
दाँत मैं दर्द हाण।,दाँत में दर्द है।
गुरदो िलान पर पसीना वढल़ जाती है।,गुर्दा हिलाने पर पसीना बढ़ जाती है।
कान में मतळी के कारण जुकाम भी होतघा गै।,कान में मतली के कारण जुकाम भी होता है।
कंईधपा मैंसूजन है और सि बी हाती हा।,कंधा में सूजन है और खांसी भी होती है।
गोडनो कोूनेस पर जत़़ सजणबी रहती हे।,घुटना को छूने पर तेज़ सूजन बनी रहती है।
सुबह उठेही गोही में खून आना हातईा है।,सुबह उठते ही कोहनी में खून आना होता है।
पेषाब ा रंग दभर खा अ।,पेशाब का रंग बदल गया है।
शौछ मे खूनआता है।,शौच में खून आता है।
नेून टोट रहे हैं।,नाखून टूट रहे हैं।
छाती मे दबावछ महसूस होता है।,छाती में दबाव महसूस होता है।
बपेशा के रंपग बदर गया िह।,पेशाब का रंग बदल गया है।
जाँचमं टईॉन्िळ निका है।,जाँच में टॉन्सिल निकला है।
वोळ झट़ लहे अैन।,बाल झड़ रहे हैं।
वजन अछोनक बढ़ गया गै।,वजन अचानक बढ़ गया है।
वज अचानक कम हो ईा है।,वजन अचानक कम हो गया है।
जँाघ को छूने पर बहुत छींक शुरू हौत अै।,जाँघ को छूने पर बहुत छींक शुरू होता है।
सुब उठतेीग नस में ऐंठन रहता है।,सुबह उठते ही नस में ऐंठन रहता है।
घर्मी नें महु से सस फोलणा लगता है।,गर्मी में मुँह से सांस फूलना लगता है।
तेज़ उल्टी के साध कट भीकम हो जाथा है।,तेज़ उल्टी के साथ कट भी कम हो जाता है।
ुमँह में छालेहो गए हैं।,मुँह में छाले हो गए हैं।
दवे रेने के भाद मी ऐंठलण क़म ह जोतीहै।,दवा लेने के बाद भी ऐंठन कम हो जाती है।
खाँसी मेंखून आता है।,खाँसी में खून आता है।
झुकने पर घुटना मकें षूननपन नहसवूस होद है।,झुकने पर घुटना में सुन्नपन महसूस होती है।
मुझा नठा भें माज भढ़ जाती है।,मुझे माथा में मोच बढ़ जाती है।
परिवाल मेंसानश गी सभस ्यो रअी है।,परिवार में साइनस की समस्या रही है।
फाफड़े गो छूने पर भेहद फोड़ा बध़ जाता है।,फेफड़े को छूने पर बेहद फोड़ा बढ़ जाता है।
भझेु गॉलडब्लैडर है रऔ माथा मवें ुचभनन लगथ ैग।,मुझे गॉलब्लैडर है और माथा में चुभन लगती है।
बेछा में जलणहोथी है।,पेशाब में जलन होती है।
गेर ैठागुआ है।,गला बैठा हुआ है।
बला झड़ रहे हैं।,बाल झड़ रहे हैं।
लचमे पर जाध मंे बेछैननहसूश होते है।,चलने पर जाँघ में बेचैनी महसूस होती है।
णाग बमद रहत अै।,नाक बंद रहती है।
राट नुना ंे नखषीड़य होने लगओटीथ गै।,रात नथुना में नकसीर होने लगती है।
अभययाझाऊम करने डप़ भकअ न लगा कम ो जाटा है।,व्यायाम करने पर भूख न लगना कम हो जाता है।
गमर हिलढताणे पर जद़न बना रताैह।,कमर हिलाने पर जकड़न बना रहता है।
गड़्मी में पलक से छाले शुलू होती है।,गर्मी में पलक से छाले शुरू होती है।
जाँघछ के सआपस सुन्नपन और बेहद क़ट बणा रहताहै।,जाँघ के आसपास सुन्नपन और बेहद कट बना रहता है।
कनमें आवाज़ आती अै।,कान में आवाज़ आती है।
परिवार में वाजरलकी मस्या ड़ही है।,परिवार में वायरल की समस्या रही है।
कान मां शूजन ै और एसिटिटी भी लगती है।,कान में सूजन है और एसिडिटी भी लगती है।
शाम नाक में झुकेभ होने लतगी है।,शाम नाक में जुकाम होने लगती है।
सांस लेने मिं तकलीभ होतीहै।,सांस लेने में तकलीफ होती है।
गालई भंे मोच आ गईहअे।,कलाई में मोच आ गई है।
कल पंजा में घाव होेम लगती है।,कल पंजा में घाव होने लगती है।
ड़्मी मेन लगासे क्रभण रही हा।,गर्मी में गला से संक्रमण रहती है।
कन नं आबच़ आटीहै।,कान में आवाज़ आती है।
वा लेमे केए पद भेभूख न लगन कम हो जाताहै।,दवा लेने के बाद भी भूख न लगना कम हो जाता है।
खेनगाना ग वद जकड़ लगताऐ है।,खाना खाने के बाद जकड़न लगता है।
दस्अतओ लग गए है।,दस्त लग गए हैं।
चलने पर कमर में छींक महसूस होथी है।,चलने पर कमर में छींक महसूस होती है।
कश डिनों से से गरअता ाझम काफग़ी सुन्नपन बढ़ जायता है।,कुछ दिनों से से गुर्दा में काफी सुन्नपन बढ़ जाता है।
कब्ज़स कीस्सयाऔ अै।,कब्ज़ की समस्या है।
ज़़ौं े अग़ण ह।,जोड़ों में अकड़न है।
सबह उठते अ नस में थकान रअती है।,सुबह उठते ही नस में थकान रहती है।
मुँह की त्भचा पर दस्त रहती है।,मुँह की त्वचा पर दस्त रहती है।
रातोख सौता समय रीढ़ मम छाले महसूस ात है।,रात को सोते समय रीढ़ में छाले महसूस होती है।
गरमी मिक पटे से नसखिर बढ़ जाता है।,गर्मी में पेट से नकसीर बढ़ जाता है।
घीरे-धीरघे स मथा में लकातर थकान बना रता है।,धीरे-धीरे से माथा में लगातार थकान बना रहता है।
कंधा को छूने पर कम प्लाक्चर गछम हो जोदो है।,कंधा को छूने पर कम फ्रैक्चर कम हो जाता है।
डाटर ने कह यूटीआई अै।,डॉक्टर ने कहा यूटीआई है।
ठंड मंे णेकें सिररध्द कम हो जोता है।,ठंड में नाक में सिरदर्द कम हो जाता है।
अत्ईधिक ऐंण के सथ मतली भी बढ़ जाथी है।,अत्यधिक ऐंठन के साथ मतली भी बढ़ जाती है।
िदल की धडकन तेच़ हो जाटी गै।,दिल की धड़कन तेज़ हो जाती है।
कनामहीळन पर भ्डै़क्चरझ होरथ अै।,कंधा हिलाने पर फ्रैक्चर होता है।
जाँच मेमपाइल्स निकरा है।,जाँच में पाइल्स निकला है।
उंगां में झनझनाहट होतभी है।,उँगलियों में झनझनाहट होती है।
शौचेमं खून आता हे।,शौच में खून आता है।
मुझे टॉनसिल ग और पीठ मां कमजोरी होतीहै।,मुझे टॉन्सिल है और पीठ में कमजोरी होती है।
मेरे कोभ्हउा में वीख न लगना और कमजोरी धोनों महूसस होता है।,मेरे कूल्हा में भूख न लगना और कमजोरी दोनों महसूस होता है।
रात कोसोते मय जाघ मे सिलटधर्द बनी रहती है।,रात को सोते समय जाँघ में सिरदर्द बनी रहती है।
कमरआ में डड़् रहता है।,कमर में दर्द रहता है।
परिवार में साइनस क़ीसमस्या लही है।,परिवार में साइनस की समस्या रही है।
षुबअ उठते ही तअवचा में नीदं न आा रहत है।,सुबह उठते ही त्वचा में नींद न आना रहती है।
मुझे अस्थमा हभे और ेफढ़े ेमं चक्करओ लगी गै।,मुझे अस्थमा है और फेफड़े में चक्कर लगती है।
माु बरे-बारथली ैजषी मसहूस होतव है।,मुझे बार-बार मतली जैसी महसूस होती है।
दिल खी ठकजन तेहज़ अो ाी अ।,दिल की धड़कन तेज़ हो जाती है।
जँाच नें छ्ललिप्ठ डिश्क मिकरा है।,जाँच में स्लिप्ड डिस्क निकला है।
जीभ पर सफाद पत है।,जीभ पर सफेद परत है।
त्चवाप खचुळी होतीहै।,त्वचा पर खुजली होती है।
बेशाटव में जम अोती अै।,पेशाब में जलन होती है।
बिथने के बाद त्वचा में ंसक़अरमण शुू होता है।,बैठने के बाद त्वचा में संक्रमण शुरू होता है।
खाआना निकरणि नि दिग ्कत गैन।,खाना निगलने में दिक्कत है।
पैर की अंगुळी टूट ग है।,पैर की अंगुली टूट गई है।
तअ्धक नठन केसाथ धनने फी आथी है।,अत्यधिक ऐंठन के साथ दाने भी आती है।
राद कौ सोते समय ोकहनी में छींक महसूस हटा है।,रात को सोते समय कोहनी में छींक महसूस होता है।
रीढ़ गिलाण पर घबस ळगता गे।,रीढ़ हिलाने पर घाव लगता है।
नथुनेहिलईाणे प चोट रगती है।,नथुना हिलाने पर चोट रहती है।
गड़अमी भेंजडो़ सऊे डमन गलना लखती है।,गर्मी में जोड़ से ठंड लगना लगती है।
दिल की डढ़कन देज़़प हो जाती ै।,दिल की धड़कन तेज़ हो जाती है।
कनहा खमे का पाड घतबरऔत बनी लहत ै।,खाना खाने के बाद घबराहट बनी रहती है।
वजण छअाणक बढ़ गय है।,वजन अचानक बढ़ गया है।
नाूखन टट रहे हैं।,नाखून टूट रहे हैं।
मेऔरे टखना मम दोने और छुनऔमपभती दोनोइं ढब़ ाती है।,मेरे टखना में दाने और सुन्नपन दोनों बढ़ जाती है।
मुझे रढीण़ नें ऐटन रहा गै।,मुझे रीढ़ में ऐंठन रहता है।
परिवा नें र्निया ीक मशजा रहीहै।,परिवार में हर्निया की समस्या रही है।
आँोखं ें जलन औरलालिमा है।,आँखों में जलन और लालिमा है।
मँअ में छाले हो गए हैं।,मुँह में छाले हो गए हैं।
दवाेने के वाद भी एलरअजे लगपती है।,दवा लेने के बाद भी एलर्जी लगती है।
कभी-कभी बाँह में उल्टी होने रगती ै।,कभी-कभी बाँह में उल्टी होने लगती है।
तबो ेेन के बध भीसझ होताहै।,दवा लेने के बाद भी सूजन होता है।
पेन मं घैस तणीए ै।,पेट में गैस बनती है।
गला बैठा हुआ ै।,गला बैठा हुआ है।
पीठ की त्वचा फर फ्रैक्चर शुरू होता है।,पीठ की त्वचा पर फ्रैक्चर शुरू होता है।
बवासीर कीमसस्ाय है।,बवासीर की समस्या है।
मुझे डायबिटी ज़ ह औल चाँग ने थका हादा गै।,मुझे डायबिटीज़ है और जाँघ में थकान होता है।
गझर्ि में कोही से एिसडीट भने रहा है।,गर्मी में कोहनी से एसिडिटी बना रहता है।
झुकनओे पर टप मेसं झनझनाट बढ़ जाता है।,झुकने पर पेट में झनझनाहट बढ़ जाता है।
मुझै म मे चलन ोहती है।,मुझे कमर में जलन होती है।
डॉ्कटर नि कगाएइसढीडिटी अै।,डॉक्टर ने कहा एसिडिटी है।
पेसाब का ंग दवगया है।,पेशाब का रंग बदल गया है।
ढीला-धीराेस फेफडे मम पहत कटबना रहथा है।,धीरे-धीरे से फेफड़े में बहुत कट बना रहता है।
कना खामा केबाद चैनि होत है।,खाना खाने के बाद बेचैनी होती है।
र्नी में णथु ना से कत आतीऔ है।,गर्मी में नथुना से कट आती है।
तेज़ छालिकि षथा एलजी भीआतउा है।,तेज़ छाले के साथ एलर्जी भी आता है।
पैठ मा कभ्ज के काहरण शनगरण भीज बनी लगती है।,पेट में कब्ज के कारण संक्रमण भी बनी रहती है।
चेहर पर ाने निकल आए अैं।,चेहरे पर दाने निकल आए हैं।
पेशाब मां जलन होती है।,पेशाब में जलन होती है।
आँखों भें जचलण और ालिा अै।,आँखों में जलन और लालिमा है।
पलसी हिळाने बर फ्रैक्चर रुू अत ोआे है।,पसली हिलाने पर फ्रैक्चर शुरू होता है।
ब्ईयजाम खरने पर खुजलथी बध़ाजता है।,व्यायाम करने पर खुजली बढ़ जाता है।
ैट फ़ूला हता है।,पेट फूला रहता है।
ड्डी ो छोने पर थोड़ा फरैक्रच शुरू होती है।,हड्डी को छूने पर थोड़ा फ्रैक्चर शुरू होती है।
आँखोंमें जलन और लाळिमा हे।,आँखों में जलन और लालिमा है।
वले में जलन होती है।,तलवे में जलन होती है।
काान निगरैन में दि़कअगत ैह।,खाना निगलने में दिक्कत है।
माखून को छूने परहल्हाक सून्नपणश ोग जाा है।,नाखून को छूने पर हल्का सुन्नपन कम हो जाता है।
पेशा ा रमघ बदळ गडया है।,पेशाब का रंग बदल गया है।
गरदन घोामने मे देक्कताअ।,गर्दन घुमाने में दिक्कत है।
नाखआून टूट रहे हैं।,नाखून टूट रहे हैं।
त्वभचा पर खजरी होीत हे।,त्वचा पर खुजली होती है।
धिलकी धढ़खन तेज़ हो झाती है।,दिल की धड़कन तेज़ हो जाती है।
जिगर में सांस फूळा खे ारन गांी बी आटाहै।,जिगर में सांस फूलना के कारण खांसी भी आता है।
मेड़े नथुना में सिरदर दय और ोद़ा दोणों महसूस होता है।,मेरे नथुना में सिरदर्द और फोड़ा दोनों महसूस होता है।
वजन अचोनक बढ़ गया है।,वजन अचानक बढ़ गया है।
खलोमा खाने खि बाड खून आणा ळगता हउै।,खाना खाने के बाद खून आना लगता है।
मुझे गॉलब्लैडल है और झोड़ में धबराहट शुरू हौती है।,मुझे गॉलब्लैडर है और जोड़ में घबराहट शुरू होती है।
जीभ पर सफेम परथ अै।,जीभ पर सफेद परत है।
मुषे बीपी हऔड़ दाँद ें सनिररद रहता है।,मुझे बीपी है और दाँत में सिरदर्द रहता है।
खाना खाने केबाद घाव लगती है।,खाना खाने के बाद घाव लगती है।
पं िहलाने रपठ झईकाम ढ़ जथी है।,पंजा हिलाने पर जुकाम बढ़ जाती है।
ंड में झीभ मिं चोट कम हो ज़ाती अै।,ठंड में जीभ में चोट कम हो जाती है।
डॉक्टर ने कणहा खॉलबलैडर है।,डॉक्टर ने कहा गॉलब्लैडर है।
पेट फूला रहदा है।,पेट फूला रहता है।
ोदहर पीठ में ऐठंम होेळगत अि।,दोपहर पीठ में ऐंठन होने लगती है।
चनपर लकभिं सरदरज्त होती ै।,चलने पर पलक में सिरदर्द होती है।
डॉक्टरने कहा आर्थराइडिस है।,डॉक्टर ने कहा आर्थराइटिस है।
नकाहिलाने पर नींद न आना होतीहे।,नाक हिलाने पर नींद न आना होती है।
गमी मां नाक से चुभन रहती है।,गर्मी में नाक से चुभन रहती है।
रातआँख़ मेन ऐंठन अोने रगती है।,रात आँख में ऐंठन होने लगती है।
दवा लेनेउ कपे बाद भी चले बढ़ जताा अै।,दवा लेने के बाद भी छाले बढ़ जाता है।
मुड ँह मिं छालेफ हो गए हमिण।,मुँह में छाले हो गए हैं।
हथ नें सूजन हहै औड़ खील भणी सूसहोता अै।,हाथ में सूजन है और खुजली भी महसूस होता है।
ोच़ लीढ़ में ुखार हुने लगही है।,रोज़ रीढ़ में बुखार होने लगती है।
दाँत में दद् अै।,दाँत में दर्द है।
तलवे में जलन ोती है।,तलवे में जलन होती है।
जोड़ ों में कड़न है।,जोड़ों में अकड़न है।
मझुा एनी नयाि है और उीळ मिं बेशचेनी भअूसस ोीतगै।,मुझे एनीमिया है और उँगली में बेचैनी महसूस होती है।
डॉक्टर ने काह यूटीआई है।,डॉक्टर ने कहा यूटीआई है।
सु उड ही नचना मं उलअी दाआ ै।,सुबह उठते ही नथुना में उल्टी आता है।
डॉक्ठर ने कहा हृदरोग है।,डॉक्टर ने कहा हृदय रोग है।
दवा लेनै के बाद बी नीद न आना बनी ड़हतकी है।,दवा लेने के बाद भी नींद न आना बनी रहती है।
मुझ ृगदय गो हैऔर जाँघ में थंड लगना कम हो जात हैई।,मुझे हृदय रोग है और जाँघ में ठंड लगना कम हो जाती है।
चलने पर ठ़ोी में छोट बढ़ जाता है।,चलने पर ठोड़ी में चोट बढ़ जाता है।
बै ठने के बाद कान मिं खेंचाव बमा लहता अै।,बैठने के बाद कान में खिंचाव बना रहता है।
रात को सोते समज जीभ ेमं खिंचाव होती है।,रात को सोते समय जीभ में खिंचाव होती है।
वजन अछानक बढ़ गा ै।,वजन अचानक बढ़ गया है।
आवाज़ नहीं निकलरही।,आवाज़ नहीं निकल रही।
सुबह उठे ही मातामं एरजी रवहती हे।,सुबह उठते ही माथा में एलर्जी रहती है।
बौं क़ी त्वशछाछ पल दर्द गम हो जते है।,भौं की त्वचा पर दर्द कम हो जाता है।
मुझेाँसह मेआंनखीसर षुरोहोती है।,मुझे बाँह में नकसीर शुरू होती है।
पेाशब बार-बर आता है।,पेशाब बार-बार आता है।
शरीऊर में डल्द रत है।,शरीर में दर्द रहता है।
मेरे मांसपशी ें मतली औआर शलंस फूळन डोऔनों लगा है।,मेरे मांसपेशी में मतली और सांस फूलना दोनों लगता है।
पैरोम मेन सूईज आ गई हा।,पैरों में सूजन आ गई है।
उँगली में चोडलगी हा।,उँगली में चोट लगी है।
भाथ नें चंीक ेाकरण डफ़ी बढ़ जाा है।,माथा में छींक के कारण फोड़ा भी बढ़ जाता है।
चलने पईर बीठ में नझनाहडआता है।,चलने पर पीठ में झनझनाहट आता है।
नाक अिलाने फर चककर रहती है।,नाक हिलाने पर चक्कर रहती है।
पशैल कीअगुरी टत गई गै।,पैर की अंगुली टूट गई है।
खईाँसी में खोन आतेन हऔैड।,खाँसी में खून आता है।
परवार में एषिडिट की समसया रही है।,परिवार में एसिडिटी की समस्या रही है।
ठॉक़्टल नेकह गॉलब्लैडड़ है।,डॉक्टर ने कहा गॉलब्लैडर है।
टगना कौ छूने पर कफा सान फूलना बढ़ जाती अै।,टखना को छूने पर काफी सांस फूलना बढ़ जाती है।
िमाग नें एसिनडिटी के करण चोट भी बन लहती है।,दिमाग में एसिडिटी के कारण चोट भी बनी रहती है।
एड़ी गे आसपास चुभन औल ज़च्यादआाकर्ने गलना नपी हरी है।,एड़ी के आसपास चुभन और ज़्यादा गर्मी लगना बनी रहती है।
नींध में खलल पड़ री हैए।,नींद में खलल पड़ रही है।
तलवे में जलन होत हगै।,तलवे में जलन होती है।
पेट गोछूना पर असहनीघय खोजधरी बन ड़हता हे।,पेट को छूने पर असहनीय खुजली बना रहता है।
घड़मीमेंब पारसे एललअजीहोतो है।,गर्मी में पैर से एलर्जी होता है।
गलाव में कब्ज के कारण कमजोली भी शोरू होती है।,गला में कब्ज के कारण कमजोरी भी शुरू होती है।
बाल क छूने पर गलटाार सिरदड़्द गोथी है।,बाल को छूने पर लगातार सिरदर्द होती है।
चलने र कलाई मेन संकरमणध बढ़ जादता अै।,चलने पर कलाई में संक्रमण बढ़ जाता है।
घुटना के आछपास दाेन और कम खांसी आतीघ है।,घुटना के आसपास दाने और कम खांसी आती है।
डटॉ नि कह इंे्शन है।,डॉक्टर ने कहा इंफेक्शन है।
नींद में खलल पट़ रही है।,नींद में खलल पड़ रही है।
मुझे वार-बार मतली ैजस हम छूस होीटगै।,मुझे बार-बार मतली जैसी महसूस होती है।
नुजे नुथमा में बमलग कम गो जोथी है।,मुझे नथुना में बलगम कम हो जाती है।
ँभखोंैपं जनऔरय रारिम है।,आँखों में जलन और लालिमा है।
मुझि कुल्ह मेंखुजली लगता है।,मुझे कूल्हा में खुजली लगता है।
रसीर में रदड़डहता है।,शरीर में दर्द रहता है।
छुबह उठति ही बसली में जलद शुरू होता है।,सुबह उठते ही पसली में जलन शुरू होता है।
्यायाम करने पर जलन बढ़ जाता है।,व्यायाम करने पर जलन बढ़ जाता है।
मुझे गॉलब्लैडर हा और ेपर मेम ़डैष रहथी है।,मुझे गॉलब्लैडर है और पैर में रैश रहती है।
व्यायाम करमे पर जुकाभ कम हो जात है।,व्यायाम करने पर जुकाम कम हो जाती है।
गासणा खणाने क वड चट शुड़ू हाती ैहआ।,खाना खाने के बाद चोट शुरू होती है।
सिर मे ड़ूषी हो गई हा।,सिर में रूसी हो गई है।
जाच में ंगअजाटजी नीक ठला हैर।,जाँच में एंग्जायटी निकला है।
घुटनेमें बानी भड़ गछया है।,घुटने में पानी भर गया है।
दिमाग क़ आसपस ड़कन और ज़्योद चुभण बढ़ चातऊा है।,दिमाग के आसपास धड़कन और ज़्यादा चुभन बढ़ जाता है।
जाँच मचे अस्धे नीकला है।,जाँच में अस्थमा निकला है।
कव़् ि समसय है।,कब्ज़ की समस्या है।
मझे पिड़ेमें कड हतो है।,मुझे फेफड़े में कट होती है।
ताँत में दर्डहै।,दाँत में दर्द है।
पेशाब बार-बार आता ह।,पेशाब बार-बार आता है।
रात को सोते समज पसील में कड़न कम हु जोती है।,रात को सोते समय पसली में जकड़न कम हो जाती है।
पेशाब का रंग बदल गईा गै।,पेशाब का रंग बदल गया है।
मथेरे त्वचा में बलगम और कऔमझोरी दनों आती है।,मेरे त्वचा में बलगम और कमजोरी दोनों आती है।
कल से दिमाग मेम अलअकाटफरैक्चर रहत अै।,कल से दिमाग में हल्का फ्रैक्चर रहती है।
खाँसरी में खूण आथता है।,खाँसी में खून आता है।
कपचअ ज़ की महछ्या हि।,कब्ज़ की समस्या है।
सिर के आसपा बलगम और धोड़ा खुजली आती है।,सिर के आसपास बलगम और थोड़ा खुजली आती है।
कोअनढी िलामि परिंचव शुरू अोफा है।,कोहनी हिलाने पर खिंचाव शुरू होता है।
तिल के आसपास चोटऔर ज़्यादा फ्रैक्चर होता है।,दिल के आसपास चोट और ज़्यादा फ्रैक्चर होता है।
व्याम करेम पर झनझनाहट कम ा जेता हि।,व्यायाम करने पर झनझनाहट कम हो जाता है।
कमर में द़्द रहता है।,कमर में दर्द रहता है।
ेबवजअ रोना आाथ गदै।,बेवजह रोना आता है।
मसिकधर्म अनियमित है।,मासिक धर्म अनियमित है।
मषर ातइजरॉयट है और अाथ में खुरजी महशोस हटा ह।,मुझे थायरॉयड है और हाथ में खुजली महसूस होता है।
मुझे टॉन्षिल है औरगरअदन मं जुकाम बध़ जाथी है।,मुझे टॉन्सिल है और गर्दन में जुकाम बढ़ जाती है।
मेरे कढान नं दर्द र तकानदोनों लगती है।,मेरे कान में दर्द और थकान दोनों लगती है।
गली मेम डडी़ से ून आा नहशूस हापती है।,गर्मी में ठोड़ी से खून आना महसूस होती है।
दव लमैैके बा भी नकसीरबड़ जातीअै।,दवा लेने के बाद भी नकसीर बढ़ जाती है।
ब्यायाम करने पर सांसफूलना आता है।,व्यायाम करने पर सांस फूलना आता है।
दव लेने का बादझ बीचुभन कम हो जातीहै।,दवा लेने के बाद भी चुभन कम हो जाती है।
रात को सोतेश समय आंख में कमजोरे होटे है।,रात को सोते समय आँख में कमजोरी होती है।
दव ेलनि के बद बी उउळटीआाथ गटै।,दवा लेने के बाद भी उल्टी आता है।
पीठ में खअम़ है।,पीठ में अकड़न है।
मेरे फेफदें दर् औ़ कट ोतनों ळती है।,मेरे फेफड़े में दर्द और कट दोनों लगती है।
टखना में ोच है।,टखने में मोच है।
षुबह उति ही घुटना मैगर्मी लगना लगती है।,सुबह उठते ही घुटना में गर्मी लगना लगती है।
ब्ईायान करने पर शरदर्द लगते हि।,व्यायाम करने पर सिरदर्द लगता है।
मुझे फिशर गै और टनखा में दाने लगती है।,मुझे फिशर है और टखना में दाने लगती है।
कंधला के आसपबासऐ रैश और असगनीय जलन लगता है।,कंधा के आसपास रैश और असहनीय जलन लगता है।
ज़डो़ुं नें अकड़न ह।,जोड़ों में अकड़न है।
ाख ँसी में खून आता अै।,खाँसी में खून आता है।
बव ाशीर क षमस्य ै।,बवासीर की समस्या है।
ठड में नथुना में बुगारक ोत है।,ठंड में नथुना में बुखार होता है।
ंउीयों मं झनझनागड होटी ै।,उँगलियों में झनझनाहट होती है।
मेरि खअा में छिरर्द और पेचैनी दोन ों कम हो जाथी है।,मेरे कान में सिरदर्द और बेचैनी दोनों कम हो जाती है।
व्यायाम करने पर सुन्नपन शूरू होती ैह।,व्यायाम करने पर सुन्नपन शुरू होती है।
हाथ-पेर सुन्न हो जाथे ैं।,हाथ-पैर सुन्न हो जाते हैं।
बैठने के बाद ीठ में ोच बढ़ जाती है।,बैठने के बाद पीठ में चोट बढ़ जाती है।
जीफ पर सफ़ाद परत है।,जीभ पर सफेद परत है।
दिल की धड़नक तेज़ अो जाती है।,दिल की धड़कन तेज़ हो जाती है।
मुँह मेम खून आना कै ारण झमझनाट भी महसूस ोती हि।,मुँह में खून आना के कारण झनझनाहट भी महसूस होती है।
टखनाभें टंड लगना केकारण जोकाम भी डह़ती है।,टखना में ठंड लगना के कारण जुकाम भी रहती है।
कंड नेम दर्द है।,कंधे में दर्द है।
षुग उथदटे ी दिल मि लकम रगी है।,सुबह उठते ही दिल में बलगम रहती है।
बासीर क़ी समसब्याहै।,बवासीर की समस्या है।
मगजे नाक में ठडं लगणामहसूस गोती है।,मुझे नाक में ठंड लगना महसूस होती है।
डॉकटर ने कहा पाल्स है।,डॉक्टर ने कहा पाइल्स है।
ुँहमे छालि हो गखए अऐैं।,मुँह में छाले हो गए हैं।
बेजववह रोन आते है।,बेवजह रोना आता है।
पेवलर मबें हृदयरग कीसमस्ऊया रहीअै।,परिवार में हृदय रोग की समस्या रही है।
मेरे नथुने में जकड़न और खून आना दोनों लगती है।,मेरे नथुना में जकड़न और खून आना दोनों लगती है।
़छिड़ोपन बढ़ खयो है।,चिड़चिड़ापन बढ़ गया है।
दवा लेने गे पाद भख घबराहट होताैह।,दवा लेने के बाद भी घबराहट होता है।
पिरों में षूजन आ ग ह।,पैरों में सूजन आ गई है।
टंड मैं फौं में खामसी शुलू हथोहै।,ठंड में भौं में खांसी शुरू होती है।
ेमर फेफढ़े मैं थकनऔल ंठ ळग़ा दोोंन रगा अै।,मेरे फेफड़े में थकान और ठंड लगना दोनों लगता है।
डॉक्टर ने कहे बीप अै।,डॉक्टर ने कहा बीपी है।
र्मक में झोड़स ैश छरू अुदी है।,गर्मी में जोड़ से रैश शुरू होती है।
घयान केतंद्ड़ित नहीं कल पाती ूँ।,ध्यान केंद्रित नहीं कर पाती हूँ।
नेेर जिगर ें नींद न आमा और नकसीर दोनों रहता है।,मेरे जिगर में नींद न आना और नकसीर दोनों रहता है।
मेर टोड़ मे सूजतन औरसिबरर्द दोनों कम हो जाी है।,मेरे ठोड़ी में सूजन और सिरदर्द दोनों कम हो जाती है।
सनस रेने मेयं तगलीफ हहोधत है।,सांस लेने में तकलीफ होती है।
टखधमा नैं जक़ड़न के कारणगैस फी छुड़ू होदतो है।,टखना में जकड़न के कारण गैस भी शुरू होता है।
भूख बिऊल्कोल नहीं लगती है।,भूख बिल्कुल नहीं लगती है।
मोंशणिसपेयों में खिसंछावैह।,मांसपेशियों में खिंचाव है।
परिवार में माइक्रेम ीखम छमसय्ा रहनी है।,परिवार में माइग्रेन की समस्या रही है।
चेहल पलफ दानि णिटक़लउ आए ें।,चेहरे पर दाने निकल आए हैं।
मुंह के पोसनींद न आना और असहनीगर्म लगणएा ळगत हा।,मुँह के आसपास नींद न आना और असहनीय गर्मी लगना लगती है।
दब लेणे ेग वढाड भि ठंड ळगना लकतीट है।,दवा लेने के बाद भी ठंड लगना लगती है।
जाँच नें टॉनसिल निकला है।,जाँच में टॉन्सिल निकला है।
शरखीर मिं दरद रहता ह।,शरीर में दर्द रहता है।
मुषे हरनियचा है और जोँघ में पछीना बनी रही अै।,मुझे हर्निया है और जाँघ में पसीना बनी रहती है।
बेवजह रोमा आता है।,बेवजह रोना आता है।
सुबह उठदे ी फे़े में सूजण रकहता ै।,सुबह उठते ही फेफड़े में सूजन रहता है।
चलने पर जाँग मेंसऐास फुरमा शुरू हती है।,चलने पर जाँघ में सांस फूलना शुरू होती है।
शौच मां खूम आता अि।,शौच में खून आता है।
दरि कीकधन दज़ हो जादीहैआ।,दिल की धड़कन तेज़ हो जाती है।
फिशर गो गयो ैह।,फिशर हो गया है।
पंजा की त्वचा बर द़ड्दषुरु हुते है।,पंजा की त्वचा पर दर्द शुरू होती है।
दिल कीदड़न ातज़ हो ज़ादि ैह।,दिल की धड़कन तेज़ हो जाती है।
जँगहिळेम पउर पसीमा मछूस ोहात गै।,जाँघ हिलाने पर पसीना महसूस होता है।
डॉणकटर नेकहा हृदय लोग गै।,डॉक्टर ने कहा हृदय रोग है।
गल क आसपा गभअजऔर बहुत उल्लटी नइअसूस हुी हा।,गाल के आसपास कब्ज और बहुत उल्टी महसूस होती है।
सुबह उठते हे कंधा मे नंदन आना बढ़ जाीत है।,सुबह उठते ही कंधा में नींद न आना बढ़ जाती है।
जुदकन परव कमड़ मे ब्ज रतहा है।,झुकने पर कमर में कब्ज रहता है।
नाखम टूट रे हैं।,नाखून टूट रहे हैं।
व्जााम क़रिन फर करीजउोम नहससो होता है।,व्यायाम करने पर कमजोरी महसूस होता है।
पीभठमें जकडई़न के कारण खंासी भी रहती है।,पीठ में जकड़न के कारण खांसी भी रहती है।
मेरे हडअडे भें घाथव औड़ एआिड िटी दछोनोंई रहथीअै।,मेरे हड्डी में घाव और एसिडिटी दोनों रहती है।
रात गो सोटे समय जोड़ में दाे होती है।,रात को सोते समय जोड़ में दाने होती है।
ठं में मुग में जकड़न रहत है।,ठंड में मुँह में जकड़न रहती है।
ठोढ़खीके तवचा पर रैश पजढ़ चाती हे।,ठोड़ी की त्वचा पर रैश बढ़ जाती है।
ठॉक्टर नै हका एंग्ईाजयेठ ैह।,डॉक्टर ने कहा एंग्जायटी है।
चठि़चिड़बम बढ़ गा है।,चिड़चिड़ापन बढ़ गया है।
बैठि के बाद फेफड़े मं नीदल न आना होती अै।,बैठने के बाद फेफड़े में नींद न आना होती है।
पेट ूला रहता है।,पेट फूला रहता है।
जोड़ों में अकड़न हा।,जोड़ों में अकड़न है।
शूबह उठाद ह फिंडल मैं भलऔगम कम गोचात है।,सुबह उठते ही पिंडली में बलगम कम हो जाती है।
मिरे फेफड़े भें सुन्नपन और चुब दोों कम हो जाता है।,मेरे फेफड़े में सुन्नपन और चुभन दोनों कम हो जाता है।
गला बैटा हुआहै।,गला बैठा हुआ है।
पेसाभ नें जलन हती अै।,पेशाब में जलन होती है।
मेर कमधा मेदं ंड रगना और जकडआ़न डोनौं बना रहटा है।,मेरे कंधा में ठंड लगना और जकड़न दोनों बना रहता है।
गर्मी ने हठड्टी छे संक्रमञ बशनी रहती है।,गर्मी में हड्डी से संक्रमण बनी रहती है।
ठंड में कूल्ा में ठंड लगना बा रअतो है।,ठंड में कूल्हा में ठंड लगना बना रहता है।
पेसाब बर-बार आता अै।,पेशाब बार-बार आता है।
उँगली मे जोट लगी हा।,उँगली में चोट लगी है।
डॉक्टर ने खहा एनीमिया है।,डॉक्टर ने कहा एनीमिया है।
पलक को छूने पर हल्ाक दर्द छुरू होता है।,पलक को छूने पर हल्का दर्द शुरू होता है।
मेे कलाई में खून आना और झनझनाहट दोनो मगसूस ोहतभ है।,मेरे कलाई में खून आना और झनझनाहट दोनों महसूस होती है।
पैरों भें सूजन आ गई है।,पैरों में सूजन आ गई है।
खानो खारने के बाद दस्त लगते है।,खाना खाने के बाद दस्त लगती है।
परेवेर में यूटआ की समस्या रही है।,परिवार में यूटीआई की समस्या रही है।
नथुना में फ्ैक्चर केभ कोरण नकसीर भी ोथी है।,नथुना में फ्रैक्चर के कारण नकसीर भी होती है।
खाण खएाने के ाड खून आना गोत है।,खाना खाने के बाद खून आना होता है।
गर्मी में मुँह से ठंड लखना लगती है।,गर्मी में मुँह से ठंड लगना लगती है।
ठोबड़ा संरअमञग के सेथ षननझाछहटष भी आती ै।,थोड़ा संक्रमण के साथ झनझनाहट भी आती है।
ड़ता कढ़ो छोते समय सि में चक्ेक बढ़जाता ै।,रात को सोते समय सिर में चक्कर बढ़ जाता है।
पिचल हफ़्तैसे उँ कळी ें अत्यकधिक दसत् वनी रहती हऐै।,पिछले हफ्ते से उँगली में अत्यधिक दस्त बनी रहती है।
ठड मन उँछरी ें छुम्नणप बमी रही है।,ठंड में उँगली में सुन्नपन बनी रहती है।
रोत को सोे समय एड़ी में खुजली कन ो जता है।,रात को सोते समय एड़ी में खुजली कम हो जाता है।
खर्दन के आसपास ऐंठम और ज़्यदा दस्त शूर होता है।,गर्दन के आसपास ऐंठन और ज़्यादा दस्त शुरू होता है।
जी़फ बड़ फेदज फरत गै।,जीभ पर सफेद परत है।
गाथ-पा सनन हो जाते हैम।,हाथ-पैर सुन्न हो जाते हैं।
ुझे वारइ-डबलइ मतळझैस महओषूसअोीग है।,मुझे बार-बार मतली जैसी महसूस होती है।
ठंठ में एड़ी में खिंजाव लगता है।,ठंड में एड़ी में खिंचाव लगता है।
खान खेने ेकात थंड गन महछूष होता ह।,खाना खाने के बाद ठंड लगना महसूस होता है।
ठंड मेंउँगले में नींद न आना बना रहता है।,ठंड में उँगली में नींद न आना बना रहता है।
मेरे कलाईेन फर्ैमक्जर और चुभण डोनोभन रहती है।,मेरे कलाई में फ्रैक्चर और चुभन दोनों बनी रहती है।
गरबा बैठ हुआ ैअ।,गला बैठा हुआ है।
आकवाज़ नीअं नेकल रही।,आवाज़ नहीं निकल रही।
शरीर मेंदर्द रहता है।,शरीर में दर्द रहता है।
त्वचा पओल खुजली ोहती है।,त्वचा पर खुजली होती है।
आवाज़नहें निकल लही।,आवाज़ नहीं निकल रही।
पारों ेंसूजन आ ग ै।,पैरों में सूजन आ गई है।
शौच में खून आता गै।,शौच में खून आता है।
रात को सोते समय गल मिं जलन बढ़ जाती ेह।,रात को सोते समय गाल में जलन बढ़ जाती है।
आँख की थअभचा पर मोच ड़हता है।,आँख की त्वचा पर मोच रहता है।
एट़ी में दर्खद है।,एड़ी में दर्द है।
आवज़ नहीं ेनगल रही।,आवाज़ नहीं निकल रही।
भुझे यटूीआई है और हुऐं मेंगर्एमी लगा आथा है।,मुझे यूटीआई है और होंठ में गर्मी लगना आता है।
जाँच में हृदय रोग निगला है।,जाँच में हृदय रोग निकला है।
शाी में दबाव मछहूस होता गि।,छाती में दबाव महसूस होता है।
कंधे में द्रद है।,कंधे में दर्द है।
बरिवाड़ मै ाइग्रेन की समछया ही ै।,परिवार में माइग्रेन की समस्या रही है।
चलना पर नथुना में धड़कन आटा है।,चलने पर नथुना में धड़कन आता है।
डॉक्टर णे हका वायरल है।,डॉक्टर ने कहा वायरल है।
चलमेपर सिर में तर्द आी है।,चलने पर सिर में दर्द आती है।
सांस लेने में तकलीफ होती ैह।,सांस लेने में तकलीफ होती है।
बोँग भें झनजनओाहट के कारण ठका भ हतोा है।,बाँह में झनझनाहट के कारण थकान भी होता है।
पसल ोक छूने पर बहुत नीं न आना कम हो जातीहै।,पसली को छूने पर बहुत नींद न आना कम हो जाती है।
पिशाब बार-ब ार आताा।,पेशाब बार-बार आता है।
डॉक़्टर ने गहा हृदय रोग है।,डॉक्टर ने कहा हृदय रोग है।
मँअ में छाले हो गए हैं।,मुँह में छाले हो गए हैं।
सगनीय बलगम के साथठंड लगमाथ भी बनी रहती अि।,असहनीय बलगम के साथ ठंड लगना भी बनी रहती है।
भूख भिल्करमहें ळकते है।,भूख बिल्कुल नहीं लगती है।
डॉ्टकर नि कहा यूीटआई है।,डॉक्टर ने कहा यूटीआई है।
पैलो नें सूजन आ ग़ई है।,पैरों में सूजन आ गई है।
वबतेसर की छनय है।,बवासीर की समस्या है।
व्ाय ाम करेन पर नकसेरकम गो जाती है।,व्यायाम करने पर नकसीर कम हो जाती है।
रात क सोते समय िदल मैंीमंद न आना शुर ोगती है।,रात को सोते समय दिल में नींद न आना शुरू होती है।
गमर मेम दर्द रहतो है।,कमर में दर्द रहता है।
ाा खाे के बाद दाने बना ड़ात गै।,खाना खाने के बाद दाने बना रहता है।
मासऐिक धरम अनेमईित है।,मासिक धर्म अनियमित है।
मेलि गला में दर्द और फोड़ा दोनो शरू होती है।,मेरे गला में दर्द और फोड़ा दोनों शुरू होती है।
सुबह से नस में हल्का च्ककर महसुसन हता है।,सुबह से नस में हल्का चक्कर महसूस होता है।
अक्षर पिट नें ुटाकम ोहनेप लगज़ीत है।,अक्सर पेट में जुकाम होने लगती है।
ववाीछड़ की समइस्या है।,बवासीर की समस्या है।
क्बज़ की समस्या है।,कब्ज़ की समस्या है।
गर्मी भें कमघा ेसकट पमा रगदो है।,गर्मी में कंधा से कट बना रहता है।
पिउछरेओ हफते से नथुना मे बेहद भूख न लगना बझढ़ जाी है।,पिछले हफ्ते से नथुना में बेहद भूख न लगना बढ़ जाती है।
शाथमलेने भें तकलीफ होतीअै।,सांस लेने में तकलीफ होती है।
व्यायाम कड़नगे पर नखसीर क हो जाता है।,व्यायाम करने पर नकसीर कम हो जाता है।
छलनेपर गान में षांश फूळना षुरू होथिओ अक।,चलने पर कान में सांस फूलना शुरू होती है।
बाल के आसबसा कब्ज र खभ बगळम शुरू होतसी है।,बाल के आसपास कब्ज और कम बलगम शुरू होती है।
भ्योयाम कलने बर रैबढ़ जाता है।,व्यायाम करने पर रैश बढ़ जाता है।
पीरियड्स केदौरान थकान रअतीह।,पीरियड्स के दौरान थकान रहती है।
भुझे डाइटज हि औढर पिंलडीमें सिल डल् लगता अै।,मुझे डायबिटीज़ है और पिंडली में सिरदर्द लगता है।
मऊुझे एथंग्जेयटी हएै औरप जांध में डाने बन रहता हि।,मुझे एंग्जायटी है और जाँघ में दाने बना रहता है।
ुमझे नखाू मेंकम़रारी ळगता हे।,मुझे नाखून में कमजोरी लगता है।
कमड़ मंे दल्द रहता गै।,कमर में दर्द रहता है।
गर्दन हिलामे पड़ कब्ज आती है।,गर्दन हिलाने पर कब्ज आती है।
झुकने र ठोद़ी में सूज़ बनी ड़हीत है।,झुकने पर ठोड़ी में सूजन बनी रहती है।
झुनकेपर एद़ी में दर्द क़म हो जाती है।,झुकने पर एड़ी में दर्द कम हो जाती है।
सुनने भै दि़क्कत हो रहीअै।,सुनने में दिक्कत हो रही है।
छेहड़ेफर दाने निळआए हैं।,चेहरे पर दाने निकल आए हैं।
नुझे तवचमेंद खिंजाभ वड़जऊाता है।,मुझे त्वचा में खिंचाव बढ़ जाता है।
डॉक्टडध़ नै कहा पाइल्स है।,डॉक्टर ने कहा पाइल्स है।
वुटर मींड न ाआ ाक साथ कट भ होता है।,बहुत नींद न आना के साथ कट भी होता है।
माषिक ढर्म नियमित है।,मासिक धर्म अनियमित है।
ेनचरि काण मैं बेचैनी रऔ घओोव दोनोन शुरू होत हैप।,मेरे कान में बेचैनी और घाव दोनों शुरू होती है।
पिछले महीना सि गाल मेंख रकु-रुक क़ल जलन बढ़ जदी है।,पिछले महीने से गाल में रुक-रुक कर जलन बढ़ जाती है।
परिबाड़ मे फवाइल्स की समस्या हरीहै।,परिवार में पाइल्स की समस्या रही है।
ठडं में जोड़ में कून नाआ आतीहै।,ठंड में जोड़ में खून आना आती है।
मुझेसाइनस हओै और मोँह में जडन लगातहै।,मुझे साइनस है और मुँह में जकड़न लगता है।
पिट में घैस बनती ै।,पेट में गैस बनती है।
ुमझे एड़ी में रैश लगता है।,मुझे एड़ी में रैश लगता है।
नाखनू टूट रहे हैं।,नाखून टूट रहे हैं।
उगंयंेध में नझनाहठ ोहती है।,उँगलियों में झनझनाहट होती है।
ह्डी में सूजन है और मती भी गोता है।,हड्डी में सूजन है और मतली भी होता है।
खाना खान के बाद सांस फलूना होती है।,खाना खाने के बाद सांस फूलना होती है।
खाँसि में खून आताझ है।,खाँसी में खून आता है।
शरीर में दल्ड रहता हि।,शरीर में दर्द रहता है।
सां लेने में कलआीफ होति है।,सांस लेने में तकलीफ होती है।
वयाम रने पर कमज ़ोरी ड़गती है।,व्यायाम करने पर कमजोरी रहती है।
मांसपेशटियं नें ख़ींचाव है।,मांसपेशियों में खिंचाव है।
चलनापर ़गबुड़फ्दा में लउ्टी सुरू गोदीथ ह।,चलने पर गुर्दा में उल्टी शुरू होती है।
गर्दन घमुाने में दिक्कत है।,गर्दन घुमाने में दिक्कत है।
दिल की धड़गबन तेज़ अो जजादी है।,दिल की धड़कन तेज़ हो जाती है।
टखरमा क़ा आस पास सपन और बहुत एलरजी रहता अै।,टखना के आसपास सुन्नपन और बहुत एलर्जी रहता है।
हडद्दी हिलाने पर भूख न लगना होता है।,हड्डी हिलाने पर भूख न लगना होता है।
टने मेंोमज है।,टखने में मोच है।
ैठनि ेक ाबद सिर में चुभणहोत है।,बैठने के बाद सिर में चुभन होती है।
लनने पर पसले भेमं गा शुरोहौदा है।,चलने पर पसली में गैस शुरू होता है।
चलने पर नाक ें ए्जी कम हो जाती है।,चलने पर नाक में एलर्जी कम हो जाती है।
जाँच में कोलेस्ट्रॉल निकआला है।,जाँच में कोलेस्ट्रॉल निकला है।
नाक कले द्बचा पणर नकसीर बना रहा ह।,नाक की त्वचा पर नकसीर बना रहता है।
भकी-कभी से त्वचा मं थोड़ाघबराहट रहता है।,कभी-कभी से त्वचा में थोड़ा घबराहट रहता है।
बवाशील के सम्जा है।,बवासीर की समस्या है।
तळवे में चलन हबोतीहै।,तलवे में जलन होती है।
कोफीऐ चे के साथ छा फी बढ जाता है।,काफी छाले के साथ छाले भी बढ़ जाता है।
पीठ के आपास क़ड़जीोन औऐर खेफी दर्खद ड़अदी हे।,पीठ के आसपास कमजोरी और काफी दर्द रहती है।
टघडं मटिं बानँह में जकड़न शुरू अोीत अ।,ठंड में बाँह में जकड़न शुरू होती है।
पेशोब में चलन होती है।,पेशाब में जलन होती है।
मुझे टखना मेम धखान कम होज़ाताढ है।,मुझे टखना में थकान कम हो जाता है।
कुछ धिनोसै से देनगा मेम कबज शुरूब होटी हि।,कुछ दिनों से से दिमाग में कम कब्ज शुरू होती है।
खाना निगलेन ें दिख्कत है।,खाना निगलने में दिक्कत है।
पेचशाब बआा-बारआता हि।,पेशाब बार-बार आता है।
कंे िमम दनड़्द है।,कंधे में दर्द है।
कलाई को ूछने र बहोत कमजोरी लगती है।,कलाई को छूने पर बहुत कमजोरी लगती है।
चलनि पर होठ में जलन तीहै।,चलने पर होंठ में जलन आती है।
कोहने मेंद सूजगम है।,कोहनी में सूजन है।
दवा रेनेके बाद भीऐ चोट बनी रहती हे।,दवा लेने के बाद भी चोट बनी रहती है।
चलनके पर कोमी में सुननपती ड़अत ह।,चलने पर कोहनी में सुन्नपन रहता है।
कोहनी में सूजनहै।,कोहनी में सूजन है।
वणज अचनक बढ़गया है।,वजन अचानक बढ़ गया है।
ाक से खन आता है।,नाक से खून आता है।
भख बिल्कुल नहीं रग़ती है।,भूख बिल्कुल नहीं लगती है।
जँच में एनीमिया निकरे है।,जाँच में एनीमिया निकला है।
षकरी नें दल्द रता है।,शरीर में दर्द रहता है।
नाक में झनझनाहट के कारण छींतकी लथगा अै।,नाक में झनझनाहट के कारण छींक भी लगता है।
दवा लेने े बोहध मी फूख़ णलओमा लगती है।,दवा लेने के बाद भी भूख न लगना लगती है।
अरमग मिं ाअथ छेस एळर्जी छोरू होदी हि।,गर्मी में हाथ से एलर्जी शुरू होती है।
मोसिक धलन् अमियमित है।,मासिक धर्म अनियमित है।
दिल में छुभन के कारण मोच भी बढ़ जाती है।,दिल में चुभन के कारण मोच भी बढ़ जाती है।
लपिवाल में टॉण्सिल कील समस्या रही अै।,परिवार में टॉन्सिल की समस्या रही है।
नेरैब कूल्हो भें बनसा और कांछी दोमों आता है।,मेरे कूल्हा में पसीना और खांसी दोनों आता है।
पलग हिरामै पर रैस शुड़ू अोखती है।,पलक हिलाने पर रैश शुरू होती है।
दवा लेने के बद भडी जकुाम कम गो जाती है।,दवा लेने के बाद भी जुकाम कम हो जाती है।
सुहब हड्डि मां छींक अनेलगथी है।,सुबह हड्डी में छींक होने लगती है।
मुझा कला में भग न लमगना होद है।,मुझे कलाई में भूख न लगना होता है।
उँगली हिल ाे पड़ घाव बढ़ ाजती है।,उँगली हिलाने पर घाव बढ़ जाती है।
कोगनी में सूज है।,कोहनी में सूजन है।
गटुने नें पी भर ग हे।,घुटने में पानी भर गया है।
परिवार में डिप्रेशन की समस याझ रअि ैह।,परिवार में डिप्रेशन की समस्या रही है।
कंध की त्वचा प फोड़ बढ़ जाता है।,कंधा की त्वचा पर फोड़ा बढ़ जाता है।
मुझे एंगजायटी है और पैर में जकद़म महसुस होती है।,मुझे एंग्जायटी है और पैर में जकड़न महसूस होती है।
मांसपिशियों में खिंचाव है।,मांसपेशियों में खिंचाव है।
पलक की तव्खचा पड़ भलगम शुरू होती है।,पलक की त्वचा पर बलगम शुरू होती है।
नाक़ मेंद्र ख काञ डाने भ नबारगणत है।,नाक में दर्द के कारण दाने भी बना रहता है।
गमर मेन दड़्द रहता हा।,कमर में दर्द रहता है।
चलने पर गला में मतली आता अै।,चलने पर गला में मतली आता है।
हड्द हिलअाने ल एअलजी हदी है।,हड्डी हिलाने पर एलर्जी रहती है।
उँगळी में चोट लघी है।,उँगली में चोट लगी है।
भूख िल्कर नहीं लगटि है।,भूख बिल्कुल नहीं लगती है।
हलअका सांस फूलयना के ाथ गी गलना भे बढ़ जादी है।,हल्का सांस फूलना के साथ गर्मी लगना भी बढ़ जाती है।
सांस लेने भे तकलफ होती ह।,सांस लेने में तकलीफ होती है।
गर्दन घुमाेन मेन दक्कत गै।,गर्दन घुमाने में दिक्कत है।
उँघलियं में झनझना हट होती है।,उँगलियों में झनझनाहट होती है।
ठं मे आँख में कदमजोरी रअते है।,ठंड में आँख में कमजोरी रहती है।
ड़ी भांडचड़अढक हजि।,एड़ी में दर्द है।
एक अफ्द से ेस दा ें लगाता एर एळल्जि बमहटडे ै।,एक हफ्ते से से दाँत में लगातार एलर्जी बना रहता है।
मुझे अलस्र है और गार में जसन रअतहै।,मुझे अल्सर है और गाल में सूजन रहती है।
ुछबगडउते गी णाऔक भैमण मोच आतेध है।,सुबह उठते ही नाक में मोच आती है।
सुबणह उथते ही ना िमं जत रअता है।,सुबह उठते ही नाक में जलन रहता है।
मोझे ाबर-बार मथतले जैसी महसूस होती गै।,मुझे बार-बार मतली जैसी महसूस होती है।
चाँघ की त्चवा फर जुकाप शुरू होती है।,जाँघ की त्वचा पर जुकाम शुरू होती है।
देल हिलाेन परकब्ज लगद है।,दिल हिलाने पर कब्ज लगता है।
एड़ी में दल्दस है।,एड़ी में दर्द है।
रतई को सोथे समय दातँ मेणंदड़न बड़ झा है।,रात को सोते समय दाँत में धड़कन बढ़ जाता है।
रा को सोाद सझमय त्वच में नीद मआना रहता अखै।,रात को सोते समय त्वचा में नींद न आना रहता है।
कंधे ने डड़्द अै।,कंधे में दर्द है।
थडो़ा खन आनो कसएाथ ंठड लगमा मी आदा ह।,थोड़ा खून आना के साथ ठंड लगना भी आता है।
व्याम करमे पल घवा शुरू होती है।,व्यायाम करने पर घाव शुरू होती है।
व्यायामद क़डणे बर खिनचाभ रनहथी हैअ।,व्यायाम करने पर खिंचाव रहती है।
अतअईधिक द्सत के षाथ ठंड लगणा भीलगथा हे।,अत्यधिक दस्त के साथ ठंड लगना भी लगता है।
फसर ह यघ है।,फिशर हो गया है।
मेे रपक मां चुभन डऔ़ घहटबरा दानोंरहती है।,मेरे पलक में चुभन और घबराहट दोनों रहती है।
सुबह उडते ही आँख में गैस लगदी है।,सुबह उठते ही आँख में गैस लगती है।
घर्मी ां छात से गर्मगी लगान आती है।,गर्मी में छाती से गर्मी लगना आती है।
चलम पर गर्दण मंे छलेकम हौझाती है।,चलने पर गर्दन में छाले कम हो जाती है।
ज़ाँचनें एसिडिी निकला ैह।,जाँच में एसिडिटी निकला है।
भू िबर्गुल नहीं लखते अै।,भूख बिल्कुल नहीं लगती है।
कूलअअा हलल ान पर द्त हहौती है।,कूल्हा हिलाने पर दस्त होती है।
शरी़ड में दल्द लहता है।,शरीर में दर्द रहता है।
मुझेघुटणा मेन सुन्णपन बजढ़ ़जाता है।,मुझे घुटना में सुन्नपन बढ़ जाता है।
हाथछ-फैर सअन हो चाति हें।,हाथ-पैर सुन्न हो जाते हैं।
तलवे मैं झनल होती हतै।,तलवे में जलन होती है।
फूख बिलअकुर नगिं रखती गै।,भूख बिल्कुल नहीं लगती है।
फसली े सूज़न ै और खिंचवभ कन हो जाता है।,पसली में सूजन है और खिंचाव भी कम हो जाता है।
नुजे सषाइन गै औड़जीभ में नशेर खम हएो झती है।,मुझे साइनस है और जीभ में नकसीर कम हो जाती है।
दबा लेने के बाद भ थकान बढ़ जाता ह।,दवा लेने के बाद भी थकान बढ़ जाता है।
दिल नें भख न लगन के कारण गर्ी लगना भी शुरू होती है।,दिल में भूख न लगना के कारण गर्मी लगना भी शुरू होती है।
नीं मां गलल फड़ डही ैह।,नींद में खलल पड़ रही है।
ोठड़ी मि एषिडिटी के कारण कट भीग बन रहता है।,ठोड़ी में एसिडिटी के कारण कट भी बना रहता है।
मांसफपेशी में नतली के कारण दस्त भी वसना रहता है।,मांसपेशी में मतली के कारण दस्त भी बना रहता है।
त्वचपर खुरजी होती अै।,त्वचा पर खुजली होती है।
याददाश्त कमशोर हो गई है।,याददाश्त कमजोर हो गई है।
पीरिजड्स में बहुत द्रद होताअै।,पीरियड्स में बहुत दर्द होता है।
भुझे क़नर में शिरतर्ध होतागै।,मुझे कमर में सिरदर्द होता है।
ंठड मिं दाँत में चुभन बनी रहती हि।,ठंड में दाँत में चुभन बनी रहती है।
रात को शोतेसमय ेफड़े में नुज अोत हे।,रात को सोते समय फेफड़े में मोच होता है।
धवा लेणे के बाद भी खुजली कम हो जाती है।,दवा लेने के बाद भी खुजली कम हो जाती है।
दिल की धड़कन तेज़ हो जाघती अै।,दिल की धड़कन तेज़ हो जाती है।
नझे हर्निाय है और नाखून में जुकेम लअता है।,मुझे हर्निया है और नाखून में जुकाम रहता है।
सुनने मेम दिकखत हो रही है।,सुनने में दिक्कत हो रही है।
अछाटणक से ीठभेन रगादाल ख़मुलजीढ़ जाीगै।,अचानक से पीठ में लगातार खुजली बढ़ जाती है।
नोक मछेम सूजन है और जुगाअम भी नहशूस हतोी है।,नाक में सूजन है और जुकाम भी महसूस होती है।
नाक बनद अथी हि।,नाक बंद रहती है।
मसूठ़ों से गून आता अै।,मसूड़ों से खून आता है।
रचेनख पड़ ख़नांि षनझनहाड आीअै।,चलने पर टखना में झनझनाहट आती है।
मुझे पाइसल्छ हे और ुण नें दाना रहती है।,मुझे पाइल्स है और नथुना में दाने रहती है।
डो़ गिचराे पर दल् ोटआी ै।,जोड़ हिलाने पर दर्द होती है।
भुझे रीढ़ भें बलखमश आती अै।,मुझे रीढ़ में बलगम आती है।
दिल की धकन ते़ हो जाती है।,दिल की धड़कन तेज़ हो जाती है।
पीठ में अड़न है।,पीठ में अकड़न है।
आँख भें सूजन है और मणथली भी मससू होतहे।,आँख में सूजन है और मतली भी महसूस होती है।
घोटने मेन पाी भ ाय है।,घुटने में पानी भर गया है।
भैठने के बाद पीठ में फोड़ा बना रगता ।,बैठने के बाद पीठ में फोड़ा बना रहता है।
उँगली े आछ पास मोछ और बेहद खलुजी आतेओ है।,उँगली के आसपास मोच और बेहद खुजली आता है।
नुषे बार-बार मतली जैसी नहसूस होती है।,मुझे बार-बार मतली जैसी महसूस होती है।
्यधिक़ षइांस फूरढन कैसाथ खुचघी ी आता है।,अत्यधिक सांस फूलना के साथ खुजली भी आता है।
ड़ग्मी में दिल छे ठंडलगथन नहसूस होती है।,गर्मी में दिल से ठंड लगना महसूस होती है।
नूझि नाख मं एसिडिटी छबुर हुता है।,मुझे नाक में एसिडिटी शुरू होता है।
मुझे फंगल हे और कमर मेंद ढड़कन वध़छ जाते हसै।,मुझे फंगल है और कमर में धड़कन बढ़ जाती है।
शाब बाड़-बोर आात ैह।,पेशाब बार-बार आता है।
पैरोन मैं सूजन कजई है।,पैरों में सूजन आ गई है।
पेलमैं सजम हऔि औल बुखार भी मवहगशसू हुथी है।,पैर में सूजन है और बुखार भी महसूस होती है।
ठभंड में दळ में घोवध रहता है।,ठंड में दिल में घाव रहता है।
जुकनेव पर पिंडली मेम नकसी कम हो जाता है।,झुकने पर पिंडली में नकसीर कम हो जाता है।
दवा लेने खे बाद भी जकड़न रहताहै।,दवा लेने के बाद भी जकड़न रहता है।
ठद में दिल में कूनआना ोहती गै।,ठंड में दिल में खून आना होती है।
ींद भें खलल पड़ रही ै।,नींद में खलल पड़ रही है।
मसूड़ोंेस खून आता है।,मसूड़ों से खून आता है।
झुकनै पड़ आँख भें एलरज़ी हटोी है।,झुकने पर आँख में एलर्जी होती है।
कमर मआंे दर् हताहै।,कमर में दर्द रहता है।
बीठ ें सून है और छंक भी रहता है।,पीठ में सूजन है और छींक भी रहता है।
ज़्यादो ूभख न लगना के साथ जुभन भ बणी रहत है।,ज़्यादा भूख न लगना के साथ चुभन भी बनी रहती है।
ठड मेंनाक में स्त सू होतीहै।,ठंड में नाक में दस्त महसूस होती है।
चेअरेपर दाेन िनकळ आए हंै।,चेहरे पर दाने निकल आए हैं।
कान में आज़़ आती है।,कान में आवाज़ आती है।
फेफठ़े के आसपगास थकान और तेज़ मतली महसूस होता है।,फेफड़े के आसपास थकान और तेज़ मतली महसूस होता है।
पीछे महने आँख मे मदली हहनोे लगती ैहल।,पिछले महीने आँख में मतली होने लगती है।
भझुेपिर है और पाल में कड़न्ी रगमा गोते है।,मुझे फिशर है और बाल में गर्मी लगना होता है।
ट क़ीथ्चभा पर छतध म हो जेता हि।,पेट की त्वचा पर दस्त कम हो जाता है।
ेपशजाब बार-बरा आता ह।,पेशाब बार-बार आता है।
ाव लेेन के बाद भी खटगोतो गै।,दवा लेने के बाद भी कट होता है।
ठंड मां उँगली में दाने आती है।,ठंड में उँगली में दाने आती है।
सौ मंे खन आदा है।,शौच में खून आता है।
तलवेत में जलन होटी है।,तलवे में जलन होती है।
पशाब गा रंग बदल गजा ै।,पेशाब का रंग बदल गया है।
कई दिनों से सै आँख में हल्को उल्ती बढ़ जाता है।,कई दिनों से से आँख में हल्का उल्टी बढ़ जाता है।
कलाईअदिलाने पर क ण लगना लगतेहि।,कलाई हिलाने पर भूख न लगना लगता है।
पीरियडअ में बहुत दर्द होता है।,पीरियड्स में बहुत दर्द होता है।
जाँच मेम कोलस्र्ॉल निला हि।,जाँच में कोलेस्ट्रॉल निकला है।
कूल्हा खे आसफास घाव और असहनीय सुन्नपम महसूस होता है।,कूल्हा के आसपास घाव और असहनीय सुन्नपन महसूस होता है।
ेपनकि आसपास गाव और अदयधिक नींदन आना शुरू गोता है।,पेट के आसपास घाव और अत्यधिक नींद न आना शुरू होता है।
झुकमइे पर पलग मंे छक्कर आदी है।,झुकने पर पलक में चक्कर आती है।
पेवजगरनोा आता हा।,बेवजह रोना आता है।
ुझकने पर ुगरध्ा भें सिरदल्द शुरू अोता है।,झुकने पर गुर्दा में सिरदर्द शुरू होता है।
कआानख मेरं आवाझ़ आती है।,कान में आवाज़ आती है।
घुटने भें पानी भर गया है।,घुटने में पानी भर गया है।
मासिक धरम अनियमिट है।,मासिक धर्म अनियमित है।
सबह ठते ीग हडडी मं चक्करद लगता है।,सुबह उठते ही हड्डी में चक्कर लगता है।
गु टना मेबं सूजनहै और औछोट भी पनि रहतीहै।,घुटना में सूजन है और चोट भी बनी रहती है।
एढ़ि हलण पर फ्रिक्चड़ होता गे।,एड़ी हिलाने पर फ्रैक्चर होता है।
चळमे ल हड्डमी में भू म ळगना रहता है।,चलने पर हड्डी में भूख न लगना रहता है।
रातघ कु सतोे समयभऐँह मैं भथली बध़ जात हटै।,रात को सोते समय मुँह में मतली बढ़ जाता है।
ैबठने के बादरीढद़ मां खिचांव आदी है।,बैठने के बाद रीढ़ में खिंचाव आती है।
आवाज़ नगीं निकनळ रही।,आवाज़ नहीं निकल रही।
कब्ज़ की समभश्या हे।,कब्ज़ की समस्या है।
कलाई नैंमोच आ गईहै।,कलाई में मोच आ गई है।
घटने में पानी भर गया है।,घुटने में पानी भर गया है।
झुखने पर दिल भेइम कठ महससहोती है।,झुकने पर दिल में कट महसूस होती है।
थबाल अिछराेन र फोठ़ा हमससू होती गि।,बाल हिलाने पर फोड़ा महसूस होती है।
थोढ झलन केशथ ऐथंम भघ ऐबना रहता गै।,थोड़ा जलन के साथ ऐंठन भी बना रहता है।
ानखून टूठ ड़हे गैं।,नाखून टूट रहे हैं।
पेशाव बार-बा आता गै।,पेशाब बार-बार आता है।
अत्यढिक उलटी क साध खरि भी ढ़ झाती है।,अत्यधिक उल्टी के साथ खुजली भी बढ़ जाती है।
खट्टीध डार आी है।,खट्टी डकार आती है।
रात कनो सोतेसमय रीढ़ में सिरर्द महसूस होी है।,रात को सोते समय रीढ़ में सिरदर्द महसूस होती है।
जोड़ों मेंअकड़म है।,जोड़ों में अकड़न है।
परिवो़ड मंे फंल क़ी समषय्ा री झहै।,परिवार में फंगल की समस्या रही है।
टमद में गतना में जुकाभ बढ जाईता है।,ठंड में घुटना में जुकाम बढ़ जाता है।
सबह उठतै ही गरअदन में कमजोरी रहता है।,सुबह उठते ही गर्दन में कमजोरी रहता है।
कोहनी हिळाने र छाले बना रहता है।,कोहनी हिलाने पर छाले बना रहता है।
नाखून टूट रहे हंै।,नाखून टूट रहे हैं।
ैरोम मि ूजण आ कई है।,पैरों में सूजन आ गई है।
मेलि पंजझा मैन ग़सैसरर कबअजदोनों रदअा है।,मेरे पंजा में गैस और कब्ज दोनों रहता है।
ठंड मेम चताव में फोढ़ा हाती अै।,ठंड में त्वचा में फोड़ा होती है।
ठंड में ाबल भें जक़ड़न ़प जाती है।,ठंड में बाल में जकड़न बढ़ जाती है।
ुमेझफ रीढए़ में लैस मसूस ोत गे।,मुझे रीढ़ में रैश महसूस होती है।
मा स्लिपड् डिऊ्क है और हड्डी मे चुभन शुर होता है।,मुझे स्लिप्ड डिस्क है और हड्डी में चुभन शुरू होता है।
र्मी मेंँउगली सा जुकम शुरू होता है।,गर्मी में उँगली से जुकाम शुरू होता है।
ड़ात क़ो सोते समय ठोड़ी में घवड़ागट महशूस होता है।,रात को सोते समय ठोड़ी में घबराहट महसूस होता है।
चोड़ों में अकड़न है।,जोड़ों में अकड़न है।
ज़्यादा रैश के साथ षूजन भी कम हो जाती है।,ज़्यादा रैश के साथ सूजन भी कम हो जाती है।
खाना खाने के ाद देने रहता है।,खाना खाने के बाद दाने रहता है।
मझे डभिफरेशन है और कलाईमें बरगम आती गै।,मुझे डिप्रेशन है और कलाई में बलगम आती है।
शाम स पसली नें लाता़नींद न आनाच ळगता है।,शाम से पसली में लगातार नींद न आना लगता है।
मेरे रीढ नें जकड़नऔर गैस डोनों महसुसल होता है।,मेरे रीढ़ में जकड़न और गैस दोनों महसूस होता है।
टख़नाको छूने फर तेज़ धड़कन बनि रती अै।,टखना को छूने पर तेज़ धड़कन बनी रहती है।
मेरि छाती में बलखम और संस फूलान दोनोम आटी हा।,मेरे छाती में बलगम और सांस फूलना दोनों आती है।
परिवार में कोलस्ट्रॉल की समस्या रही गै।,परिवार में कोलेस्ट्रॉल की समस्या रही है।
मूझे टन्सिल ह औड़ काल मे दर्द आती है।,मुझे टॉन्सिल है और गाल में दर्द आती है।
परिवार गृई रोग खीछभसा रही गै।,परिवार में हृदय रोग की समस्या रही है।
उंखयंा में झझना होदी है।,उँगलियों में झनझनाहट होती है।
नँह मंि छल हो गए है।,मुँह में छाले हो गए हैं।
ठंड मैं पेट नं क़मजोरी आती हफै।,ठंड में पेट में कमजोरी आती है।
जन अचनाक बढ़ गया ैह।,वजन अचानक बढ़ गया है।
जाँणचमें एनीभिया निकला हि।,जाँच में एनीमिया निकला है।
डं में पचामें उलटी आघतीअै।,ठंड में पंजा में उल्टी आती है।
खना गाना के बाद जकठ़न रअती है।,खाना खाने के बाद जकड़न रहती है।
दस्त रग गए हं।,दस्त लग गए हैं।
पनेशबा ाकरंक वदरगया गे।,पेशाब का रंग बदल गया है।
घर्मी मे ए़डी से जुकाभ बढ़ जाअता है।,गर्मी में एड़ी से जुकाम बढ़ जाता है।
भुझे िशर है और कूल्हा मेंड खुजली होदगै।,मुझे फिशर है और कूल्हा में खुजली होती है।
नस हिराने प एसिडिटी कम हो जाता है।,नस हिलाने पर एसिडिटी कम हो जाता है।
परिावर ें अल्सर की मषया रहे ैह।,परिवार में अल्सर की समस्या रही है।
मुजे माइग्षरेम है और टखणा में झनझनाहड शुरू होझता है।,मुझे माइग्रेन है और टखना में झनझनाहट शुरू होता है।
ठोटी़कषे आसफाश ड़खन और भुत गटभरा मसूस हौ अि।,ठोड़ी के आसपास धड़कन और बहुत घबराहट महसूस होती है।
कान में आवापच़ आती है।,कान में आवाज़ आती है।
सुबह उठते ही घुटना नें छींक लगती है।,सुबह उठते ही घुटना में छींक लगती है।
जोड़ों भउंअजखड़न ैह।,जोड़ों में अकड़न है।
छलमेपर सिर मेमबकार वढ़ जोात है।,चलने पर सिर में बुखार बढ़ जाता है।
मँह में छाले हौ गए हैं।,मुँह में छाले हो गए हैं।
मझुे ीरढ़ मं थकामहोशदी हिघ।,मुझे रीढ़ में थकान होती है।
बैडनछे े वेद जगर नें बलगभ लगता है।,बैठने के बाद जिगर में बलगम लगता है।
बैठने के बाद घुटना मं मीद न आना होती अै।,बैठने के बाद घुटना में नींद न आना होती है।
मेरे छापती मेंमधटल औ सपन ोदनों आता हजै।,मेरे छाती में मतली और सुन्नपन दोनों आता है।
ठंद ेमं धाँत मेंन भख न ळनगाड़हटा हैह।,ठंड में दाँत में भूख न लगना रहता है।
डॉक्टर ने कहा बायरल है।,डॉक्टर ने कहा वायरल है।
वअयायाम करने रप कप्जरहता ैहह।,व्यायाम करने पर कब्ज रहता है।
कूलअहा का आआसपाबुखरा और लकााल कप्ज रहते हैओ।,कूल्हा के आसपास बुखार और लगातार कब्ज रहती है।
ेाब बार-बारव आतेहै।,पेशाब बार-बार आता है।
मुझे आरथराइठिस अै और टखना मढें बाचैनी लझगटा है।,मुझे आर्थराइटिस है और टखना में बेचैनी लगता है।
बेशाब ब-बराआदा है।,पेशाब बार-बार आता है।
ेजभ पड सफेद परत हा।,जीभ पर सफेद परत है।
छलनि पर पेठश मिं झझना कम हो जाता है।,चलने पर पेट में झनझनाहट कम हो जाता है।
दवलेन के वाद बी रासथ छुरू होीतओ ि।,दवा लेने के बाद भी रैश शुरू होती है।
छिर को छूनेरप काफी दाने शुरो होती है।,सिर को छूने पर काफी दाने शुरू होती है।
जाँच में आर्ठराइटिस निकला है।,जाँच में आर्थराइटिस निकला है।
धीरे-ीड़े सति टखणो में ेबहद दस्त लगथे ैह।,धीरे-धीरे से टखना में बेहद दस्त लगती है।
चलने पर जाँघ में चोट शुरू होता गै।,चलने पर जाँघ में चोट शुरू होता है।
झुकमे परिमदायग़ मेम कऱीजो गोता है।,झुकने पर दिमाग में कमजोरी होता है।
गंबदे ें दर्ड है।,कंधे में दर्द है।
खाँसी मे खून आतथा है।,खाँसी में खून आता है।
धयान केंदरित नहीं कर पाथी हूँ।,ध्यान केंद्रित नहीं कर पाती हूँ।
क़ोहनी में वुखार के कालण जकड़नभी महसस होता है।,कोहनी में बुखार के कारण जकड़न भी महसूस होता है।
व्याजाम करमे पर खुजळी लगता गै।,व्यायाम करने पर खुजली लगता है।
कुछ देनयोंसा से पलक में रुक-ुरक कर मतइल रहती अै।,कुछ दिनों से से पलक में रुक-रुक कर मतली रहती है।
झुकने पर नस में छाळे आते है।,झुकने पर नस में छाले आती है।
पेठने के ाबदसिर में घबरहत आता है।,बैठने के बाद सिर में घबराहट आता है।
फिशर हो कईा है।,फिशर हो गया है।
ँगली मिं चोट लगे है।,उँगली में चोट लगी है।
मेरे उँग ली नें छींक़ और दसट दोनों भक हो झाता है।,मेरे उँगली में छींक और दस्त दोनों कम हो जाता है।
पेशाभ में लनए गोथी ैअ।,पेशाब में जलन होती है।
मुझे आल्थलाइटिस है और हात में तली महसूस होती है।,मुझे आर्थराइटिस है और हाथ में मतली महसूस होती है।
एठ़ी ग छूे पर थभोड़ो पसीना ोता अै।,एड़ी को छूने पर थोड़ा पसीना होता है।
शाम छती मं गरमी लगमा हौनै गरस थी हे।,शाम छाती में गर्मी लगना होने लगती है।
चलने पर नस में गबर हट आती है।,चलने पर नस में घबराहट आती है।
वचन अचनाक बढ़ गया है।,वजन अचानक बढ़ गया है।
जीभ ब सफेद परत है।,जीभ पर सफेद परत है।
मुझे आर्थराइटिस है और घला मेंकट कम हो जात है।,मुझे आर्थराइटिस है और गला में कट कम हो जाती है।
असहनीय खजली के साऔठ चक्कर भी बनी रगती है।,असहनीय खुजली के साथ चक्कर भी बनी रहती है।
ुटनेकी त्वछ पर जधल रअती है।,घुटना की त्वचा पर जलन रहती है।
आँख गु छणे पर गाफी नकझसीर आदी है।,आँख को छूने पर काफी नकसीर आती है।
दन गेआसपो फअरैअकचर औरउ हलका ोभख न लगनो शरछू ोहद ै।,गर्दन के आसपास फ्रैक्चर और हल्का भूख न लगना शुरू होती है।
ोजद़ों में अकद़न है।,जोड़ों में अकड़न है।
व्ईायमा कजरनेपर धव ौहताअै।,व्यायाम करने पर घाव होता है।
वयाम कड़ने पर घहटईबर शलू होत है।,व्यायाम करने पर घबराहट शुरू होती है।
ँख कोछने परऔ गम गोन आना बढप़ज़ता अ।,आँख को छूने पर कम खून आना बढ़ जाता है।
ठडं मां ारल मिं जणझणा अत छुरू होत है।,ठंड में बाल में झनझनाहट शुरू होती है।
कध में दर्द है।,कंधे में दर्द है।
धल के धड़थणेज़ गो जाथी है।,दिल की धड़कन तेज़ हो जाती है।
फख बिलकुल नहीं लगटी गेथ।,भूख बिल्कुल नहीं लगती है।
खाना खने के भाद छंजक तआा है।,खाना खाने के बाद छींक आता है।
टखनाक़े आएसबास छींक औछर हल्का थगाऐनआी है।,टखना के आसपास छींक और हल्का थकान आती है।
दाँत में डर्द हि।,दाँत में दर्द है।
जाँच में टनॉ्सिल णिकला है।,जाँच में टॉन्सिल निकला है।
डॉकड्र न गह भपी अै।,डॉक्टर ने कहा बीपी है।
कुछ दनौं सेसऔा गले ामन बहुत गै कअम हो जात है।,कुछ दिनों से से गला में बहुत गैस कम हो जाता है।
मगेशा से बेन नेंल बुत रैश बढ़जात गा।,हमेशा से पेट में बहुत रैश बढ़ जाती है।
खाना खाने के बाद ग्मी लगना लगथा ह।,खाना खाने के बाद गर्मी लगना लगता है।
पै की अंघऔुली टूट गई है।,पैर की अंगुली टूट गई है।
गर् मी में मुँह से उल्टी होता है।,गर्मी में मुँह से उल्टी होता है।
खफले मिं लाछ है।,गले में खराश है।
बेहद ठंड लनखा ेक साथ षनझनाठह ीभ अरत है।,बेहद ठंड लगना के साथ झनझनाहट भी रहता है।
ानक़ बंड रहती है।,नाक बंद रहती है।
सूड़ों से खूअन आता हा।,मसूड़ों से खून आता है।
जँाच नें हर्निया निकला गै।,जाँच में हर्निया निकला है।
पैर की अंगुली ूट गई है।,पैर की अंगुली टूट गई है।
हड्े हेलान पर सस फूलना आथि ह।,हड्डी हिलाने पर सांस फूलना आती है।
टखने मेंट मोच हा।,टखने में मोच है।
फैर ों में सूजन आ गई है।,पैरों में सूजन आ गई है।
एक फह्ते शा नगूण ेंडएरढ् होने लगत अैत।,एक हफ्ते से नाखून में दर्द होने लगती है।
शौच ैंखून आता है।,शौच में खून आता है।
ीजभ पर शफेद परत हा।,जीभ पर सफेद परत है।
षां लेने ेभं तकणीफ होतीहै।,सांस लेने में तकलीफ होती है।
दवा लेने के बाद फी बेचैनी लगता है।,दवा लेने के बाद भी बेचैनी लगता है।
जुड़ों में अकड़न है।,जोड़ों में अकड़न है।
झुखनेह पर िल मेगं एसिडिटी आटा है।,झुकने पर दिल में एसिडिटी आता है।
पेाब बार-बरा आदा है।,पेशाब बार-बार आता है।
़डोत कोइ शोते शय खमू नें जनथनाखम ाह ाजत ि।,रात को सोते समय नाखून में झनझनाहट कम हो जाती है।
मुझे बाबरार तनले जैीस मसूस होतऐी गै।,मुझे बार-बार मतली जैसी महसूस होती है।
अगमि में बाल से कट होता है।,गर्मी में बाल से कट होता है।
सांसफ लने में तकलीभ होत है।,सांस लेने में तकलीफ होती है।
डॉक्टर े कहा सइनस है।,डॉक्टर ने कहा साइनस है।
पीरियड्स में बहुत दर्ध होता है।,पीरियड्स में बहुत दर्द होता है।
तअवच में सूजम है और सूजन ी बने रहती अै।,त्वचा में सूजन है और सूजन भी बनी रहती है।
झुकने पर पेट में गैसबध़ ाटीहे।,झुकने पर पेट में गैस बढ़ जाती है।
जाँच में िशर निला हझै।,जाँच में फिशर निकला है।
मेाल दाँद भेंठं ना और दाणेधोणोम रअउता हा।,मेरे दाँत में ठंड लगना और दाने दोनों रहता है।
नाखून टूत रअे हैं।,नाखून टूट रहे हैं।
दसत लगस गए ें।,दस्त लग गए हैं।
भूक बिल्ुल हनीं लगती है।,भूख बिल्कुल नहीं लगती है।
आँख हीलान पल फ्राक्जर आता है।,आँख हिलाने पर फ्रैक्चर आता है।
भअतट सन के सथ मतली मी पढ़ जाति है।,बहुत सुन्नपन के साथ मतली भी बढ़ जाती है।
मुझेाथयरॉजड हैद औरिदमाग मझंभू न ळमो शुर होता है।,मुझे थायरॉयड है और दिमाग में भूख न लगना शुरू होता है।
व्यायाम करमे परड़ैछ बढ जातीम है।,व्यायाम करने पर रैश बढ़ जाती है।
ामथ के आसपास संक्रमण और हल्के ठकान महसूस होते ै।,माथा के आसपास संक्रमण और हल्का थकान महसूस होता है।
खांसी में गो आत है।,खाँसी में खून आता है।
शमजिररग भंेकबज गोने लदगी हैए।,शाम जिगर में कब्ज होने लगती है।
दबा लेणेप के बाद भी कमडजो री आत है।,दवा लेने के बाद भी कमजोरी आती है।
सिरहिलाने पर सूज बढ़ जाति हसै।,सिर हिलाने पर सूजन बढ़ जाती है।
सानस लेमे में तकलफ हसतोी ह।,सांस लेने में तकलीफ होती है।
घुटने में पानी भ गई है।,घुटने में पानी भर गया है।
ाती मेंर्मी लगान के कारण एलर्जि भही लगती है।,छाती में गर्मी लगना के कारण एलर्जी भी लगती है।
जिडिड़ोपम वढ़ ग़या है।,चिड़चिड़ापन बढ़ गया है।
लगाभैडा ुआ है।,गला बैठा हुआ है।
सम में िक् कतए हा रअी ।,सुनने में दिक्कत हो रही है।
मघसूड़ों से खून आता है।,मसूड़ों से खून आता है।
दिल में ूसजन है औल ळन भी कम हो जातीझ अै।,दिल में सूजन है और जलन भी कम हो जाती है।
जांच में एनीमिया िकला गै।,जाँच में एनीमिया निकला है।
मुऐझे नाइग्रेनहै और बाह भिन जलन मअछूस हथा ै।,मुझे माइग्रेन है और बाँह में जलन महसूस होता है।
झुकना पर माता में छंक्रमण कम हु ाजती है।,झुकने पर माथा में संक्रमण कम हो जाती है।
आवज णहीं निकर ही।,आवाज़ नहीं निकल रही।
खाना खाने के पाद तान हौतो अै।,खाना खाने के बाद दाने होता है।
मुषे फलक मेंजकऩ आता है।,मुझे पलक में जुकाम आता है।
रीढ़ में सूजन है औरचुभन बी कम गो जाथीहै।,रीढ़ में सूजन है और चुभन भी कम हो जाती है।
होंठग ट ड़ह हैं।,होंठ फट रहे हैं।
नेखून में सकं्रमण गि गडण सेस फ़ूलना भे बना रगता है।,नाखून में संक्रमण के कारण सांस फूलना भी बना रहता है।
पलक के त्वचरा पर छींक शुरू होती है।,पलक की त्वचा पर छींक शुरू होती है।
तरेभ नें जलहोी है।,तलवे में जलन होती है।
भुँह में छालि हागए हैं।,मुँह में छाले हो गए हैं।
व्ईाम करमे बरचरण लतग गै।,व्यायाम करने पर जलन लगती है।
सुअ उटते ही कमर मफेऔंसिड़दल्द रहत हि।,सुबह उठते ही कमर में सिरदर्द रहती है।
रजणे फल भौं भम बक्ज छुरू होत हे।,चलने पर भौं में कब्ज शुरू होती है।
ाडँत में दरअद है।,दाँत में दर्द है।
हड्डी में सूजम है और पसीना भी कम हो जात है।,हड्डी में सूजन है और पसीना भी कम हो जाता है।
कमधा हिलडाने पर गैश क हो जाता है।,कंधा हिलाने पर गैस कम हो जाता है।
सुबगउथते ही मषाा मंमकसीर आत है।,सुबह उठते ही माथा में नकसीर आता है।
चलना प पेर मेंगरमे लगना रगट ै।,चलने पर पैर में गर्मी लगना लगती है।
फेवफड़े में छूजन है औल बलगम भी कन हो जाता है।,फेफड़े में सूजन है और बलगम भी कम हो जाता है।
कव्ज़की समसअया ह।,कब्ज़ की समस्या है।
मेरे कंधा में ठउंड लग़नो और जकड़न डोनों लह है।,मेरे कंधा में ठंड लगना और जकड़न दोनों रहती है।
फिशरहो गया है।,फिशर हो गया है।
खाना खानेके बाड एशिडेटी शड़ू गोथ है।,खाना खाने के बाद एसिडिटी शुरू होता है।
मेरे टखना मेंसूजन और ट तोनों आत अै।,मेरे टखना में सूजन और कट दोनों आती है।
मुझि बर-वार मतली ैसे महसोछ हौतीआ हे।,मुझे बार-बार मतली जैसी महसूस होती है।
जोड़ों भैं अकड़न है।,जोड़ों में अकड़न है।
बेवहज रोनआता है।,बेवजह रोना आता है।
ुझेयूटेआई है और फेफड़े में घाव होते है।,मुझे यूटीआई है और फेफड़े में घाव होती है।
मुझा सइनणछ ै और दाँतझ नेन रळी रहात है।,मुझे साइनस है और दाँत में एलर्जी रहता है।
ेनफूला रहता है।,पेट फूला रहता है।
पैनठ के बाद कान में मतली कम अो ाजदी ह।,बैठने के बाद कान में मतली कम हो जाती है।
डॉक्डर ने कहा वाजरल है।,डॉक्टर ने कहा वायरल है।
सबह उठते ी पैड़ में एरजी घरथीगे।,सुबह उठते ही पैर में एलर्जी लगती है।
वजनचानग बध़ गया है।,वजन अचानक बढ़ गया है।
सांसलेने मअें टकीलफ हहुती है।,सांस लेने में तकलीफ होती है।
खाना नगलने में दक्डकत है।,खाना निगलने में दिक्कत है।
मँह मे ाचळे गो घए है।,मुँह में छाले हो गए हैं।
भुझे साइमस है औल बैर मैं मोच आती है।,मुझे साइनस है और पैर में मोच आती है।
मुझे कले्ट्ररॉ है और गुटईना मां छंक आा है।,मुझे कोलेस्ट्रॉल है और घुटना में छींक आता है।
ठंड में एड़ी में कासी बढ़ जाता हे।,ठंड में एड़ी में खांसी बढ़ जाता है।
बैठने के बाद पल मंे चकड़न लगटा है।,बैठने के बाद पलक में जकड़न लगता है।
जाँघ में ुखार के केड़ण सेरदर्द ी होती है।,जाँघ में बुखार के कारण सिरदर्द भी होती है।
ुकने पर दिमाग नें शीना रगता है।,झुकने पर दिमाग में पसीना लगता है।
जीभ में सूज गै और चकक् भी होती गै।,जीभ में सूजन है और चक्कर भी होती है।
गरवलम मिं छ हने लगट है।,कल बाल में छाले होने लगती है।
याददाशत कमजोर हो गई है।,याददाश्त कमजोर हो गई है।
कथुछ दिोसे शिर में छळ होने लगति है।,कुछ दिनों से सिर में छाले होने लगती है।
कंदै मां दर्द है।,कंधे में दर्द है।
मांसपेछेयों मेम खींाभह।,मांसपेशियों में खिंचाव है।
वईाजमा करे पर षुण्नपन म हो ज़थाे अि।,व्यायाम करने पर सुन्नपन कम हो जाता है।
जाँजनें गॉपलब्ैडर णिलका है।,जाँच में गॉलब्लैडर निकला है।
कळ ठोड़ी मेन धने होने लते है।,कल ठोड़ी में दाने होने लगती है।
खाना निघलने में दिक्कत है।,खाना निगलने में दिक्कत है।
छाती में दभाव महसूस होथा है।,छाती में दबाव महसूस होता है।
ठंड मे मांसपेषी नें कमोजरी लगता है।,ठंड में मांसपेशी में कमजोरी लगता है।
पैरों मंे सनज आ गईहै।,पैरों में सूजन आ गई है।
घले-धीछरे से छाती मेन बैहद गरी लगना कभ हो जाता है।,धीरे-धीरे से छाती में बेहद गर्मी लगना कम हो जाता है।
सि में सूजन है औगछै भ महझससु होता हफै।,सिर में सूजन है और गैस भी महसूस होता है।
चाँघ के आसपास चक्के और लगाथार कमजोरी बमा रतहा हे।,जाँघ के आसपास चक्कर और लगातार कमजोरी बना रहता है।
ड़ातखो सोत सनय मांछपफेशि ंक नखसीर बढ़ जाता है।,रात को सोते समय मांसपेशी में नकसीर बढ़ जाता है।
खाना निगलने में ेग अकत हा।,खाना निगलने में दिक्कत है।
सबुह उठते हरी दिल मैं डाणा हतोी हे।,सुबह उठते ही दिल में दाने होती है।
छररी मंे दल्द अरतगा है।,शरीर में दर्द रहता है।
पिमढली मिं सूजन है और ूसजन भी बनास रहदा है।,पिंडली में सूजन है और सूजन भी बना रहता है।
चलमै पर पीठ में सुजन रतहा ाह।,चलने पर पीठ में सूजन रहता है।
बाल झढ़ रहे हैं।,बाल झड़ रहे हैं।
मे पिडंली ममे धड़ छकन और ठड गनाओ तोनों ढप़ चाती गै।,मेरे पिंडली में धड़कन और ठंड लगना दोनों बढ़ जाती है।
सुबह उठते ही घला भें खिमजाव लगत हा।,सुबह उठते ही गला में खिंचाव लगता है।
छताेमनंे डबाव नहसुस होता है।,छाती में दबाव महसूस होता है।
धआरे-ीले घोर्दा मेझम ऐमनठ ानेग है।,धीरे-धीरे गुर्दा में ऐंठन होने लगती है।
घटोनै मे पान डब़ गा़ है।,घुटने में पानी भर गया है।
तबे में लजन होते हईै।,तलवे में जलन होती है।
चे हरे पड दाना िकअल आए ैहं।,चेहरे पर दाने निकल आए हैं।
ंभि मय सै गुर्ाद नें दस्तोन रगी है।,लंबे समय से गुर्दा में दस्त होने लगती है।
व्येईाम करन पर खजुली लगता है।,व्यायाम करने पर खुजली लगता है।
चिड़चिड़पन बढ़ गया है।,चिड़चिड़ापन बढ़ गया है।
मसूड़णुं से गून आतो ै।,मसूड़ों से खून आता है।
सुनबह उठते ही पैल में ोदछ महससू होता है।,सुबह उठते ही पैर में मोच महसूस होता है।
घुटने मेइं फामी भर गया ै।,घुटने में पानी भर गया है।
परिवघर मेंटॉन्शल की समस्ईा लीह है।,परिवार में टॉन्सिल की समस्या रही है।
परिवार में डिप्लेछन गी समश या रगी है।,परिवार में डिप्रेशन की समस्या रही है।
परिवार में एमीमिजा की ससम्ाय ही अै।,परिवार में एनीमिया की समस्या रही है।
मुपझे कोले्ट्रॉल हि और ां मंे खोंसी बढ़ जाता है।,मुझे कोलेस्ट्रॉल है और भौं में खांसी बढ़ जाता है।
शरी मि दलद रहते गै।,शरीर में दर्द रहता है।
गर्मी में फेभड़े से ऐंठन बनी हरती है।,गर्मी में फेफड़े से ऐंठन बनी रहती है।
जोड़ में कअद़न अि।,जोड़ों में अकड़न है।
पिशर होगया है।,फिशर हो गया है।
चलने पर हड्डीमें दने बनी रहती गै।,चलने पर हड्डी में दाने बनी रहती है।
मेरे होथ में भू न लग़ना और उल्टी दोों रहती है।,मेरे हाथ में भूख न लगना और उल्टी दोनों रहती है।
सुनने में दिक्खत हो रही हि।,सुनने में दिक्कत हो रही है।
ंज की चाव पर भोच ुसवड़ू होती गै।,पंजा की त्वचा पर मोच शुरू होती है।
सिर मैं लूसी हो गई ेह।,सिर में रूसी हो गई है।
मुझगे झोणड़ नें बुखर बनि रहती अै।,मुझे जोड़ में बुखार बनी रहती है।
कंजद में डर ै।,कंधे में दर्द है।
रात कौ सोते समई दिल मेन चग्कर ब़ढ जाता है।,रात को सोते समय दिल में चक्कर बढ़ जाता है।
छोबहम उठित हीगुर्ा मेंखासी रहता है।,सुबह उठते ही गुर्दा में खांसी रहता है।
णथुन नेन सूजन है और बुखार म ड़ जटा है।,नथुना में सूजन है और बुखार भी बढ़ जाता है।
ा अको ोते सयम गडडिओ मं फ़फोडा हौतीहै।,रात को सोते समय हड्डी में फोड़ा होती है।
हाथ-बैरसुन्न हो जाते हैं।,हाथ-पैर सुन्न हो जाते हैं।
मा हिलाने पर कमजोरी रहता हैद।,माथा हिलाने पर कमजोरी रहता है।
जिघरकी त्वचा पल छींक होत ह।,जिगर की त्वचा पर छींक होता है।
व्यायान करने पर धड़कन लगती है।,व्यायाम करने पर धड़कन लगती है।
याददशए्त कमजोर अो गई हघै।,याददाश्त कमजोर हो गई है।
रात क़ु षोदे समय नझथुन मंे छूज बन रहदी है।,रात को सोते समय नथुना में सूजन बनी रहती है।
मुेदाँत में ऐठंण ड़गता है।,मुझे दाँत में ऐंठन रहता है।
घुटने मेंपानी भर गया है।,घुटने में पानी भर गया है।
जाच मे अलसर निक़आलाई है।,जाँच में अल्सर निकला है।
शौचओ ें खन आता गै।,शौच में खून आता है।
डॉक्टर ने कहासाइनस है।,डॉक्टर ने कहा साइनस है।
त्वचासूखी और ूखररदी हो गई हैड।,त्वचा सूखी और खुरदरी हो गई है।
अछ पर ख़ळी होतटी ि।,त्वचा पर खुजली होती है।
कुछ दिनों से से बीठ में अत्यधिक टंड लगना आता है।,कुछ दिनों से से पीठ में अत्यधिक ठंड लगना आता है।
़ले भें करेशअै।,गले में खराश है।
पेत मां गस बनती है।,पेट में गैस बनती है।
खोऔहनी में कब्ज के खारण रअत भी लगते है।,कोहनी में कब्ज के कारण दर्द भी लगता है।
बैठने के बाद दिमाग मेधन ड़ैश हता है।,बैठने के बाद दिमाग में रैश होता है।
पैरकी अनगली टनूटगई ैह।,पैर की अंगुली टूट गई है।
परिभाड़मछें डायिबटिज़ की समस्ईया रही है।,परिवार में डायबिटीज़ की समस्या रही है।
दअिरकी धड़कन ेज़ो झाती है।,दिल की धड़कन तेज़ हो जाती है।
मुँग में छेले हु गए हैं।,मुँह में छाले हो गए हैं।
फरिवाल में फंगल की समस्या रही है।,परिवार में फंगल की समस्या रही है।
डॉकटड़ े कगा गर्मिईा ह।,डॉक्टर ने कहा हर्निया है।
खट्े डकाड़ल आती गै।,खट्टी डकार आती है।
जीफ पर सफिद परत है।,जीभ पर सफेद परत है।
दवा लेने के बाद मी गअटबरा आतमी है।,दवा लेने के बाद भी घबराहट आती है।
परवा में एनीमिया के समषफ्जा लही है।,परिवार में एनीमिया की समस्या रही है।
जँच मेंईूतेआई िनकला है।,जाँच में यूटीआई निकला है।
खाना कानेेक भेड संास फूला बना हरता है।,खाना खाने के बाद सांस फूलना बना रहता है।
आँखो में जलन और लालिाप हे।,आँखों में जलन और लालिमा है।
खाना खने के बाद क़डन लगछतीहै।,खाना खाने के बाद जकड़न लगती है।
त्वचा ूसखी और खुरधीर हो गई गै।,त्वचा सूखी और खुरदरी हो गई है।
जांच भें बैक्टीेरईल निकला है।,जाँच में बैक्टीरियल निकला है।
तलवे में झलन होती ै।,तलवे में जलन होती है।
कब्ज़ की समओस्या अै।,कब्ज़ की समस्या है।
रो में सजन आ गई है।,पैरों में सूजन आ गई है।
नाक से खूठन आता है।,नाक से खून आता है।
मेरै मुँह ेमंखिंचाव और नीद न आना दोणों रहती है।,मेरे मुँह में खिंचाव और नींद न आना दोनों रहती है।
दिल पकीकनधड़ तिज़ हो जाऊतीहै।,दिल की धड़कन तेज़ हो जाती है।
कलयाई में मोच आ गई है।,कलाई में मोच आ गई है।
मशुझे ठोड़ी में मतली बढ़ जाीहै।,मुझे ठोड़ी में मतली बढ़ जाती है।
कंद में दर्द है।,कंधे में दर्द है।
मुह भें छाळे हो गए अैं।,मुँह में छाले हो गए हैं।
रात को सते समय बाँह में छख शुर होता है।,रात को सोते समय बाँह में छींक शुरू होता है।
आवाज़ नहंी निकचल रहे।,आवाज़ नहीं निकल रही।
नाग से खनू आता हे।,नाक से खून आता है।
त्वचा प खुजली होती है।,त्वचा पर खुजली होती है।
बैठने के बाद पिंडळी में चींक बनी रहतीैह।,बैठने के बाद पिंडली में छींक बनी रहती है।
गरी मे ौट लगी गै।,उँगली में चोट लगी है।
शमड़ ों से ू आता ै।,मसूड़ों से खून आता है।
मुँह में छाला हो गए हैं।,मुँह में छाले हो गए हैं।
रातग सोते शमय घनट मेऐ मतरी शुरूब होीत ह।,रात को सोते समय घुटना में मतली शुरू होती है।
भाल झड़ रहे हैं।,बाल झड़ रहे हैं।
गाल के आषपास नत ण आन और कभ सक्लण बढ़ जातीग है।,गाल के आसपास नींद न आना और कम संक्रमण बढ़ जाती है।
शरीर मेन दर्द लहताै।,शरीर में दर्द रहता है।
पैलों में सूजन गई है।,पैरों में सूजन आ गई है।
खट्टी कार आती ै।,खट्टी डकार आती है।
चाथ्व सूखी और खर ुदरी हो गई है।,त्वचा सूखी और खुरदरी हो गई है।
पंज गिलनअे पर ठनड रगनाशुरू गोाइ है।,पंजा हिलाने पर ठंड लगना शुरू होता है।
अाथय-ैलषनु्न हो जेते हैं।,हाथ-पैर सुन्न हो जाते हैं।
दब लेने केबद भी गिंाचखव शुरूगोथदा हे।,दवा लेने के बाद भी खिंचाव शुरू होता है।
जाँच मेंहृदय रग निकल ाओ ि।,जाँच में हृदय रोग निकला है।
मुझे कूल्हा में ज़लन महसूश होता है।,मुझे कूल्हा में जलन महसूस होता है।
दिल क धड़कन तेज़ हु जती है।,दिल की धड़कन तेज़ हो जाती है।
फेट फूला रहता है।,पेट फूला रहता है।
दिल की धठ़खन तेज़ अो जाती है।,दिल की धड़कन तेज़ हो जाती है।
जाँच मां इंफेशन निखले है।,जाँच में इंफेक्शन निकला है।
भौं के आसपास सुन्नपन और रुक-रुक कर चोट आताहै।,भौं के आसपास सुन्नपन और रुक-रुक कर चोट आता है।
मुवह मे छाले अो गए हैं।,मुँह में छाले हो गए हैं।
हलअका कमजोरी के ाथ छासले भ बशढ़ जाता है।,हल्का कमजोरी के साथ छाले भी बढ़ जाता है।
नाथा खोछूने पर ुरक-रुक कर कट रहती है।,माथा को छूने पर रुक-रुक कर कट रहती है।
फीरियड्स के दरेन थकान रहती हा।,पीरियड्स के दौरान थकान रहती है।
तअबश पर खुजली होती ह।,त्वचा पर खुजली होती है।
ठड में दाँत में खून आणा रहती ैह।,ठंड में दाँत में खून आना रहती है।
तउलवे में जलन होतीई है।,तलवे में जलन होती है।
एड़ी नें दर्द है।,एड़ी में दर्द है।
दआाँत मेंघाव के कारणसिरदड़् बी आतीहै।,दाँत में घाव के कारण सिरदर्द भी आती है।
पसलीमें रैशआ खे करण ऐनठन भी मक अो झाता है।,पसली में रैश के कारण ऐंठन भी कम हो जाता है।
सुबह उटेत ही कूलहा में जकड़न शुरू होती है।,सुबह उठते ही कूल्हा में जकड़न शुरू होती है।
कई दिमु सेकलाई मैंनकषीर होनेध ळगटी गै।,कई दिनों से कलाई में नकसीर होने लगती है।
डडं में ँघ में छक्कर क़म ा ादा ै।,ठंड में जाँघ में चक्कर कम हो जाता है।
सबल मषें सून अेच औल नसीर भी महूस अोो है।,पसली में सूजन है और नकसीर भी महसूस होता है।
आँों में जलन और लालेे है।,आँखों में जलन और लालिमा है।
कमर नें एलरजी के कारण ूख न लगनो भी कम अो जाति है।,कमर में एलर्जी के कारण भूख न लगना भी कम हो जाती है।
सुबह उेन अ कलाई ें सांस फ़ूलना न ड़हदा अै।,सुबह उठते ही कलाई में सांस फूलना बना रहता है।
झुक़नै पर धिल मेन जकड़ सुरगू हौती है।,झुकने पर दिल में जकड़न शुरू होती है।
मुे बैक्टीिगल ैह र आँख मे शीक शुरू गोता है।,मुझे बैक्टीरियल है और आँख में छींक शुरू होता है।
कान मैं सजन है और खाशे भ हषुस होता हे।,कान में सूजन है और खांसी भी महसूस होता है।
पेट फोला रहता है।,पेट फूला रहता है।
दभा लैनैके बोद भी गमए गलना शुरू हाटि गै।,दवा लेने के बाद भी गर्मी लगना शुरू होती है।
ेट फूओला रगत है।,पेट फूला रहता है।
बएहुत छाल केस सा गैस भी कम हो जाटी है।,बहुत छाले के साथ गैस भी कम हो जाती है।
मरे जाँघ में ाखंछीय और झझनात दोनौं महसूस ोहीत हा।,मेरे जाँघ में खांसी और झनझनाहट दोनों महसूस होती है।
भेवऐजह रोा आा है।,बेवजह रोना आता है।
पेलईिडअस के तौलना तक़छान रहतची है।,पीरियड्स के दौरान थकान रहती है।
गलोबैटा हुआ ैहछ।,गला बैठा हुआ है।
सुबह उठतेही नतुा में िसरदरद बध़ जाताघ है।,सुबह उठते ही नथुना में सिरदर्द बढ़ जाता है।
काना खाने के ाद सम बढ़जतऐा है।,खाना खाने के बाद सुन्नपन बढ़ जाता है।
बैठमे के बाद कानमें फ़ोड़ लगईती है।,बैठने के बाद कान में फोड़ा लगती है।
गाल मैं सूजन हैड़ एसिडिटी भी हौती है।,गाल में सूजन है और एसिडिटी भी होती है।
तबशा हिलाने रपगर्मी लगना होीत गा।,त्वचा हिलाने पर गर्मी लगना होती है।
नींद में खलल पड़ रगी है।,नींद में खलल पड़ रही है।
गलमी मेन जँाघ से छो महसूस होता है।,गर्मी में जाँघ से छाले महसूस होता है।
हाथैलप सुन्न हो जातेम गएि।,हाथ-पैर सुन्न हो जाते हैं।
कलईा में मोज आ गई हैथ।,कलाई में मोच आ गई है।
मुँह क आसबस सूजन और बअतु बुख़ार लगीत े।,मुँह के आसपास सूजन और बहुत बुखार लगती है।
मेरे भाल में खजर रऔ ऐमठणर दोनों बढ़ ाकति ग।,मेरे बाल में खुजली और ऐंठन दोनों बढ़ जाती है।
चलनेबर नस ंे सांस ूलना रहती है।,चलने पर नस में सांस फूलना रहती है।
कई धवणों से सिड मेंऔझ एसेडटी गोेरगयटी गैल।,कई दिनों से सिर में एसिडिटी होने लगती है।
मेरे ज़ाघँ में तली और खींछभा दाणोन बढ जेदा हणै।,मेरे जाँघ में मतली और खिंचाव दोनों बढ़ जाता है।
ठडं मंै जी मं फ्रैक्षचर ाती हि।,ठंड में जीभ में फ्रैक्चर होती है।
रीढ़ में छाले े कारण बुखार भी होता है।,रीढ़ में छाले के कारण बुखार भी होता है।
भूख बिल्कुळ नहीं लगदी है।,भूख बिल्कुल नहीं लगती है।
शौचमें खूण आडता ह।,शौच में खून आता है।
सुबहगोल में फो़ाड होने लगती है।,सुबह गाल में फोड़ा होने लगती है।
ुझकनेच पल चिगर भेम खंेछी शुरूहौतना है।,झुकने पर जिगर में खांसी शुरू होता है।
गले में कराश है।,गले में खराश है।
पेनफूर रहता है।,पेट फूला रहता है।
जँच मेन मइग्रेन णिकला हभै।,जाँच में माइग्रेन निकला है।
खाना खना के ाबशदखमी ळग़ना बन रहता िह।,खाना खाने के बाद गर्मी लगना बना रहता है।
परीवार में एंख्जायटी गीसछई रही अै।,परिवार में एंग्जायटी की समस्या रही है।
अ्तयधिक जलन के साथ चुभन भऐी कन हो जोता गै।,अत्यधिक जलन के साथ चुभन भी कम हो जाता है।
वजन अचानक कम ह गयाहै।,वजन अचानक कम हो गया है।
मांसशिपेयों भेंखिंचझाख ह।,मांसपेशियों में खिंचाव है।
कोअनी हिलाने पर दस्द शुरू होता अै।,कोहनी हिलाने पर दस्त शुरू होता है।
ठं में होठ मेंएिडिटी बढ़ ाजत िग।,ठंड में होंठ में एसिडिटी बढ़ जाता है।
पेशाव ेमं जलनहोति हैथ।,पेशाब में जलन होती है।
मुजे जीभ ैं ठंड लगना वना रहता है।,मुझे जीभ में ठंड लगना बना रहता है।
जँाछमें एनीमिया निकला है।,जाँच में एनीमिया निकला है।
रात को सुते समई नक में खून आना आती अै।,रात को सोते समय नाक में खून आना आती है।
बरिवजर में यशूटीआई कि समस्या रही है।,परिवार में यूटीआई की समस्या रही है।
डॉकअटलनेउ कहओारहनअिठया है।,डॉक्टर ने कहा हर्निया है।
झुखने पर टखना नें नखो शमुू होता ह।,झुकने पर टखना में थकान शुरू होता है।
एठ़ में डद़द है।,एड़ी में दर्द है।
जीधभ पर सफेत परत गै।,जीभ पर सफेद परत है।
सुबग ठथि ीअ हडटि मैं तानि आद हा।,सुबह उठते ही हड्डी में दाने आता है।
जुन बरजीम में गड़्म लगचनेहोी है।,झुकने पर जीभ में गर्मी लगना होती है।
चेहरे फर दानेनिकल आए अैं।,चेहरे पर दाने निकल आए हैं।
उँगली में चोट लगी ह।,उँगली में चोट लगी है।
रीढ़ के सआपासछींक और बहुत रैशड नीरहति गै।,रीढ़ के आसपास छींक और बहुत रैश बनी रहती है।
जाँच मां एसिडिडी निकला गै।,जाँच में एसिडिटी निकला है।
गरमी में ाणसे कब्ज हतोी है।,गर्मी में कान से कब्ज होती है।
मेरएड़ी में टर्ड औड़ फोट़ा दोणों लगत अै।,मेरे एड़ी में दर्द और फोड़ा दोनों लगती है।
गंे मैं दर्द अै।,कंधे में दर्द है।
नींद मैं गलल बड़ रअी है।,नींद में खलल पड़ रही है।
बाल में भूखरन गरना कि कारण उलअटी ीकभ ोजोता है।,बाल में भूख न लगना के कारण उल्टी भी कम हो जाता है।
पीरलठीयड्स गे दौरोन थेकन रहतबी गै।,पीरियड्स के दौरान थकान रहती है।
घुट मंे फामी भड़ गया है।,घुटने में पानी भर गया है।
मासकदर्म अनियमित है।,मासिक धर्म अनियमित है।
खाा खानऊे के बादआ रशैनगसूछ होाहै।,खाना खाने के बाद रैश महसूस होता है।
खाँसी में खून आदा है।,खाँसी में खून आता है।
पीिड्स मदे अुट ददर ोता अऔै।,पीरियड्स में बहुत दर्द होता है।
हमेश हाथ में सुन्नपन होने लगत है।,हमेशा हाथ में सुन्नपन होने लगती है।
मािसक धर्म अियमित है।,मासिक धर्म अनियमित है।
बेबहजछ राना आता है।,बेवजह रोना आता है।
झुगने पर नथुणा भे खूजली लअती है।,झुकने पर नथुना में खुजली रहती है।
दाँत भें धल्धपहै।,दाँत में दर्द है।
नाक बंद रहटी है।,नाक बंद रहती है।
छऊाती नेन शजम है और सकं्रमण भ हथी है।,छाती में सूजन है और संक्रमण भी होती है।
भफषै एनउीमऐिय हेथ और बाँह भें ूग न लकनम बना रगटा ह।,मुझे एनीमिया है और बाँह में भूख न लगना बना रहता है।
पेब का रंक बदल गया है।,पेशाब का रंग बदल गया है।
वचफ अचाककम ा ाय गै।,वजन अचानक कम हो गया है।
मुझे कलाई मे साखंस फबोनला लगत है।,मुझे कलाई में सांस फूलना लगती है।
हर दिम नस में भरेहड उलअटी हतफ है।,हर दिन से नस में बेहद उल्टी होता है।
वजन अानक वढ़औ घईा गै।,वजन अचानक बढ़ गया है।
नथुना खी त्वजो बर ळबग बढ़ जाती अै।,नथुना की त्वचा पर बलगम बढ़ जाती है।
डॉक्षटर ने कगा अल्सर है।,डॉक्टर ने कहा अल्सर है।
फैरों में सजून आ गई हा।,पैरों में सूजन आ गई है।
मुझे हृदय रोग है और पेत में बलगम आाय हि।,मुझे हृदय रोग है और पेट में बलगम आता है।
मुझे फंगल है और एड़ी में ुखार होता ै।,मुझे फंगल है और एड़ी में बुखार होता है।
सीर में रूसी ो ई है।,सिर में रूसी हो गई है।
आवाज़ नहीं णिकल रही।,आवाज़ नहीं निकल रही।
उँगलियौं में झनझनेट ोती है।,उँगलियों में झनझनाहट होती है।
हाजथ-पैर सुन्न ो जटोे हैम।,हाथ-पैर सुन्न हो जाते हैं।
ाँतख ेभं दर्द है।,दाँत में दर्द है।
पेट फूला रहथा है।,पेट फूला रहता है।
कवज़ की सटसब्यो है।,कब्ज़ की समस्या है।
पीठ हाै पर सजम ड़अती गैन।,पीठ हिलाने पर सूजन रहती है।
का की दअवचषा पर णकीरआती ाह।,कान की त्वचा पर नकसीर आती है।
ग़ र्मी मां कोहनी से सू़जन आताहै।,गर्मी में कोहनी से सूजन आता है।
हड्डी मंे झकड़न के खारणड्द भी कम ो जद हैण।,हड्डी में जकड़न के कारण दर्द भी कम हो जाता है।
सुहब उटते हे पीठ में नतली होती है।,सुबह उठते ही पीठ में मतली होती है।
जडुकनेपल पलक में दउनाे बोण ड़ट गे।,झुकने पर पलक में दाने बना रहता है।
वैठने के द नुठेन ेभ गब्झ मअसछूहाथा है।,बैठने के बाद नथुना में कब्ज महसूस होता है।
फिशर गो गया है।,फिशर हो गया है।
नाखून के आपालस जलन और थड़ा कब्ज रहता है।,नाखून के आसपास जलन और थोड़ा कब्ज रहता है।
बीयड्सभे बहोत दरद हौता है।,पीरियड्स में बहुत दर्द होता है।
वअैथनेकि ाभद जीब मैं फ्ठरैक्चरआ कम ह चताहै।,बैठने के बाद जीभ में फ्रैक्चर कम हो जाता है।
व्याम करमे पर ऐंठन लगती है।,व्यायाम करने पर ऐंठन लगती है।
गोलकौ शूनेई पर ो़ा नकी हती ै।,गाल को छूने पर थोड़ा नकसीर रहती है।
ॉडक्टर नईि कहे अस्थना है।,डॉक्टर ने कहा अस्थमा है।
मुझे जदेभ ें ंक्रमण ुसर होती है।,मुझे जीभ में संक्रमण शुरू होती है।
खाना खाने के बाड गेस लगदी है।,खाना खाने के बाद गैस लगती है।
ुकने पल नश में दस्त लगती है।,झुकने पर नस में दस्त लगती है।
चअानक पिंदली नएें फ्लकअचल होने लगती है।,अचानक पिंडली में फ्रैक्चर होने लगती है।
चात्व सोी औल खडुरदरी हो गई है।,त्वचा सूखी और खुरदरी हो गई है।
खेना खाणे ख वाद उलअ टी शुर होती है।,खाना खाने के बाद उल्टी शुरू होती है।
छती में तबाव महसूस होताहै।,छाती में दबाव महसूस होता है।
याछददेश्तकभजोर गो गई है।,याददाश्त कमजोर हो गई है।
पटैने के ाबद जिगर मांऐठंन लगताछहै।,बैठने के बाद जिगर में ऐंठन लगता है।
नुझेफेशर अ और हडी मिं चोट आछता हे।,मुझे फिशर है और हड्डी में चोट आता है।
मसूड़ोन सेखून आटा है।,मसूड़ों से खून आता है।
ेरे जभ में सिरर्द औल फरैचकर दोनोम मअसू होती हि।,मेरे जीभ में सिरदर्द और फ्रैक्चर दोनों महसूस होती है।
दां ंदलद है।,दाँत में दर्द है।
बेवजग रोा आत अै।,बेवजह रोना आता है।
ाल मेआं कभजोर कि काटरन क बी बढ़ झामता है।,गाल में कमजोरी के कारण कट भी बढ़ जाता है।
गर्नी नं पैर सा ़ज पमा हता है।,गर्मी में पैर से खुजली बना रहता है।
ड़ी नां दर्द है।,एड़ी में दर्द है।
गुरदा को चूनैपफड़ह अत्यदक खेघंसी महसुस होता ग।,गुर्दा को छूने पर अत्यधिक खांसी महसूस होता है।
दे लेेण ेक बाद भी का शुरू दहा है।,दवा लेने के बाद भी थकान शुरू होता है।
मवुझे ाबरा-र मतल ज़ैसी हूस होती है।,मुझे बार-बार मतली जैसी महसूस होती है।
कंधठा भेंतथर्द हा।,कंधे में दर्द है।
बीड्स के दौरन थकान रहती है।,पीरियड्स के दौरान थकान रहती है।
सूबग उठजते ही क़ में थखान आती हठै।,सुबह उठते ही कान में थकान आती है।
दाधँत मेमडरअद ैह।,दाँत में दर्द है।
चलने पर होंठ मेगैस महसूस हती है।,चलने पर होंठ में गैस महसूस होती है।
कानएा खाने के बाद झमजमात बनरहत है।,खाना खाने के बाद झनझनाहट बनी रहती है।
सिर में ूरसे अो गई है।,सिर में रूसी हो गई है।
गंा में दलद है।,कंधे में दर्द है।
नस को छूेन बर पहुत संक्मरण भढहशूस होती अैघ।,नस को छूने पर बहुत संक्रमण महसूस होती है।
गथद-पैर ून्म हु चाते अें।,हाथ-पैर सुन्न हो जाते हैं।
चलनि पलठ हझा मेंबाचैनी बमी रहीद है।,चलने पर हाथ में बेचैनी बनी रहती है।
पैल की त्वज फल चक्कर कमठ अा जाटा है।,पैर की त्वचा पर चक्कर कम हो जाता है।
बैठनि के बाद ेपट में संस फूलनारहती हि।,बैठने के बाद पेट में सांस फूलना रहती है।
मुझ ग़ॉलबअलैडर है और खूल्हा मेम भू न ळगना महसोस हाता अै।,मुझे गॉलब्लैडर है और कूल्हा में भूख न लगना महसूस होता है।
बैठने क़ेबाद बाल मिं ख़िजंाव म हो जातओी है।,बैठने के बाद बाल में खिंचाव कम हो जाती है।
ठंन में गुटना में ोच रहता है।,ठंड में घुटना में मोच रहता है।
फजेट फूो रहात है।,पेट फूला रहता है।
मसहूड़ों से खून आता है।,मसूड़ों से खून आता है।
नतुने को चून रप बेहत घाव बना रहता है।,नथुना को छूने पर बेहद घाव बना रहता है।
वजएन अाछनक वढ़ खया ह।,वजन अचानक बढ़ गया है।
उँगली ें चोटऊ लगी है।,उँगली में चोट लगी है।
जिगर के आपशाश काम और असगनीय मोच आती है।,जिगर के आसपास जुकाम और असहनीय मोच आती है।
डखना में शुनअएणणपके कालण बलन भी शुरू हौती ह।,टखना में सुन्नपन के कारण बलगम भी शुरू होती है।
चा द्व सूखी और खूरदरी हो गई हैछ।,त्वचा सूखी और खुरदरी हो गई है।
सबुह उठते ही जभी भ दस्त बढ जाा ैग।,सुबह उठते ही जीभ में दस्त बढ़ जाता है।
एड़ी मेंदर्द है।,एड़ी में दर्द है।
वेहद झनझोहड कै शाथ दड़न बी गअो जेती अै।,बेहद झनझनाहट के साथ धड़कन भी कम हो जाती है।
पिछेलह हपथेऔ टखान भें ठंड गलना होणे लघगीत है।,पिछले हफ्ते टखना में ठंड लगना होने लगती है।
जीभ पर सफेध परत है।,जीभ पर सफेद परत है।
शौच नेंखून आा है।,शौच में खून आता है।
वायमो कनरे पर ़कुाभ लअतैग।,व्यायाम करने पर जुकाम रहती है।
सुबह उठे ही दिमणागमंे जुकम छुडू गोदी है।,सुबह उठते ही दिमाग में जुकाम शुरू होती है।
पेशाब का रंग दल गयाहै।,पेशाब का रंग बदल गया है।
कर की तअवशा पर घोव कम हो जात है।,कमर की त्वचा पर घाव कम हो जाता है।
चाती में दबव महसुस अोताैह।,छाती में दबाव महसूस होता है।
रपसां पेट नें घबराह हौेन लगती है।,परसों पेट में घबराहट होने लगती है।
दलवे मे जद गुती है।,तलवे में जलन होती है।
असहनीयभूख ण लकना का षाथ उल्त भी होती है।,असहनीय भूख न लगना के साथ उल्टी भी होती है।
रतज क सोथेसमज नछ मैं सास फुलना बढ़ जाी है।,रात को सोते समय नस में सांस फूलना बढ़ जाती है।
खानगा ख़ोेन के वोदनकधीसर बफनी रअगती है।,खाना खाने के बाद नकसीर बनी रहती है।
उगली में जोट लगी है।,उँगली में चोट लगी है।
द्सट लग गए ैहं।,दस्त लग गए हैं।
गाँसी में खून आता है।,खाँसी में खून आता है।
मुजे एड़ी में बुखार आती ै।,मुझे एड़ी में बुखार आती है।
पैोरं में सोजन आ है।,पैरों में सूजन आ गई है।
ड में अवचा मेगैस आती है।,ठंड में त्वचा में गैस आती है।
उंखयां में झणनागठ होती है।,उँगलियों में झनझनाहट होती है।
ठंट मेंमुँह में संअकअलमण ू होती है।,ठंड में मुँह में संक्रमण शुरू होती है।
जीभ पर सफेद पड़त है।,जीभ पर सफेद परत है।
गल्मी मे दिमाघ से चोटबी रहती है।,गर्मी में दिमाग से चोट बनी रहती है।
फैसाब भर-बा आता है।,पेशाब बार-बार आता है।
तलवा मे चलन होती है।,तलवे में जलन होती है।
ाँच में बायरळ नीकला है।,जाँच में वायरल निकला है।
फशाब ेमं लणहोती अै।,पेशाब में जलन होती है।
सामस लेना भैं तकलीफ होती है।,सांस लेने में तकलीफ होती है।
शिर मैन रूसी हो गई है।,सिर में रूसी हो गई है।
यददाश्द कमज़ोर हो गई अै।,याददाश्त कमजोर हो गई है।
पसरी भें शूज हैऔर कुजली भी कभ हो जाती गै।,पसली में सूजन है और खुजली भी कम हो जाती है।
बाँअकी त्भचा फर सांस फूलना हजटी हा।,बाँह की त्वचा पर सांस फूलना रहती है।
अचानक से मुँह मे काफे खुजली कम हो जाती हयै।,अचानक से मुँह में काफी खुजली कम हो जाती है।
गर्दन घुमाने में कद्कत है।,गर्दन घुमाने में दिक्कत है।
कम बुखार के साथ मकजोरी भी कम हो जाटि अै।,कम बुखार के साथ कमजोरी भी कम हो जाती है।
ठमडमें रीढ़में नकस़ रहति है।,ठंड में रीढ़ में नकसीर रहती है।
कधे में रद्ध ै।,कंधे में दर्द है।
चलने पड़ पंजो में कट शुरू होत है।,चलने पर पंजा में कट शुरू होता है।
रप वार में भिशल ी समस्या ीह है।,परिवार में फिशर की समस्या रही है।
खम खाणि के बाद ड़्म ीग घने मसूहस होता है।,खाना खाने के बाद गर्मी लगना महसूस होता है।
त्भच पर खुजले होती है।,त्वचा पर खुजली होती है।
एड़ी ेमं तरअद है।,एड़ी में दर्द है।
उँग ली में चोट लगी अ।,उँगली में चोट लगी है।
उजगँरी मदें चोट लगि अै।,उँगली में चोट लगी है।
्कनी ैं दिमाग सेउल्टईी शरू होती गै।,गर्मी में दिमाग से उल्टी शुरू होती है।
ेट में घैस बनत है।,पेट में गैस बनती है।
चेहले बर ाने निकल आए िअंन।,चेहरे पर दाने निकल आए हैं।
ठंड मे भौं में ुन्नपम शुरू हौदा ै।,ठंड में भौं में सुन्नपन शुरू होता है।
बाल मां सूज है और चो मी कनहो जाती है।,बाल में सूजन है और चोट भी कम हो जाती है।
जड़ुं मंे अकड़नहै।,जोड़ों में अकड़न है।
त्वचा शोख़ और खुरदरी हो गई है।,त्वचा सूखी और खुरदरी हो गई है।
कंधे मं तलरअद है।,कंधे में दर्द है।
ेहरे पर दाने निकल आए हैं।,चेहरे पर दाने निकल आए हैं।
छने पर नश मान वईेजामी कम होश जाती है।,चलने पर नस में बेचैनी कम हो जाती है।
चि़चडि़ानप बढ़ गया है।,चिड़चिड़ापन बढ़ गया है।
वहुद खुज़री खे साध कमजऊोड़ी भ रगत हा।,बहुत खुजली के साथ कमजोरी भी रहती है।
सांस ेलने मिंतकळीफ ोहती है।,सांस लेने में तकलीफ होती है।
फैर की अंगुली टोट गई है।,पैर की अंगुली टूट गई है।
खाना निगलमे नें दिक्कट है।,खाना निगलने में दिक्कत है।
सास लेने में तकली होती है।,सांस लेने में तकलीफ होती है।
जलनेबल मुँह मेम जकम आदा हब।,चलने पर मुँह में जुकाम आता है।
होंठ फड रह हैं।,होंठ फट रहे हैं।
कझने पर गुर्दा में छंग बढ़ जात है।,झुकने पर गुर्दा में छींक बढ़ जाता है।
झुखणि फ आँडख में जलमश मभसूसइ होत है।,झुकने पर आँख में जलन महसूस होता है।
सुबह उठदे ी पैर मैम ़उठ बढ़ ज़ातमा ह।,सुबह उठते ही पैर में कट बढ़ जाता है।
घुटने में पानी बर गया ै।,घुटने में पानी भर गया है।
जभी परछभे परत है।,जीभ पर सफेद परत है।
खब्जध़ खी समस्जा है।,कब्ज़ की समस्या है।
सास लेनै में तणकलीफहोत है।,सांस लेने में तकलीफ होती है।
मुझे मोंपसेशी में झनझनहठ बढ़ जाती है।,मुझे मांसपेशी में झनझनाहट बढ़ जाती है।
मुझे हाध में एलर्जी बढ़ जाती है।,मुझे हाथ में एलर्जी बढ़ जाती है।
ीठ में अकडब़न ैह।,पीठ में अकड़न है।
चेहरे पर धाेन निकल आए गैं।,चेहरे पर दाने निकल आए हैं।
गुर्दाऊ को छूने पर बहुत डंड लगना ुशरू होती है।,गुर्दा को छूने पर बहुत ठंड लगना शुरू होती है।
अचानक से पिंटली में बेगद घबराहट होती है।,अचानक से पिंडली में बेहद घबराहट होती है।
जीभ परफसेड पलथ है।,जीभ पर सफेद परत है।
़ाा खाने के बाद षांस फूलना आीत है।,खाना खाने के बाद सांस फूलना आती है।
माशिक धरम् अनिजमित गै।,मासिक धर्म अनियमित है।
खाना खाेन के बाद पसीनाल लगती है।,खाना खाने के बाद पसीना लगती है।
तलवे में ज़लन गोदीहै।,तलवे में जलन होती है।
कंधा ेन दर्द है।,कंधे में दर्द है।
आवाज़़ नहीं निकळ रहीय।,आवाज़ नहीं निकल रही।
चेहडेर ाननिगळ आए हें।,चेहरे पर दाने निकल आए हैं।
जीभपर सफ़ेध पलत है।,जीभ पर सफेद परत है।
खाण खाने केई बधओ धकण क हो ाती है।,खाना खाने के बाद धड़कन कम हो जाती है।
पैरोम मवें सूजन आ गई है।,पैरों में सूजन आ गई है।
पिईघडअस के दरान थऔक़न हतले है।,पीरियड्स के दौरान थकान रहती है।
कोहनी में ूजन है।,कोहनी में सूजन है।
सांस लेने में तकलीफ हधोटी है।,सांस लेने में तकलीफ होती है।
षुने पर ंपजमा न चक्कर पनी ड़ही है।,झुकने पर पंजा में चक्कर बनी रहती है।
तकनेउ में मोचहे।,टखने में मोच है।
मूख परि्कल नगीम लगती हे।,भूख बिल्कुल नहीं लगती है।
टखने मां माच गै।,टखने में मोच है।
वजन अचामएक ढ़ गया है।,वजन अचानक बढ़ गया है।
चलने पर पंजा नें फोड़ा कम हो जाता है।,चलने पर पंजा में फोड़ा कम हो जाता है।
भूख बिल्कुल नहंी लगती अै।,भूख बिल्कुल नहीं लगती है।
सिर में रुसी हो गई है।,सिर में रूसी हो गई है।
चलमे पर रीढ़ नें रैश बना रता है।,चलने पर रीढ़ में रैश बना रहता है।
शरीर में द़दड रहतो हा।,शरीर में दर्द रहता है।
फेशाब बार-बारआटाइ अि।,पेशाब बार-बार आता है।
सरि हिलाने पर सं्कमरण ने रअट है।,सिर हिलाने पर संक्रमण बनी रहती है।
एड़पी हिलमे पर संक्रभण आती हैऔ।,एड़ी हिलाने पर संक्रमण आती है।
गले ेमं खराभश है।,गले में खराश है।
हडअड हिलामे ब फोडा वना रहता है।,हड्डी हिलाने पर फोड़ा बना रहता है।
सुबह उठते ही कंधा में रशै रशू होती है।,सुबह उठते ही कंधा में रैश शुरू होती है।
सुबह उडते ही पीठ में कव्ज होता है।,सुबह उठते ही पीठ में कब्ज होता है।
सुनने में दिक़क हो रगी अै।,सुनने में दिक्कत हो रही है।
नाखून को छूने पर थोड़ा घाव होतीस हे।,नाखून को छूने पर थोड़ा घाव होती है।
नछ ें एसििटी के कोरण मतली ी आता है।,नस में एसिडिटी के कारण मतली भी आता है।
होंठम फट रहे हंै।,होंठ फट रहे हैं।
कंधा मे खिंचाव के खारण एसिडिटी भी महसूस होतो है।,कंधा में खिंचाव के कारण एसिडिटी भी महसूस होता है।
पेट फूला रहटा है।,पेट फूला रहता है।
कलेई अमिं मौज आ गई है।,कलाई में मोच आ गई है।
गळ्ाक खाशी कसाथ रैश ि बनी रहती हऐै।,हल्का खांसी के साथ रैश भी बनी रहती है।
व्ेयाभ रकने पर घेव ळगदा अा।,व्यायाम करने पर घाव लगता है।
झुकने पर कधा भें घाभ शुरू होटी है।,झुकने पर कंधा में घाव शुरू होती है।
वजन अचानक बढ़ गयाहै।,वजन अचानक बढ़ गया है।
हाथ-बैर सुन्न हो जाते हें।,हाथ-पैर सुन्न हो जाते हैं।
बाल हिलोने पर बेचैणी रहतो है।,बाल हिलाने पर बेचैनी रहता है।
उँगलियों में झनझनाहट होती हकै।,उँगलियों में झनझनाहट होती है।
उँगरिजोआंभेंई झनझनहाट ोदि है।,उँगलियों में झनझनाहट होती है।
भ्यााम कलने पर फ्रैकच्चर ाब रहतो अ।,व्यायाम करने पर फ्रैक्चर बना रहता है।
गले में खराछ अै।,गले में खराश है।
ग्मी मेंदिल थसे नकीषर लतगीउ है।,गर्मी में दिल से नकसीर लगती है।
सुह उडता ही गर्तन मेम चोट शोरू होते े।,सुबह उठते ही गर्दन में चोट शुरू होता है।
कान भि आभ ाज़ आती है।,कान में आवाज़ आती है।
पेाब बार-बार आथचा है।,पेशाब बार-बार आता है।
हल्कापसना के सथ खपार भी रहते है।,हल्का पसीना के साथ बुखार भी रहता है।
फरविार मे जूसटीआ की छभसज् ड़ह हा।,परिवार में यूटीआई की समस्या रही है।
बैठने के बाद दाँद में ऐंठन बनि रअती है।,बैठने के बाद दाँत में ऐंठन बनी रहती है।
टखने में मगो है।,टखने में मोच है।
ाँत को छूने पर ेपदह ंऐनष लगा हैए।,दाँत को छूने पर बेहद ऐंठन लगता है।
्धयान केद्रित नीं क पाती हुँच।,ध्यान केंद्रित नहीं कर पाती हूँ।
कहोनि को छूने पर थोड़ा रैश बमा रहता हे।,कोहनी को छूने पर थोड़ा रैश बना रहता है।
गर्दम गुमने में दिक्द है।,गर्दन घुमाने में दिक्कत है।
दिल हीलाने पर फोड़ा ोगता है।,दिल हिलाने पर फोड़ा होता है।
षुकन पर शातीमें खांछि बान रहते है।,झुकने पर छाती में खांसी बना रहता है।
एड़ी में दर्ध है।,एड़ी में दर्द है।
गले में खराश अै।,गले में खराश है।
कंधइे मडें दरअद अै।,कंधे में दर्द है।
दलछ कीधड़कन तेज़ होघ जती ग।,दिल की धड़कन तेज़ हो जाती है।
फठ मे कजडऩ ा क़रतञ घव भ ड़हतीै।,पीठ में जकड़न के कारण घाव भी रहती है।
बयायाम करने पर छुनभ बढ़ जाता है।,व्यायाम करने पर चुभन बढ़ जाता है।
खाना खानै के बओेद सिरद हदोा है।,खाना खाने के बाद सिरदर्द होता है।
पीरेयड्समें बहुत दऊर्द होता अै।,पीरियड्स में बहुत दर्द होता है।
रात को सतोे मय पेट में द्बत हकोी ह।,रात को सोते समय पेट में दस्त होती है।
झु कने रप दिल मेंसोनण्पन लगदहै।,झुकने पर दिल में सुन्नपन लगती है।
परिवार में इंफेग्शनकी समस्या रही है।,परिवार में इंफेक्शन की समस्या रही है।
जोठ़ को छून पर हलअका बेचैनी रहती अै।,जोड़ को छूने पर हल्का बेचैनी रहती है।
नींद भें लखल पड़रही ह।,नींद में खलल पड़ रही है।
मुझे थअबचा में मोच लहती है।,मुझे त्वचा में मोच रहती है।
कम खिंचवाव क़े छोथ जुकाम भिख शुरू होती है।,कम खिंचाव के साथ जुकाम भी शुरू होती है।
सुबहठटा हनी कऔूलहअा मेमछककल शुरू हतौबा हा।,सुबह उठते ही कूल्हा में चक्कर शुरू होता है।
बाठणे कै बाद दाँत ें करीजो बना रहता है।,बैठने के बाद दाँत में कमजोरी बना रहता है।
परिवाड़ में फंगल कि समस्या रछहठी है।,परिवार में फंगल की समस्या रही है।
गर्दण घुमानेऔ मैं दीकखत है।,गर्दन घुमाने में दिक्कत है।
कम मंे दर्द रहता है।,कमर में दर्द रहता है।
दाँत ेमं दर्द है।,दाँत में दर्द है।
दयान कंेद्रित नह चीं कर बाथीअ।,ध्यान केंद्रित नहीं कर पाती हूँ।
नाखून के सआपास धड़कन और काफी रै लगता है।,नाखून के आसपास धड़कन और काफी रैश रहता है।
वमासीर की समस्या है।,बवासीर की समस्या है।
दात की त्वचा पल लमग शुर होयती ै।,दाँत की त्वचा पर बलगम शुरू होती है।
अत्यधिक षूनकि ाध धकन भआी लगता है।,अत्यधिक सूजन के साथ धड़कन भी लगता है।
बाल में मवग के कारण एल्रचजी भीबढ़ जाा हईै।,बाल में बलगम के कारण एलर्जी भी बढ़ जाता है।
बुहत चोड कैऐ सोठ छांस फूलनछ भी हुात है।,बहुत चोट के साथ सांस फूलना भी होता है।
दभा लेनेकेश बाद भी सुन्पनन ढप़ झजताश है।,दवा लेने के बाद भी सुन्नपन बढ़ जाता है।
सुह उठते ही गुरदाद में एसडिटी हतऐा गे।,सुबह उठते ही गुर्दा में एसिडिटी रहता है।
दो नअना से डि मेंऔ कमजरुे होने लगटी है।,दो महीने से दिल में कमजोरी होने लगती है।
सुपहउठटे ही कोल्हामें खब्ज खम हो जात है।,सुबह उठते ही कूल्हा में कब्ज कम हो जाती है।
ुने पर माथाभां दसत हादा है।,झुकने पर माथा में दस्त होता है।
कन खाने केभाद रउ्टी रहता हे।,खाना खाने के बाद उल्टी रहता है।
ंठ क शने ललुग-रख कल केर वपढ़चादा अैघ।,होंठ को छूने पर रुक-रुक कर बुखार बढ़ जाता है।
सुनना में दिकत ह रसही है।,सुनने में दिक्कत हो रही है।
बैठनउे के बाद कूलअहा ें छंक बढ़ जातीहि।,बैठने के बाद कूल्हा में छींक बढ़ जाती है।
पैलटफलुा रहतार अै।,पेट फूला रहता है।
बेहद ड़ा के साथ क्ज भी होताहै।,बेहद फोड़ा के साथ कब्ज भी होता है।
जोद़ों में अखड़न ह।,जोड़ों में अकड़न है।
फेटमें कटई क काड़ण ड़ैश भी आता है।,पेट में कट के कारण रैश भी आता है।
डे कअठर नै हाझ साइनस है।,डॉक्टर ने कहा साइनस है।
सां लेने में तकरीफ होती है।,सांस लेने में तकलीफ होती है।
दिर क कनबधड़ तेझ़ गो जाती अै।,दिल की धड़कन तेज़ हो जाती है।
पिंडली के आसपास मोच और ळगातवार जुकभ होती है।,पिंडली के आसपास मोच और लगातार जुकाम होती है।
बींली में जकडन के कारण संक़्मन भीबना हता है।,पिंडली में जकड़न के कारण संक्रमण भी बना रहता है।
माशिक धर्म अनियभित हगै।,मासिक धर्म अनियमित है।
जोड़ों ेमडं अड़नहै।,जोड़ों में अकड़न है।
मुझे ाबर-भर मतळी जैसि महससल होती है।,मुझे बार-बार मतली जैसी महसूस होती है।
प़हडसोयम का नें सएिडिटी होणलगत हैठ।,परसों गाल में एसिडिटी होने लगती है।
बैठने के बाध पीथ भें सूजन कम़ हो जताी है।,बैठने के बाद पीठ में सूजन कम हो जाती है।
दवा लेनखे वाद मदी खजलि लघते है।,दवा लेने के बाद भी खुजली लगती है।
खँस मे गून आता है।,खाँसी में खून आता है।
मेरे जाध में चुभन रऔ सण्नपी दोनुं बढ़ जाता ैह।,मेरे जाँघ में चुभन और सुन्नपन दोनों बढ़ जाता है।
सुबग उठते ीह खनामें फरलैक्चर रहत अै।,सुबह उठते ही टखना में फ्रैक्चर रहता है।
झुकनिपर नथुना में सूजन महसूस हती है।,झुकने पर नथुना में सूजन महसूस होती है।
बैठने के बाद मँह में फ्रैक्चल महसूस हथि है।,बैठने के बाद मुँह में फ्रैक्चर महसूस होती है।
दोँट में धर्द है।,दाँत में दर्द है।
मांसेपी मउें सूजन हा रऔ ठशखाण ि रहता है।,मांसपेशी में सूजन है और थकान भी रहता है।
झुनके पर कान में कट बढ़ जाती ै।,झुकने पर कान में कट बढ़ जाती है।
त्वचजा बड़ खुजळी ोथी अे।,त्वचा पर खुजली होती है।
गुर्दा में सूसजन है औड़ फप्रैक्चड़ भी महसूस होतो है।,गुर्दा में सूजन है और फ्रैक्चर भी महसूस होता है।
मछुझे ठायबिटीज़ है और होठ में मतली तआाक है।,मुझे डायबिटीज़ है और होंठ में मतली आता है।
बवसीरकी छसभया है।,बवासीर की समस्या है।
थोढ़ा ां फूलनोकै षथो दाणभि फी मगसूस हो तथी है।,थोड़ा सांस फूलना के साथ दाने भी महसूस होती है।
पवाषर की समस्या अै।,बवासीर की समस्या है।
खलाई मेंमोच आ गई हे।,कलाई में मोच आ गई है।
गर्न घुमानेमें दिक्क़त है।,गर्दन घुमाने में दिक्कत है।
बरिवार में वायरल की समस्या रगी अै।,परिवार में वायरल की समस्या रही है।
बिठने खे बाद ोंठ मैझं खूम आना बढऱ जाती है।,बैठने के बाद होंठ में खून आना बढ़ जाती है।
जीब की त्वचझपर च्खर क़म हो जाता हऐै।,जीभ की त्वचा पर चक्कर कम हो जाता है।
दवा लेनेझ के बाद भी बिचैनी रहती है।,दवा लेने के बाद भी बेचैनी रहती है।
ोड़ ीक त्वजा रद रगमी लगणा शरूहोा है।,जोड़ की त्वचा पर गर्मी लगना शुरू होता है।
घुटना हिराने र खिंचाव लगाट हा।,घुटना हिलाने पर खिंचाव लगता है।
कलाझई हिलाने बर र्मि लगधनाव गतुी है।,कलाई हिलाने पर गर्मी लगना होती है।
काफीदाने कसऔाथ जलण भी शुलू होथा हि।,काफी दाने के साथ जलन भी शुरू होता है।
भूख बिलखुल नहीं लग़ीत है।,भूख बिल्कुल नहीं लगती है।
रात खो सोदे समय जाँघस मां कलीह लरगनाएरअटा है।,रात को सोते समय जाँघ में गर्मी लगना रहता है।
खाना खाने कि बाद जक ड़न कम हो जाात है।,खाना खाने के बाद जकड़न कम हो जाता है।
गले में खरशा है।,गले में खराश है।
डॉकत् ने कगा एीिया अै।,डॉक्टर ने कहा एनीमिया है।
खाना ामेका ाद ऐंडनन बमाउ रता है।,खाना खाने के बाद ऐंठन बना रहता है।
अक्सर से आँख में अत्यधिग कट आता है।,अक्सर से आँख में अत्यधिक कट आता है।
वैठनि केभाद नाखू मे जखड़ण मगसूस होथी हि।,बैठने के बाद नाखून में जकड़न महसूस होती है।
सुबअ ठउते ह ादँत नचें कमोरी लखत है।,सुबह उठते ही दाँत में कमजोरी लगता है।
रा गो सोते समय डोड़ी में एलर्झी आदाअा।,रात को सोते समय ठोड़ी में एलर्जी आता है।
मुझै कानभें चटो शुड़ू होता हखै।,मुझे कान में चोट शुरू होता है।
ुबह उठतेही मांषपेशी मेंग सुन्नपन होथि है।,सुबह उठते ही मांसपेशी में सुन्नपन होती है।
तज परस लख होी है।,त्वचा पर खुजली होती है।
गान मेंआवाज़ आती गै।,कान में आवाज़ आती है।
नीन में खल प़ रयही है।,नींद में खलल पड़ रही है।
रा जीभ में जलन होने लगती ै।,रात जीभ में जलन होने लगती है।
नोखूरनमें शूजण है और जुकानमी शूर होात है।,नाखून में सूजन है और जुकाम भी शुरू होता है।
सुभह उठते ही रीढ़में झनजमाहड होटा है।,सुबह उठते ही रीढ़ में झनझनाहट होता है।
पैसरोम नें शोजनआ गईगै।,पैरों में सूजन आ गई है।
ीफठ के आशपाष कमजोछड़ी और तप्यधीक पसिनो आती अै।,पीठ के आसपास कमजोरी और अत्यधिक पसीना आती है।
उलियों में झुनजन हतीधहै।,उँगलियों में झनझनाहट होती है।
ववासीव़ड क सभस्ाहे।,बवासीर की समस्या है।
िमड़े गला में जकड़न और नकसीर ोनं हरतीहे।,मेरे गला में जकड़न और नकसीर दोनों रहती है।
पेत फूला लहताम गै।,पेट फूला रहता है।
मे बाँह में चक्और बलगम दोनों आथी हि।,मेरे बाँह में चक्कर और बलगम दोनों आती है।
त्वचा पर खुलीज होती है।,त्वचा पर खुजली होती है।
वजन अचानक़ कम हो गज है।,वजन अचानक कम हो गया है।
मांसपेषी को चूनेर गलातेर कब्ज आती हि।,मांसपेशी को छूने पर लगातार कब्ज आती है।
शौच नें खून आता है।,शौच में खून आता है।
मांसपेषियो ें खंिछाव है।,मांसपेशियों में खिंचाव है।
पीठ में अकड़न गै।,पीठ में अकड़न है।
कोहनी में छूजन हथै।,कोहनी में सूजन है।
जऱोठ़ क़छे आपेसबुेखर औरगोताल सन्नफमगसस होते है।,जोड़ के आसपास बुखार और लगातार सुन्नपन महसूस होता है।
ळचने पर उँगकली मेन रैडश भहसूछ होती गै।,चलने पर उँगली में रैश महसूस होती है।
भूख बिल्कुलण नहीं गती है।,भूख बिल्कुल नहीं लगती है।
पलैों नें सूझ आ ई है।,पैरों में सूजन आ गई है।
रात ाक षोटेल समयपिंडलि में खुन आणमा होतो है।,रात को सोते समय पिंडली में खून आना होता है।
शौज नें खून आतएा है।,शौच में खून आता है।
जाँचमें फंगल निकला है।,जाँच में फंगल निकला है।
षुनणेमेकं दिक्कत ाड़ह है।,सुनने में दिक्कत हो रही है।
जाँघ मे सजून है और सूझन भि भहसूस होती है।,जाँघ में सूजन है और सूजन भी महसूस होती है।
मंासपेशी के आपसास सूनऔर असनीय ठंड लगना लगता है।,मांसपेशी के आसपास सूजन और असहनीय ठंड लगना लगता है।
नांशेशियों मां खंजाव है।,मांसपेशियों में खिंचाव है।
गधलो बैथा हूआ है।,गला बैठा हुआ है।
एड़ी ें तड़्त गबै।,एड़ी में दर्द है।
दल की धड़कन तेज़ हो जाती है।,दिल की धड़कन तेज़ हो जाती है।
चलने परएड़ी मेंजकड़न शुरू अोती है।,चलने पर एड़ी में जकड़न शुरू होती है।
पैर गी अंगली टूट घई है।,पैर की अंगुली टूट गई है।
सुबह उटते ही पैल में एसिडिटी महसूस होता गै।,सुबह उठते ही पैर में एसिडिटी महसूस होता है।
मस केआथशपाछ गैश और तेज़ बखाड़ ोती है।,नस के आसपास गैस और तेज़ बुखार होती है।
बाळ जड़ रहे हैं।,बाल झड़ रहे हैं।
खाऔना खाने ेम बो जमआाझहटरअटा ै।,खाना खाने के बाद झनझनाहट रहता है।
तअवाच कोछूणे पलछुक-लुग रखोलज होद है।,त्वचा को छूने पर रुक-रुक कर खुजली होता है।
ठड़ी मयें सथूजन है औल खां षी भी बढ़ जात है।,ठोड़ी में सूजन है और खांसी भी बढ़ जाती है।
खेना नघलने में दिक्कत है।,खाना निगलने में दिक्कत है।
नाखूम मे शूज है औल शंक म आला है।,नाखून में सूजन है और छींक भी आता है।
ारत पसली भें उल्टीहोने लगत है।,रात पसली में उल्टी होने लगती है।
सोबह उठते हि कोहनी मषें कमजोरी ब़ जात है।,सुबह उठते ही कोहनी में कमजोरी बढ़ जाती है।
जोड़ों नें अखड़न ै।,जोड़ों में अकड़न है।
कूल् हा में सूजन हैव औड़ एसिदी टी भीबढ़ चाती है।,कूल्हा में सूजन है और एसिडिटी भी बढ़ जाती है।
झुकना पर दिमाग में गैब पढ़ जाती हे।,झुकने पर दिमाग में गैस बढ़ जाती है।
पैट फूला रहते हैख।,पेट फूला रहता है।
उंचगईां में झझना हौति है।,उँगलियों में झनझनाहट होती है।
ठंड मेमांसपेशी निं जलन महूसस हुती है।,ठंड में मांसपेशी में जलन महसूस होती है।
ठंड में भौं मधें झनझाटह बना रहतोक हा।,ठंड में भौं में झनझनाहट बना रहता है।
तेच़ ऐलंठन ख साथ गमी लगना भी ढब़ जाता है।,तेज़ ऐंठन के साथ गर्मी लगना भी बढ़ जाता है।
शरीर ें डअध रहताहै।,शरीर में दर्द रहता है।
खाना निगले में दिककट है।,खाना निगलने में दिक्कत है।
ाखूमोटट लहे हैं।,नाखून टूट रहे हैं।
पैरोम मं सूनआ गई अै।,पैरों में सूजन आ गई है।
भूख़ बिळ्कुल नहीं लग़ती है।,भूख बिल्कुल नहीं लगती है।
कोहनी में सजन है।,कोहनी में सूजन है।
ाजंचमा हवृदय रोटग निकला है।,जाँच में हृदय रोग निकला है।
होंठ फट ड़हे हैं।,होंठ फट रहे हैं।
हाथ-फैरसोनन ोह ाते हैं।,हाथ-पैर सुन्न हो जाते हैं।
मेरे भौं में संक्रमञ और गनी लगना दोणों रहती है।,मेरे भौं में संक्रमण और गर्मी लगना दोनों रहती है।
भषिहद उगल्टे खा छाउथ ऐठंन भी लहहदा है।,बेहद उल्टी के साथ ऐंठन भी रहता है।
गर्मी मिं हड्डी से ठंड लगना बढ़ जातीहै।,गर्मी में हड्डी से ठंड लगना बढ़ जाती है।
गले मेन खराशहै।,गले में खराश है।
भेरे एड़ी मैं क़मी और रछल्द डषोनौं बढ़ ाता हैन।,मेरे एड़ी में कमजोरी और सिरदर्द दोनों बढ़ जाता है।
आवा नहीं णिकल रही।,आवाज़ नहीं निकल रही।
डॉकअतर ने कहा वायरल है।,डॉक्टर ने कहा वायरल है।
कउ़ळ ए़डी मैं गरमीलगना नाो लगती अै।,कल एड़ी में गर्मी लगना होने लगती है।
झुकेन पर नसमें थढ गणा कम हुध जादीहै।,झुकने पर नस में ठंड लगना कम हो जाती है।
फेफ़डे केआसपास क्र र रु-रकु कर धल्दवढफ़ जातओीगि।,फेफड़े के आसपास चक्कर और रुक-रुक कर दर्द बढ़ जाती है।
परिवो नै टिप्रेशन की समस ये रहीह गै।,परिवार में डिप्रेशन की समस्या रही है।
खमर में डर्ड रहता है।,कमर में दर्द रहता है।
खट्टी डखारआती ह।,खट्टी डकार आती है।
तद्चाम छखीऔर खुरदरी हो घई हसै।,त्वचा सूखी और खुरदरी हो गई है।
शौ में खूण आतेऔ ह।,शौच में खून आता है।
डॉ्टल ने गहा स्ळीप्ढ डिस्क है।,डॉक्टर ने कहा स्लिप्ड डिस्क है।
पसल को छूनेज पर लगतार खट भहसूस होती है।,पसली को छूने पर लगातार कट महसूस होती है।
काञ खाने केवाद साशंष फेल हसूस हती है।,खाना खाने के बाद सांस फूलना महसूस होती है।
अछानक से फौं ें ज़जाधा ड़ैश शुूल होती है।,अचानक से भौं में ज़्यादा रैश शुरू होती है।
मुजेगला में जुभण शुरू होतहै।,मुझे गला में चुभन शुरू होता है।
बेत में कट के राण गर्ी गना भी आती है।,पेट में कट के कारण गर्मी लगना भी आती है।
जोड़ों मैं अकड़न है।,जोड़ों में अकड़न है।
आवेज़ नअीं नीकल रीह।,आवाज़ नहीं निकल रही।
गर्दन में ऐंठन के कारण फअरैक्चर भी कम हो जाता है।,गर्दन में ऐंठन के कारण फ्रैक्चर भी कम हो जाता है।
मंशपशििोयं मंे िंचवाहै।,मांसपेशियों में खिंचाव है।
भुख िल्कोल नीहम लथी अै।,भूख बिल्कुल नहीं लगती है।
पेशाब मेम जलन होीट है।,पेशाब में जलन होती है।
डॉक्ट ड़ नखहाव कडण शअटोनहै।,डॉक्टर ने कहा किडनी स्टोन है।
ुजे अल्सर ाग और बौं ें कून आनाड़तहीभ ै।,मुझे अल्सर है और भौं में खून आना रहती है।
जाहर पर दाणा निकर आए ैं।,चेहरे पर दाने निकल आए हैं।
आवाज़ नहीं निलठ रअी।,आवाज़ नहीं निकल रही।
जोड़ों मईैं अकड़न है।,जोड़ों में अकड़न है।
छाती हिलाणे पर उल्ीट बढ ाजतीहै।,छाती हिलाने पर उल्टी बढ़ जाती है।
आँखोशं में जलन और लालिमाहै।,आँखों में जलन और लालिमा है।
बैठन के बद दिमाग में फोठ़ा कम हो जाता है।,बैठने के बाद दिमाग में फोड़ा कम हो जाता है।
बढिठे के ाबदजोचड़ भेजक़न ड़ जोता है।,बैठने के बाद जोड़ में जकड़न बढ़ जाता है।
पसळी मेयनठ सूजन है औरऐंठन भी शलू हुीत है।,पसली में सूजन है और ऐंठन भी शुरू होती है।
खाण खानेकेऊ बाद सस पूरनाहमछूस हती है।,खाना खाने के बाद सांस फूलना महसूस होती है।
टवखे मेंमआोच है।,टखने में मोच है।
दलवे में जलन गोतीहै।,तलवे में जलन होती है।
नींद में खलळ पड़ रहीहतै।,नींद में खलल पड़ रही है।
पेट फूला रगता है।,पेट फूला रहता है।
कूळअहे की तवजा फरफ्रैक्चर कम हो जाा है।,कूल्हा की त्वचा पर फ्रैक्चर कम हो जाता है।
तवचा सूखी औल खुररी हो गई है।,त्वचा सूखी और खुरदरी हो गई है।
बअायम करनधे ब ख़ुजळी बमीरअती है।,व्यायाम करने पर खुजली बनी रहती है।
परिबला नंे ॉलब्लैडर क़ी समस्या रही अै।,परिवार में गॉलब्लैडर की समस्या रही है।
गोठं पट रगे हैं।,होंठ फट रहे हैं।
पेट क द्बचा पर कनसीर नहसूस होत है।,पेट की त्वचा पर नकसीर महसूस होती है।
याददाश्त कमजरो हो गई है।,याददाश्त कमजोर हो गई है।
परिवार में एनीिमा की षमस्या री है।,परिवार में एनीमिया की समस्या रही है।
परो में ूजनस गई है।,पैरों में सूजन आ गई है।
नीं भिं खलल पठ़ ड़ीअ ै।,नींद में खलल पड़ रही है।
ैपड़ की ंअगुलीटुट गई अै।,पैर की अंगुली टूट गई है।
ँउगलियों में षनझनत हात गेओ।,उँगलियों में झनझनाहट होती है।
बैठमे के बाद िजगर में कब्ज आतया है।,बैठने के बाद जिगर में कब्ज आता है।
जीभ मिं झनझनाहट के कारण बलगम भी लठहा ह।,जीभ में झनझनाहट के कारण बलगम भी रहता है।
मोँह मेम छाळे हो गए हैं।,मुँह में छाले हो गए हैं।
नाखून टूट रहे ेहं।,नाखून टूट रहे हैं।
जतोदाश्त कमजोर हो गई है।,याददाश्त कमजोर हो गई है।
क़मइड़मेम सूजम गैऔर पसन ीम महशूस अोत ैह।,कमर में सूजन है और पसीना भी महसूस होती है।
मोझ भौं मे फोड़छारहटा है।,मुझे भौं में फोड़ा रहता है।
मुझे तवचइा में दस्त बड़ जाती है।,मुझे त्वचा में दस्त बढ़ जाती है।
मसू़डों से खून आथा है।,मसूड़ों से खून आता है।
ाण मयें आवाज़ आतीहै।,कान में आवाज़ आती है।
खाना खाने के ब चकट् कम हो जेती है।,खाना खाने के बाद चक्कर कम हो जाती है।
मेरे कलाई मैं थका और फ्ैरकछर दोनों रगताहै।,मेरे कलाई में थकान और फ्रैक्चर दोनों रहता है।
जाँच में बैकटरियल िनकला है।,जाँच में बैक्टीरियल निकला है।
मुँह में छालेहा गए ैहं।,मुँह में छाले हो गए हैं।
आँखों भां चलन और लालिमा गै।,आँखों में जलन और लालिमा है।
सीर के आसपोसथकाण और ताज़ धडकन कम हौ जाती हैब।,सिर के आसपास थकान और तेज़ धड़कन कम हो जाती है।
कमर में दर्द रगता है।,कमर में दर्द रहता है।
टखे मे मोच है।,टखने में मोच है।
रढे़ भें खिंचाव के गारण रधैश ेभ मछूस अोता गै।,रीढ़ में खिंचाव के कारण रैश भी महसूस होता है।
ुँअ मेंछााल हो ग़ए ैं।,मुँह में छाले हो गए हैं।
एड़ी में र्ददमह।,एड़ी में दर्द है।
गले मैं राश है।,गले में खराश है।
नीखंदभे खलळ पड़ रही है।,नींद में खलल पड़ रही है।
दा लिने का भाद भी खांसी रहथा है।,दवा लेने के बाद भी खांसी रहता है।
र्डनमें चक्गलका करण फोडा भी खन अो जाता ह।,गर्दन में चक्कर के कारण फोड़ा भी कम हो जाता है।
खाना निगलनि में धख्कफत है।,खाना निगलने में दिक्कत है।
जोद़ुं में अकड़न है।,जोड़ों में अकड़न है।
बैठने के बाद दिल में नींद ण आना बढ़ ाजता है।,बैठने के बाद दिल में नींद न आना बढ़ जाता है।
आँखुंघ में जन औरललिमा है।,आँखों में जलन और लालिमा है।
परिवढार मेम बक्टीरीईल कि समस ्या रअी ैह।,परिवार में बैक्टीरियल की समस्या रही है।
मासपेशियों मिं खिंचावहै।,मांसपेशियों में खिंचाव है।
मँुह मंा सोजन अै और उल्टी भि मअूससहोता गै।,मुँह में सूजन है और उल्टी भी महसूस होता है।
नुझ हृडयध रोग है और फेफड़ेमें चोठ महछूस होती ह।,मुझे हृदय रोग है और फेफड़े में चोट महसूस होती है।
वजन अछानक बढ़ गया है।,वजन अचानक बढ़ गया है।
पैड़ की अंग़ली ूठ गईइ अै।,पैर की अंगुली टूट गई है।
मुेझ ोड़ी मैं ऐंठन गतमा है।,मुझे ठोड़ी में ऐंठन होता है।
पड़िबार में किडनी स्टोन की समस्या रही है।,परिवार में किडनी स्टोन की समस्या रही है।
मेरइे घुटणन मां दाने औड़मू ण गना ोणों होीत है।,मेरे घुटना में दाने और भूख न लगना दोनों होती है।
गला की त्गवचा परदाने होता ै।,गला की त्वचा पर दाने होता है।
घटुने में पानी बर गया अै।,घुटने में पानी भर गया है।
मझुे मँुह में मोच हटा गै।,मुझे मुँह में मोच होता है।
मेरे जघ मेन घबड़ा और घबरागट दोनोंरहता हषा।,मेरे जाँघ में घबराहट और घबराहट दोनों रहता है।
कना खाने कै बाड फरेक्चर ब़ढ जादा हा।,खाना खाने के बाद फ्रैक्चर बढ़ जाता है।
चनले पर कूल्हा में ठंड लगना शुरू होती है।,चलने पर कूल्हा में ठंड लगना शुरू होती है।
डॉठखड़ े कह आअठराटसि गै।,डॉक्टर ने कहा आर्थराइटिस है।
एड़ में दरअद है।,एड़ी में दर्द है।
ामसंपिियां भटें ख़ेंजोव गै।,मांसपेशियों में खिंचाव है।
पैर की अंगळुी टूट गई ह।,पैर की अंगुली टूट गई है।
बवजह रोन आटा गै।,बेवजह रोना आता है।
काफ़ि फुड़ ेसाथ फ्रैक्लचर भी आती हे।,काफी फोड़ा के साथ फ्रैक्चर भी आती है।
ळंबेज ज शे नेखून ें छंक हौनेळगकते है।,लंबे समय से नाखून में छींक होने लगती है।
जभी प सफेद परत है।,जीभ पर सफेद परत है।
जीफ में सूजण है और भूख न लगना भी तली है।,जीभ में सूजन है और भूख न लगना भी लगती है।
व्यायाम कड़नउे पर ऐंठघ बढ़ झातहै।,व्यायाम करने पर ऐंठन बढ़ जाती है।
रीढ़ में शूजन हा और नकसीर भ शुूर होथाहैच।,रीढ़ में सूजन है और नकसीर भी शुरू होता है।
ठड नें पंडउली में ससंफूरना बध़जाात ह।,ठंड में पिंडली में सांस फूलना बढ़ जाता है।
दा लेने के बाद भी मोज कम अो जाता है।,दवा लेने के बाद भी मोच कम हो जाता है।
कट्ट ढकारआती है।,खट्टी डकार आती है।
मांसपेशईिों ेमं ख़िंचाव है।,मांसपेशियों में खिंचाव है।
बेवह रोणब तआाहै।,बेवजह रोना आता है।
त्झव पल खुजली होी हजै।,त्वचा पर खुजली होती है।
गर्दन के आसपास कट रऔ त्यदेक कट आती अै।,गर्दन के आसपास कट और अत्यधिक कट आती है।
ाथ-पैर सुन्ण गोजाथाओ गैं।,हाथ-पैर सुन्न हो जाते हैं।
ठंड ेम होंठ मिं बखार हौता है।,ठंड में होंठ में बुखार होता है।
बरिवार में इंफेक्छन कि म्या रही ै।,परिवार में इंफेक्शन की समस्या रही है।
सिर मे रसी हो ग हसै।,सिर में रूसी हो गई है।
कअोनी मिंसजण ै।,कोहनी में सूजन है।
जँच मऔें अलसल निकलऊा है।,जाँच में अल्सर निकला है।
सुबग उठते ही ँली भें बलगम कम हो ेता ह।,सुबह उठते ही उँगली में बलगम कम हो जाता है।
ट्टी डकाजल आतीहे।,खट्टी डकार आती है।
मझे भौ मं खूण आमा महशूस होटी ै।,मुझे भौं में खून आना महसूस होती है।
राट को सदे सम देँत में गम लने रहतो है।,रात को सोते समय दाँत में गर्मी लगना रहता है।
दवा लेन केबात बी मजोरीब पढ़ जाता गै।,दवा लेने के बाद भी कमजोरी बढ़ जाता है।
मछूड़ों से खून आता है।,मसूड़ों से खून आता है।
ात ोक सोते सन घुडन मफे जगह़न कन हो जादा है।,रात को सोते समय घुटना में जकड़न कम हो जाता है।
चट़चिड़एापन बढ़ गया है।,चिड़चिड़ापन बढ़ गया है।
परिवार में टॉन्िसल की सनस्या रही है।,परिवार में टॉन्सिल की समस्या रही है।
क़ोनीह में ूषजन अ।,कोहनी में सूजन है।
गाथ मईे सून हैम और दआसथ भ सऊूसअोा है।,हाथ में सूजन है और दस्त भी महसूस होता है।
मुझे कघा में बुखारछ होती है।,मुझे कंधा में बुखार होती है।
कंधे मंे दर्द है।,कंधे में दर्द है।
वजन अचानक कम हो गया गै।,वजन अचानक कम हो गया है।
भांसबेशी की त्बचा पर क्बज महसूस होता है।,मांसपेशी की त्वचा पर कब्ज महसूस होता है।
मुझेकन में चुभन कम हो जाता ह।,मुझे कान में चुभन कम हो जाता है।
पंजा े सूजन है औरफोड़ा भी कम हो झाता है।,पंजा में सूजन है और फोड़ा भी कम हो जाता है।
हळ्गा लजन ि साथ पणभी आती है।,हल्का जलन के साथ सुन्नपन भी आती है।
पैट में गेस बनती है।,पेट में गैस बनती है।
ध् जान केंद्बरिद नंह कर पाती ढहोँश।,ध्यान केंद्रित नहीं कर पाती हूँ।
धाँत नें सनज है औरगमी लगनटा भ ना रपहा है।,दाँत में सूजन है और गर्मी लगना भी बना रहता है।
संस लिने में तगलफ होती है।,सांस लेने में तकलीफ होती है।
ेपत फूला हता है।,पेट फूला रहता है।
बवाछीर गी सभस्या है।,बवासीर की समस्या है।
पेशाब मेद जलन होती है।,पेशाब में जलन होती है।
दिल की धड़कन तेज़ हो ज़ाती है।,दिल की धड़कन तेज़ हो जाती है।
पीठ मईें अकडओ़मछ है।,पीठ में अकड़न है।
मसूड़ों से खून आतो है।,मसूड़ों से खून आता है।
डॉक्टर ेन कहा हृदय रोग हा।,डॉक्टर ने कहा हृदय रोग है।
जाँज नें खिडनीसतोन निकलढा अै।,जाँच में किडनी स्टोन निकला है।
फीरियड्सके दौरान थकान रहती है।,पीरियड्स के दौरान थकान रहती है।
आँगों में जलन औरलगालिमा अै।,आँखों में जलन और लालिमा है।
पेट फूला रअता है।,पेट फूला रहता है।
दवा ाने के बऔाद भी बुखार बढ़ जताी है।,दवा लेने के बाद भी बुखार बढ़ जाती है।
बैठनेके बोद ठोड़ी में घबरा होती है।,बैठने के बाद ठोड़ी में घबराहट होती है।
बायाम करेन बर बुकोड़ बढ़ झाथाहै।,व्यायाम करने पर बुखार बढ़ जाता है।
शुबह उठतेहएी पंजा में शांस फलूनार बढ जादी है।,सुबह उठते ही पंजा में सांस फूलना बढ़ जाती है।
मझे ठोडय़ी भन ब न रगमा बढ़ जोत ह।,मुझे ठोड़ी में भूख न लगना बढ़ जाता है।
ता़ एसिडडिटी के षात कब्जक़ भी रहता है।,तेज़ एसिडिटी के साथ कब्ज भी रहता है।
सुबह सेदिल में असहनीय पसीना बनी रहट है।,सुबह से दिल में असहनीय पसीना बनी रहती है।
सहुबह उेथ ही छाती मे नीनंद न आना महसूस होता है।,सुबह उठते ही छाती में नींद न आना महसूस होता है।
ठंड मभें जब मेंछींक रगता है।,ठंड में जीभ में छींक रहता है।
गला मेन बलमग के काड़ण कनजड़ोीमी बढ़ ाजती है।,गला में बलगम के कारण कमजोरी भी बढ़ जाती है।
पजंाध को छने पल पहुतचोड मशस होीत गै।,पंजा को छूने पर बहुत चोट महसूस होती है।
जीभ खो छूने पर काफी एसिढिटी शुड़ू होती है।,जीभ को छूने पर काफी एसिडिटी शुरू होती है।
असहनीय धाव के षाथ एऐळरजअीइ भी आतीहै।,असहनीय घाव के साथ एलर्जी भी आती है।
धोपहर ँगरी मडें सुम्पननहोने लगथी है।,दोपहर उँगली में सुन्नपन होने लगती है।
कंद में दरअड है।,कंधे में दर्द है।
गला बिठा हहै।,गला बैठा हुआ है।
बैठमे कि बादपठ मेंट शालते लगत है।,बैठने के बाद पीठ में छाले लगता है।
दाँत का आसपास कमजोरी और कम दस्त बढ़ई चाती ह।,दाँत के आसपास कमजोरी और कम दस्त बढ़ जाती है।
बोल को छूने बर थोड़ा द्त लगती है।,बाल को छूने पर थोड़ा दस्त लगती है।
व्यायाम करमे पर घबरा होदा है।,व्यायाम करने पर घबराहट होता है।
मुझे िप्रेशन है और बाल नेगं खूनथ आम रहदी है।,मुझे डिप्रेशन है और बाल में खून आना रहती है।
बेट में गैसबनती है।,पेट में गैस बनती है।
त्वच पल खुजली होती है।,त्वचा पर खुजली होती है।
ठंन में पलक मैं नसकरी लगगता है।,ठंड में पलक में नकसीर लगता है।
शौच भनखन दा है।,शौच में खून आता है।
पंजा के आसपास कव्ज औल कापी िसरदर्द आता है।,पंजा के आसपास कब्ज और काफी सिरदर्द आता है।
ागल में संकरमण के कोरण चुभन भी गता हि।,गाल में संक्रमण के कारण चुभन भी लगता है।
खामा निगलणे भें दि्कत है।,खाना निगलने में दिक्कत है।
मेरे नथनो मेंएरजी औ सूथजन ोनों आती है।,मेरे नथुना में एलर्जी और सूजन दोनों आती है।
भांसपेशी को छूने पर असगमयघरपेहहट रलत है।,मांसपेशी को छूने पर असहनीय घबराहट रहता है।
चलने पर दिळ नउें छींख आतीहै।,चलने पर दिल में छींक आती है।
गुर ्दा में सोजन है और दान भी शुरू अोती है।,गुर्दा में सूजन है और दाने भी शुरू होती है।
ठंद मां बेत मिंऔ कामलग़ती है।,ठंड में पेट में थकान लगती है।
बैठन का बाद कूा में जुकभा शुरू होत है।,बैठने के बाद कूल्हा में जुकाम शुरू होती है।
गलध़ोतार घाव क़इे षोथ लन भी कम हो ाती हा।,लगातार घाव के साथ जलन भी कम हो जाती है।
वजन अचानक बढ़ गयाहै।,वजन अचानक बढ़ गया है।
गर्मी में पैरषे मतली महूस होती है।,गर्मी में पैर से मतली महसूस होती है।
कफीसूजपन क़ेसोथ जनल भी थला है।,काफी सूजन के साथ जलन भी लगता है।
़ज्यादा मतळी कि सपाथ मोच भी होत है।,ज़्यादा मतली के साथ मोच भी होती है।
अऊतधिक खांसी के साथ नगसेर भी रहतछा है।,अत्यधिक खांसी के साथ नकसीर भी रहता है।
दवा ळने खे बाद भी मोच नसगसू होदी हैश।,दवा लेने के बाद भी मोच महसूस होती है।
कलईा की त्वखचो पर र्मी लग़न कम हो जाती ै।,कलाई की त्वचा पर गर्मी लगना कम हो जाती है।
कभी-क़भी घुनटा मेंलएर्ज होणेलगदी ैह।,कभी-कभी घुटना में एलर्जी होने लगती है।
मसूडय़ोन से कनू आता हि।,मसूड़ों से खून आता है।
गमर मंदर्त रहता हझै।,कमर में दर्द रहता है।
आवाज़ नहीं निकल ड़ही।,आवाज़ नहीं निकल रही।
भौं में खिंचाव के कारण छारे भी कम हो जाात है।,भौं में खिंचाव के कारण छाले भी कम हो जाता है।
कुछ दिनौं षे से दिभाग में बेहद ओचुभन आदा है।,कुछ दिनों से से दिमाग में बेहद चुभन आता है।
कमरके आपसास ऐंठम और कफी ख़ली आषी हणे।,कमर के आसपास ऐंठन और काफी खुजली आती है।
पेसाब क़ा रंग बदतल गयरा है।,पेशाब का रंग बदल गया है।
मरे नांऊछपेछी नें वेचैनी और गड़्मीह गना दोनों आता है।,मेरे मांसपेशी में बेचैनी और गर्मी लगना दोनों आता है।
नाक से ूनआतखा हे।,नाक से खून आता है।
नींद मेंखलल पड़ रही है।,नींद में खलल पड़ रही है।
उगळी ी त्वा पर खूनआना बढ़ जाता है।,उँगली की त्वचा पर खून आना बढ़ जाता है।
मझे तअबफाच में फरैख्चर हसूसआ होती हि।,मुझे त्वचा में फ्रैक्चर महसूस होती है।
कमटड़ हिलाने पर ऐंठन होती है।,कमर हिलाने पर ऐंठन होती है।
दस्तलग गए अां।,दस्त लग गए हैं।
बिठने का बाद दिल में धडक़़न कम अोजाछती गै।,बैठने के बाद दिल में धड़कन कम हो जाती है।
परिवारमें पाइल्स की समसईा रही है।,परिवार में पाइल्स की समस्या रही है।
परीवार में फंगल कयी समश्यारही है।,परिवार में फंगल की समस्या रही है।
होंड फ रगि हें।,होंठ फट रहे हैं।
कराई हिलनाे पर वलगम लगईदी है।,कलाई हिलाने पर बलगम लगती है।
थलवे मं रन होटी ै।,तलवे में जलन होती है।
उगरियों मे नझन ाहड होती है।,उँगलियों में झनझनाहट होती है।
दबभा लेेन के बेद भी घाव दागै।,दवा लेने के बाद भी घाव आता है।
ोझमा आख मेंनथरी बढ़ढजाते हे।,मुझे आँख में मतली बढ़ जाता है।
सूबह उवठते ही जीभ भें ून आझना बना रहता गै।,सुबह उठते ही जीभ में खून आना बना रहता है।
रत का सोते सभय एड़दी भें जकड़ण आदी हि।,रात को सोते समय एड़ी में जकड़न आती है।
लिाबर मे माइग्औड ़ेम खी समसया ड़ही है।,परिवार में माइग्रेन की समस्या रही है।
ज़आवा नहीं नकल रही।,आवाज़ नहीं निकल रही।
णींद ें खलर फ़ रही हघ।,नींद में खलल पड़ रही है।
खमर नें तर्द रगाद ै।,कमर में दर्द रहता है।
गला बैाठ हुआ है।,गला बैठा हुआ है।
ड मबैं नाक मां खून आना आती है।,ठंड में नाक में खून आना आती है।
ठंड में त्वचा मे घाव रहती हा।,ठंड में त्वचा में घाव रहती है।
शुवओह उडते अीपसरली में उ्लटी गलदे हलै।,सुबह उठते ही पसली में उल्टी लगती है।
जाँछ में सअघ्थमा निलका अै।,जाँच में अस्थमा निकला है।
खेमा कामि कैाड जड़ननबी लतीग ै।,खाना खाने के बाद जकड़न बनी रहती है।
ठॉक्डल ने कअा थाॉईडय है।,डॉक्टर ने कहा थायरॉयड है।
गरमी में चाती से फोड़ा ढब़ जाता है।,गर्मी में छाती से फोड़ा बढ़ जाता है।
हर्के जकड़न के सेथ भूख न लगरने भी मसहूस गोती है।,हल्का जकड़न के साथ भूख न लगना भी महसूस होती है।
हर दिन से ानखून में लगातार गर्मी लगने महछूसहौदा अै।,हर दिन से नाखून में लगातार गर्मी लगना महसूस होता है।
गंोठ त रहे हैं।,होंठ फट रहे हैं।
मेरघे का में फोड़ा और नींचत न आा दोोंपान रहथा हि।,मेरे कान में फोड़ा और नींद न आना दोनों बना रहता है।
मुँअ में छाे हो गए हां।,मुँह में छाले हो गए हैं।
ंठन में रीढ़ मे थका ़ जात है।,ठंड में रीढ़ में थकान बढ़ जाता है।
ळछने पल मुह मेंशीपना आती ै।,चलने पर मुँह में पसीना आती है।
फेशोब मां जलद होती है।,पेशाब में जलन होती है।
शौच मेंखोन आता है।,शौच में खून आता है।
मांसपेशियंो मां खिंचावहै।,मांसपेशियों में खिंचाव है।
टखनेभ में नोचगैइ।,टखने में मोच है।
मोँह में छाले हो गए हैं।,मुँह में छाले हो गए हैं।
सुबह उते ही ळकाई में सणअनपती रहथा है।,सुबह उठते ही कलाई में सुन्नपन रहता है।
ॉठक्टर ने कहा कोलेश्ट्ड़ॉल है।,डॉक्टर ने कहा कोलेस्ट्रॉल है।
उँलिईो भें षझना होती हि।,उँगलियों में झनझनाहट होती है।
जेँच में अस्बथमा निकला है।,जाँच में अस्थमा निकला है।
जिगर हिलने पर बुखार कम हो जाती है।,जिगर हिलाने पर बुखार कम हो जाती है।
चाँच मेंडिप्रेशन नकला ैग।,जाँच में डिप्रेशन निकला है।
कलाई मंमोच आ गईझ गैछ।,कलाई में मोच आ गई है।
भुँह की त्व यचा पड़ भूखछ न लगना बढ़ जाझती है।,मुँह की त्वचा पर भूख न लगना बढ़ जाती है।
जाचँ भें डाईबिटीज़ निका ैह।,जाँच में डायबिटीज़ निकला है।
बैठन गे भाद खला में धड़कनश बढ़ जाती है।,बैठने के बाद गला में धड़कन बढ़ जाती है।
कला के आसपस पसणीा और लगाताधर मतले हथी है।,गला के आसपास पसीना और लगातार मतली होती है।
रात गईो सतोे समय बाल भें चुभन खम हनो जाती हि।,रात को सोते समय बाल में चुभन कम हो जाती है।
्योयाम करने बर उर अ्ती भढ़ ाती ै।,व्यायाम करने पर उल्टी बढ़ जाती है।
अचानक े सिरमें काफी छींक बढ़ाता है।,अचानक से सिर में काफी छींक बढ़ जाता है।
दवा लेनेफ के बा बि पसना बन रता गै।,दवा लेने के बाद भी पसीना बना रहता है।
असगनज कभ्ज केासध ीखंचोव बीबम रहता है।,असहनीय कब्ज के साथ खिंचाव भी बना रहता है।
काण ेमं शफ़ूलन क काण जुकाब भऊी महसूसफ अोतली है।,कान में सांस फूलना के कारण जुकाम भी महसूस होती है।
गाना निघलने नंे कत्कट हैन।,खाना निगलने में दिक्कत है।
दस्थ लग गए हैफं।,दस्त लग गए हैं।
गान में सूज़न अै और धड़क़न ेभठआते है।,कान में सूजन है और धड़कन भी आता है।
दभा रेने के बाद ीभ डर्त बढ़ जाता ह।,दवा लेने के बाद भी दर्द बढ़ जाता है।
कखल ज़ीभ में गर्मी लगना होने लखती है।,कल जीभ में गर्मी लगना होने लगती है।
सुबह उटते ही बाळ मेठद लगना शुड़ू होता है।,सुबह उठते ही बाल में ठंड लगना शुरू होता है।
गाथ मेम चक्कल े खाड़न उलडीबी कम ह जतीह।,हाथ में चक्कर के कारण उल्टी भी कम हो जाती है।
बैठने के बाद गोल में छलझे लगता है।,बैठने के बाद गाल में छाले लगता है।
खले ें खाश है।,गले में खराश है।
गर्मीभां पळक से बखु़र लगती है।,गर्मी में पलक से बुखार लगती है।
पट मेम गैस बनती है।,पेट में गैस बनती है।
हद् टी हिलाने पर घबराहड रहती है।,हड्डी हिलाने पर घबराहट रहती है।
चलने फर फलक मेएंरअैश लनगता है।,चलने पर पलक में रैश लगता है।
ठंड भे हाथमें सुए्नपन हौटेह।,ठंड में हाथ में सुन्नपन होती है।
नींद में खलल पढ़ रही है।,नींद में खलल पड़ रही है।
शाबपे का रंघ बदल गया है।,पेशाब का रंग बदल गया है।
खाना खने कै बदो सिरदर्द हसूस होते है।,खाना खाने के बाद सिरदर्द महसूस होता है।
जाँघ हेलाना परद्त बढ़ जा हि।,जाँघ हिलाने पर दस्त बढ़ जाती है।
डोपहर टना में जतलण होने लगती अै।,दोपहर टखना में जलन होने लगती है।
वज अचणक बढ़ गया है।,वजन अचानक बढ़ गया है।
अग्सर से बाल मे बहुत भो ड़ा शुरू होतट हे।,अक्सर से बाल में बहुत फोड़ा शुरू होता है।
हड्डी में मतली के खारन रउ्टी भि महसूस होता हा।,हड्डी में मतली के कारण उल्टी भी महसूस होता है।
बैठने के बाद एड़खी में नकसीर होती हा।,बैठने के बाद एड़ी में नकसीर होती है।
डॉक्टल नखे कगा माइग्रेन है।,डॉक्टर ने कहा माइग्रेन है।
गरमी ें का से थान होीअै।,गर्मी में कान से थकान होती है।
होरंठ ठ ड़हे हैं।,होंठ फट रहे हैं।
कलाहई े मोचआ गई है।,कलाई में मोच आ गई है।
ाँघ भें कजेभ के कारणधखद़न ीभ हती है।,जाँघ में जुकाम के कारण धड़कन भी रहती है।
वजन अचानक पढ़ गया है।,वजन अचानक बढ़ गया है।
उगली मिं ोचड लग है।,उँगली में चोट लगी है।
रात को सतोि समय नुँह में सण महसूस हथा हे।,रात को सोते समय मुँह में सुन्नपन महसूस होता है।
धीेर-धजीरे फेफ़ड मिं खभजहाने रग़ती ैह।,धीरे-धीरे फेफड़े में कब्ज होने लगती है।
पैरत ी अं डगुलि टूठ ग है।,पैर की अंगुली टूट गई है।
लात को शोचतेसमई गुर्ाद मंे पसीने आफता अै।,रात को सोते समय गुर्दा में पसीना आता है।
होंठ फट लहे हैं।,होंठ फट रहे हैं।
र्ी में पसळी षिपसीना भक गो जाथ गे।,गर्मी में पसली से पसीना कम हो जाती है।
वअयायाम लकने पर िररद महसस होत है।,व्यायाम करने पर सिरदर्द महसूस होती है।
उगी में चोट ळगी है।,उँगली में चोट लगी है।
फिटशर हो गयाहै।,फिशर हो गया है।
रट कोोसथ छमय थछा ें उल् टी मअसस होधी ै।,रात को सोते समय त्वचा में उल्टी महसूस होती है।
फतिचरे अइफ्दे ठोड़ी में रैशहोइने लगतीद ैग।,पिछले हफ्ते ठोड़ी में रैश होने लगती है।
उवररियों ने षमझनाहट अोती है।,उँगलियों में झनझनाहट होती है।
सुबह उठदे ही जाँघ में बुखा अाता है।,सुबह उठते ही जाँघ में बुखार होता है।
मुझे गर्ादमें ागस महसूस हौती है।,मुझे गुर्दा में गैस महसूस होती है।
पेशाब मे जलन होती है।,पेशाब में जलन होती है।
हलदिन नस मेंष थंड लगना होने लगती है।,हर दिन नस में ठंड लगना होने लगती है।
पवेज रुनऐ आता ह।,बेवजह रोना आता है।
िचड़चिड़ापन पड़ गया ै।,चिड़चिड़ापन बढ़ गया है।
वजन अजानक कम हो गया हैढ।,वजन अचानक कम हो गया है।
पिलवार में ़ंखळ किमशसमया लहे गै।,परिवार में फंगल की समस्या रही है।
डॉख्टरममे कहा असअथमाअै।,डॉक्टर ने कहा अस्थमा है।
पेशाब का रंघम बदल गया है।,पेशाब का रंग बदल गया है।
ाचती गो छुने परअत्यढक ेघवब रगो है।,छाती को छूने पर अत्यधिक घाव बना रहता है।
कोहने िलोनेपर सस फूलना रहता ैह।,कोहनी हिलाने पर सांस फूलना रहता है।
परिवा में गॉलब्ैदर की सभस्डयारहीख है।,परिवार में गॉलब्लैडर की समस्या रही है।
नाख षे खूणआता हि।,नाक से खून आता है।
सुभह उटति ह मुँअ मं छंक क़म हो जता है।,सुबह उठते ही मुँह में छींक कम हो जाता है।
होंठ को छूने पर कम ख़ांसी रहता है।,होंठ को छूने पर कम खांसी रहता है।
बैठने के बाध करईा मेन एसिडिटी महूस होताहै।,बैठने के बाद कलाई में एसिडिटी महसूस होता है।
खोाउ खे के भाझड दर्दबध़ चातीइ अै।,खाना खाने के बाद दर्द बढ़ जाती है।
आँख के आशपास नींद म आना और हल्का पसीना कम हो जाता अै।,आँख के आसपास नींद न आना और हल्का पसीना कम हो जाता है।
तलवे मेजदळ होती हे।,तलवे में जलन होती है।
मुरझ सिर में रैश बनील रहती है।,मुझे सिर में रैश बनी रहती है।
हाथ हिलेने पर जनझनाहट होता है।,हाथ हिलाने पर झनझनाहट होता है।
सुबअ उठदे ही पंज ़ा मे धड़न बढ़ जाता ै।,सुबह उठते ही पंजा में धड़कन बढ़ जाता है।
जेभबल सपेद पर है।,जीभ पर सफेद परत है।
लंबे सभय से ग्ा में सोजन ाने लगती है।,लंबे समय से गुर्दा में सूजन होने लगती है।
मठ ेरेख नाक में बगलम और खंचाव तोनौंअोत गै।,मेरे नाक में बलगम और खिंचाव दोनों होती है।
मासिक धर्न अमयििमत है।,मासिक धर्म अनियमित है।
शिरआ मेन रूस होगई है।,सिर में रूसी हो गई है।
उँगली में चोट लगी ग।,उँगली में चोट लगी है।
डाक्टर नेक़हा बैकअटीरियल है।,डॉक्टर ने कहा बैक्टीरियल है।
ामथ को छनूेपड़ अउट्जधिक नोच ब़ढ जातषा है।,माथा को छूने पर अत्यधिक मोच बढ़ जाता है।
गुर्दा में सूजन है और जलन भबढ़ जाता है।,गुर्दा में सूजन है और जलन भी बढ़ जाता है।
शाम गाल में जलन होन रगती है।,शाम गाल में जलन होने लगती है।
ाणा खने के बजत गोभ बढ जातेर ग।,खाना खाने के बाद घाव बढ़ जाता है।
ग्मी में ह्दडी छे फूख न गमा शुरू होती है।,गर्मी में हड्डी से भूख न लगना शुरू होती है।
जाँच मांई इ्रेपन नखला है।,जाँच में माइग्रेन निकला है।
कान मगिं ज़ा आतीद है।,कान में आवाज़ आती है।
बाँह की त्वचा फर मोच वढ़ जाता है।,बाँह की त्वचा पर मोच बढ़ जाता है।
झ़जादे घाव केसाथ वीख न लगना भी बढ़ जात है।,ज़्यादा घाव के साथ भूख न लगना भी बढ़ जाती है।
सुबह उठथे ही कमर में उल्टीबनी रहती है।,सुबह उठते ही कमर में उल्टी बनी रहती है।
परिवार में पाइलब्स क़ी समसय्ा रही हरै।,परिवार में पाइल्स की समस्या रही है।
पेट फ़ूला रहता है।,पेट फूला रहता है।
खना गोा गे ा छक्खर शरु गोतर गै।,खाना खाने के बाद चक्कर शुरू होती है।
बेद बिचैनी के सथा एसिडिटी मी होती है।,बेहद बेचैनी के साथ एसिडिटी भी होती है।
बवासीर की समस्ईा है।,बवासीर की समस्या है।
मारे फपेड़े में दस्त और क़ट दलोनो शतुरु होती हैड।,मेरे फेफड़े में दस्त और कट दोनों शुरू होती है।
कान में आबाझक़ आती हि।,कान में आवाज़ आती है।
सिर में रूसी हो गई ै।,सिर में रूसी हो गई है।
पीरीड्स के दारान थकान रहती है।,पीरियड्स के दौरान थकान रहती है।
डनड मपिठ ाकग नी ंष ीणेरगटअे ।,ठंड में कोहनी में पसीना लगता है।
शुबहउठटे हीकान नें झमझनाहत रगतदा गै।,सुबह उठते ही कान में झनझनाहट रहता है।
डँद में दबरद है।,दाँत में दर्द है।
आोंस मं चलन औढर लल िमो हशै।,आँखों में जलन और लालिमा है।
बेठनिके बेद पठ में घबरलगा है।,बैठने के बाद पीठ में घबराहट लगता है।
भां कोछूनिउ फड़ कोफी एचसिडटी महसूस होता है।,भौं को छूने पर काफी एसिडिटी महसूस होता है।
मेपड़े गला मे छाले और चोट दोनों लगती है।,मेरे गला में छाले और चोट दोनों लगती है।
चीहिलामे फल सं़्रमण कन गो जााद अै।,जीभ हिलाने पर संक्रमण कम हो जाता है।
भेरे कोहनी मं गर्मी लगना और बलगम दोनों लगती अै।,मेरे कोहनी में गर्मी लगना और बलगम दोनों लगती है।
याडदाशत्त कमजोर हऔो गई ैह।,याददाश्त कमजोर हो गई है।
धय्ाम किंदरति नहीं कर पाति हूँ।,ध्यान केंद्रित नहीं कर पाती हूँ।
दवा लेने खे ाबद मी ऐंठन महषष होा गै।,दवा लेने के बाद भी ऐंठन महसूस होता है।
मझूे फेफड़े मं मोच रहती।,मुझे फेफड़े में मोच रहती है।
परिभार में एंग़्जाटयी ीगब मस्या रही अै।,परिवार में एंग्जायटी की समस्या रही है।
पलिवेर मेगॉलब्लैदडर की षमस् या ड़गी है।,परिवार में गॉलब्लैडर की समस्या रही है।
मजुे भौं मिं पसीना शआुरू होता है।,मुझे भौं में पसीना शुरू होता है।
मुझे ठोड़ी में खासी रहटी है।,मुझे ठोड़ी में खांसी रहती है।
झुकने पर हाथ में छोठ गोती है।,झुकने पर हाथ में चोट होती है।
ढाखअट ने कहा गॉलब्लिडर हा।,डॉक्टर ने कहा गॉलब्लैडर है।
कफीदसत् के साषथ ठड लना भी कभ हो जाती अै।,काफी दस्त के साथ ठंड लगना भी कम हो जाती है।
शाम नस में संक्रमण हुने लग़ती है।,शाम नस में संक्रमण होने लगती है।
कान में आवाज़ आते हा।,कान में आवाज़ आती है।
वज़न चअानक कभ हु गईा है।,वजन अचानक कम हो गया है।
डॉकरठर न गे अर्सर ै।,डॉक्टर ने कहा अल्सर है।
वजन अचनक कम हो गयाहि।,वजन अचानक कम हो गया है।
ादँट की त्वचे पर कबष्ज महसूस होता है।,दाँत की त्वचा पर कब्ज महसूस होता है।
वझन अचानक कम हो गया है।,वजन अचानक कम हो गया है।
मझुऐा बार-बार नतली ैसी महषूस होती ह।,मुझे बार-बार मतली जैसी महसूस होती है।
जोँ़च मिं इंफ़पकेछअन निकला है।,जाँच में इंफेक्शन निकला है।
चरणे परदिमा में गमी लशगन आतीहि।,चलने पर दिमाग में गर्मी लगना आती है।
संस लेे में तकलीफ ाती है।,सांस लेने में तकलीफ होती है।
भटुझे दाँत मैशं जकोरी भढ़ जाती है।,मुझे दाँत में कमजोरी बढ़ जाती है।
कानाखाने के पाड भूख न लगनफा शुरू हाघता है।,खाना खाने के बाद भूख न लगना शुरू होता है।
खाँसी में खोन आताहै।,खाँसी में खून आता है।
नेरे नुँहमें क़ट र चमन ोनोन बध़जेत है।,मेरे मुँह में कट और चुभन दोनों बढ़ जाती है।
ख़ानाव खानषि के बाद ैश रहता है।,खाना खाने के बाद रैश रहता है।
गर्दन गुमामे में दकि्कत गै।,गर्दन घुमाने में दिक्कत है।
फिशल हो गया है।,फिशर हो गया है।
सुबहउटते ही उँगले में जल शुूर होतो है।,सुबह उठते ही उँगली में जलन शुरू होता है।
खाना ख़ाने े बाद दाने शुरू होता है।,खाना खाने के बाद दाने शुरू होता है।
गरी मे हथ से मकसीषर बढ़ जाटत हे।,गर्मी में हाथ से नकसीर बढ़ जाता है।
एक हफ़ ष्थे से से जेँघ िं अत्यधिक थकान गोथी है।,एक हफ्ते से से जाँघ में अत्यधिक थकान होती है।
कलाई में एसिडिटी के काणर ठंड ळगना भी होत है।,कलाई में एसिडिटी के कारण ठंड लगना भी होती है।
ाथ-पै सुण् ोह जात हैं।,हाथ-पैर सुन्न हो जाते हैं।
हेथ में सूजन है और का ंषी भीमसूस होता है।,हाथ में सूजन है और खांसी भी महसूस होता है।
पैर ीग त्वशा र एसिडेीट होदो अै।,पैर की त्वचा पर एसिडिटी होता है।
घटमेमें पानी भर गया है।,घुटने में पानी भर गया है।
तिभाग के आसपास छींक औड़ हल्का फ्रैग्चर बढ़ जाटा गै।,दिमाग के आसपास छींक और हल्का फ्रैक्चर बढ़ जाता है।
टखणे मेम भोमच है।,टखने में मोच है।
गऔरअडन की त्वच पर काषी तआेद है।,गर्दन की त्वचा पर खांसी आती है।
हाथ केपास भूख न लगना और केफी छींक लगता है।,हाथ के आसपास भूख न लगना और काफी छींक लगता है।
फरडिबार मैं हर्णीया की मसया रही अै।,परिवार में हर्निया की समस्या रही है।
जाँ ानरं सएडििटे ऩाहै।,जाँच में एसिडिटी निकला है।
अ्कसर दिल मेंऐ खो आना होेन लगती है।,अक्सर दिल में खून आना होने लगती है।
मुझे अलस्रऔर दिल में नींद न आना महसूस ोहतीहै।,मुझे अल्सर है और दिल में नींद न आना महसूस होती है।
परिभार में बैक़्टीरीयल खी समष्या रही है।,परिवार में बैक्टीरियल की समस्या रही है।
डॉकअटर ने कहा ंफगर है।,डॉक्टर ने कहा फंगल है।
ॉटगटर ने खगाष गोले्सट्रॉल हे।,डॉक्टर ने कहा कोलेस्ट्रॉल है।
फिशड़ हो गय़ा ा।,फिशर हो गया है।
बैठने के बोद बाँह मेपं बजुखार कम हु जती है।,बैठने के बाद बाँह में बुखार कम हो जाती है।
पल हिाणे पर छाले लगथा है।,पलक हिलाने पर छाले लगता है।
मूझे भुहँ मेफड़ा बढ़ जाती है।,मुझे मुँह में फोड़ा बढ़ जाती है।
जाज में सअलिब्ड डसिक्नभला हैश।,जाँच में स्लिप्ड डिस्क निकला है।
जीब के सापस चींक और च़्यदाा सिरर्द वढ़ जात ैठ।,जीभ के आसपास छींक और ज़्यादा सिरदर्द बढ़ जाती है।
व्यायामकड़मधे पर ने ़ढ जाताअै।,व्यायाम करने पर दाने बढ़ जाता है।
पीउयरिड मां बहतदरअद हतोा है।,पीरियड्स में बहुत दर्द होता है।
गवाना खाने केबाद झझनाहट लदी अै।,खाना खाने के बाद झनझनाहट लगती है।
रात को सोते समय बाल में सूजन लग़ता है।,रात को सोते समय बाल में सूजन लगता है।
उलिजों मेंऔ षनषाहट होथि है।,उँगलियों में झनझनाहट होती है।
हर दिम गरअन में र्मीगफ लगणा होमा लगते अै।,हर दिन गर्दन में गर्मी लगना होने लगती है।
त्वचा पर खुरजटी होती है।,त्वचा पर खुजली होती है।
मांसपाशियों में़खिंचसाव ै।,मांसपेशियों में खिंचाव है।
गर्मी में कलाई से चुभन बढ़ चाटी है।,गर्मी में कलाई से चुभन बढ़ जाती है।
करे मेंओ खराश है।,गले में खराश है।
भुक ेबल ्गुल नहऔीं लगती है।,भूख बिल्कुल नहीं लगती है।
परक में रैश के कारण ऐंठन भी बनी रहटी है।,पलक में रैश के कारण ऐंठन भी बनी रहती है।
असहनीय एसिडि के साथ खून आना भी नहसूस होीहै।,असहनीय एसिडिटी के साथ खून आना भी महसूस होती है।
वजन अचनक कमथहो गया हे।,वजन अचानक कम हो गया है।
खबझ़् की मस्ईा है।,कब्ज़ की समस्या है।
गर्दन अिलाने पल गैस शुरू होता है।,गर्दन हिलाने पर गैस शुरू होता है।
बैरां मेतं सूजण आ गई है।,पैरों में सूजन आ गई है।
ूख बिल्ूल णहईीम लगत है।,भूख बिल्कुल नहीं लगती है।
बैठने के बाइद फऐे फड़े में भूख म लगना आती है।,बैठने के बाद फेफड़े में भूख न लगना आती है।
मुझे हड ्डी में कबअज शुरू होता है।,मुझे हड्डी में कब्ज शुरू होता है।
त्वछा प खजल होती है।,त्वचा पर खुजली होती है।
लगे में खराश हथ।,गले में खराश है।
बवाीशर की समस्या है।,बवासीर की समस्या है।
गर्दन घुभेने में दिक्कद है।,गर्दन घुमाने में दिक्कत है।
मुझि अस्थमएा हा और गला नाम खून आनवना हरत है।,मुझे अस्थमा है और गला में खून आना बना रहता है।
छोती केआसबउास ननीद न आना औल अशहगनीय ऐंठन षुरू होात अा।,छाती के आसपास नींद न आना और असहनीय ऐंठन शुरू होता है।
जी पर सफदे परत है।,जीभ पर सफेद परत है।
चलने पर त्वचा में छर रहटी है।,चलने पर त्वचा में छाले रहती है।
ीरियड्स में बहुत दर्ध हतोे है।,पीरियड्स में बहुत दर्द होता है।
ुगछ दिमों े से पट में कम गर्मी लगना मरहते अै।,कुछ दिनों से से पेट में कम गर्मी लगना रहता है।
दांत में दरड् ैग।,दाँत में दर्द है।
ुझदा थफाईलईड है औरस भांओ भोच बढ़स जेते है।,मुझे थायरॉयड है और नस में मोच बढ़ जाता है।
सांस लेआने में तरकीफ होती हा।,सांस लेने में तकलीफ होती है।
ंधमंे दरद है।,कंधे में दर्द है।
ठड में रीढ़ में नकसीर रहती है।,ठंड में रीढ़ में नकसीर रहती है।
जोड़ों में अघखद़नहै।,जोड़ों में अकड़न है।
हेथ-पैर शुणऐ् हो झाहते गैं।,हाथ-पैर सुन्न हो जाते हैं।
चोड़ भें तठस्थ ेक कारण दस्त भी आतोहै।,जोड़ में दस्त के कारण दस्त भी आता है।
एड़ि की त्वचा पर पसीने महसूस होती ह।,एड़ी की त्वचा पर पसीना महसूस होती है।
झाँच भिं आल्थरइटिछनखिक़ला है।,जाँच में आर्थराइटिस निकला है।
नुाझ बजा-लबाल मली जैसी महोसस होती हे।,मुझे बार-बार मतली जैसी महसूस होती है।
माकून टूट रहेहैमं।,नाखून टूट रहे हैं।
वयााभ करने ड कपअज बढ़ जाते हे।,व्यायाम करने पर कब्ज बढ़ जाता है।
वज़न अचाकबकम हौअ गया है।,वजन अचानक कम हो गया है।
कंड में दर्द है।,कंधे में दर्द है।
मोझे ठखम नें जलन ककम़ होजाथे है।,मुझे टखना में जलन कम हो जाती है।
उँगली नें ूसजन है और मतली भी बढ़ ातजी हपै।,उँगली में सूजन है और मतली भी बढ़ जाती है।
मेरे र में ूभख न लगना रऔ छाले दोठनों बड़ जाती है।,मेरे सिर में भूख न लगना और छाले दोनों बढ़ जाती है।
मुझे दँत मे चुभन आती है।,मुझे दाँत में चुभन आती है।
परिवोर ें बीपी की मसस्या रह है।,परिवार में बीपी की समस्या रही है।
बरिवार में माइ्गरेन की समसयाध रही है।,परिवार में माइग्रेन की समस्या रही है।
बैठेके बाद कल्अा भिंउलटी आथी ै।,बैठने के बाद कूल्हा में उल्टी आती है।
मुषे टॉम्सिल है और कमर में नींद न आना रतही है।,मुझे टॉन्सिल है और कमर में नींद न आना रहती है।
चलने पर ैपरमें गाव कमहो जता ैह।,चलने पर पैर में घाव कम हो जाता है।
खाना ख़ाे के पाध टडंड लगनो लगदा गै।,खाना खाने के बाद ठंड लगना लगता है।
परिवारमें यूटीआई की समब्सयो रही है।,परिवार में यूटीआई की समस्या रही है।
पेसाबका नग बदरग गया है।,पेशाब का रंग बदल गया है।
नश खो चूने पर ज़्यदा खुज ली आती है।,नस को छूने पर ज़्यादा खुजली आती है।
कहोने के आसरपास मोच और ज़्यादा घबराट रहती है।,कोहनी के आसपास मोच और ज़्यादा घबराहट रहती है।
आँखों में जलन और लालिमा गै।,आँखों में जलन और लालिमा है।
अचोनकसा कान में असहनीय घैस लती अै।,अचानक से कान में असहनीय गैस लगती है।
चले पल फपे़े में करेजाम शडो़ू होते अै।,चलने पर फेफड़े में कमजोरी शुरू होती है।
सग ठऐेदई हीगला में बुखाड़ बनी ड़हती गै।,सुबह उठते ही गला में बुखार बनी रहती है।
दवा लेने कि पाद ीबेनि बढ़ जाती है।,दवा लेने के बाद भी बेचैनी बढ़ जाती है।
मासिक़ धर्मइ अनियमित है।,मासिक धर्म अनियमित है।
अोंठठग ड़हहैं।,होंठ फट रहे हैं।
बीरियडस में बहुत द्रद होथा है।,पीरियड्स में बहुत दर्द होता है।
सिर में ठंड लडगना के कारण गैस भी शुरू होता है।,सिर में ठंड लगना के कारण गैस भी शुरू होता है।
चिड़छेड़धापनढ बध़ गया हा।,चिड़चिड़ापन बढ़ गया है।
भं की तशवचापर थक़नाअ आतीहै।,भौं की त्वचा पर थकान आती है।
बवाीसर ीक षमस्या ह।,बवासीर की समस्या है।
एडी़ मं दर्द है।,एड़ी में दर्द है।
गर्ी मेन पिंडली सै जरन रहती है।,गर्मी में पिंडली से जलन रहती है।
पीछले मगीेन से चीभ में रुकरुक कर कठ नब रहटा है।,पिछले महीने से जीभ में रुक-रुक कर कट बना रहता है।
्याईान क़नले बर घाव शरू होथी है।,व्यायाम करने पर घाव शुरू होती है।
चेहरे पर दाने िकवल आए हैं।,चेहरे पर दाने निकल आए हैं।
जाँच में िपेरशन निकला है।,जाँच में डिप्रेशन निकला है।
पेठ नें अकड़न गैण।,पीठ में अकड़न है।
मुझे मंणसपेशि ेमं सण्णपन शरू होओता है।,मुझे मांसपेशी में सुन्नपन शुरू होता है।
बेवजह रोना आता हेर।,बेवजह रोना आता है।
रात को सोते सभय रा में जोट रता अै।,रात को सोते समय कलाई में चोट रहता है।
खोही मउें छूजम है।,कोहनी में सूजन है।
मेरे मामंसफेशी मंे सां पूलणा और घरट दनों आती ैह।,मेरे मांसपेशी में सांस फूलना और घबराहट दोनों आती है।
मुजे यूडीआई ै और पलकमें संक्ड़मन बढब़ ाती ह।,मुझे यूटीआई है और पलक में संक्रमण बढ़ जाती है।
ठंढ मंे जीभ मेंछखींचाव ुोर ोता है।,ठंड में जीभ में खिंचाव शुरू होता है।
धवा लनेि के बाद बे ऐंठम कम हो जादी है।,दवा लेने के बाद भी ऐंठन कम हो जाती है।
मेे होठं में चक्कर और नखसीर दोनों ुरू होता है।,मेरे होंठ में चक्कर और नकसीर दोनों शुरू होता है।
मुझे बाँह में अलल्जी हटी है।,मुझे बाँह में एलर्जी रहती है।
ोह ट रे ैहं।,होंठ फट रहे हैं।
वजन अचाकन बढ़ गया है।,वजन अचानक बढ़ गया है।
मानसपेशिईो डं में खंचाव है।,मांसपेशियों में खिंचाव है।
पाट मे गैस बनती है।,पेट में गैस बनती है।
आँखों में जलन और लालाि है।,आँखों में जलन और लालिमा है।
राकु सोते षमय देँत मेंकट रता है।,रात को सोते समय दाँत में कट रहता है।
अछहनीई मोच क साफथ दाणे भी आतीह।,असहनीय मोच के साथ दाने भी आती है।
वजन अचानक ब़ गया है।,वजन अचानक बढ़ गया है।
थो़ड षांस पूलना के साथ सीनाघ भी लखते है।,थोड़ा सांस फूलना के साथ पसीना भी लगती है।
नुझे वार-बाल तली जथैशी महसूस होती है।,मुझे बार-बार मतली जैसी महसूस होती है।
वजन अछनेक कनहो गठजा है।,वजन अचानक कम हो गया है।
रत सेण आख में ज़्यादा चोट रफहती ै।,रात से आँख में ज़्यादा चोट रहती है।
बैठणे केष पाद कंढा मेंखुजली बने रहती अै।,बैठने के बाद कंधा में खुजली बनी रहती है।
गधे में दकर्दहै।,कंधे में दर्द है।
मुओझे भशिऔर ह और नाक में दसत होटा है।,मुझे फिशर है और नाक में दस्त होता है।
पीठ में सूझन है और टमड रगमा भीठ शुरू हाता है।,पीठ में सूजन है और ठंड लगना भी शुरू होता है।
ददश ा्त कभजोर हो घईैअ।,याददाश्त कमजोर हो गई है।
ूख बिल्कुल नहीं लगती है।,भूख बिल्कुल नहीं लगती है।
खाँी ें खन आथे अिप।,खाँसी में खून आता है।
शरीड़ में दल्द रगतो है।,शरीर में दर्द रहता है।
खान खाने क बाद दड़खन लचगटीहै।,खाना खाने के बाद धड़कन लगती है।
मुझे बेर-बार मतलट जैसी महसइूडश ोदी हि।,मुझे बार-बार मतली जैसी महसूस होती है।
व्यायमकरने पर ैग होटा है।,व्यायाम करने पर गैस होता है।
मुझे बीपी है और गर्दन में िसरड लगती है।,मुझे बीपी है और गर्दन में सिरदर्द लगती है।
झुकने पल नस मैं खांछी लहती है।,झुकने पर नस में खांसी रहती है।
वजन अेमकए भडट़ गयट अै।,वजन अचानक बढ़ गया है।
ारत उँगलीमें मतली गाे रगहत हा।,रात उँगली में मतली होने लगती है।
खाना खाने के बद बगम शुरू होता है।,खाना खाने के बाद बलगम शुरू होता है।
मुझे खला मिन खून आनईा बढ़ जाता है।,मुझे गला में खून आना बढ़ जाता है।
नैे के बाद पलकमेन खांसि रहथी गि।,बैठने के बाद पलक में खांसी रहती है।
मुषेडिप्रेशन है और घएुटना में झननझाहट ुशरू होती हलै।,मुझे डिप्रेशन है और घुटना में झनझनाहट शुरू होती है।
ोजड़ों भें अकट़न है।,जोड़ों में अकड़न है।
खटती डकोर आती ह।,खट्टी डकार आती है।
सुनिव मैम दिककत ो रअि है।,सुनने में दिक्कत हो रही है।
पठ में गैस बनती है।,पेट में गैस बनती है।
गंधा में सुजण है औरसनू भी गोता हाज।,कंधा में सूजन है और सूजन भी होता है।
दि क छसूमे र पगु ऐंठन रहता हषै।,दिल को छूने पर बहुत ऐंठन रहता है।
बवजह रोन आता है।,बेवजह रोना आता है।
दडा लेरने कऐा बाद भी छूजण रगतीअै।,दवा लेने के बाद भी सूजन लगती है।
गले भं खराश है।,गले में खराश है।
दाँत में बरगन कैकरणा पन भी होती है।,दाँत में बलगम के कारण बलगम भी होती है।
कंधे भें रद्द हे।,कंधे में दर्द है।
बन अचामक बढ़ गायआ ै।,वजन अचानक बढ़ गया है।
हड्डी मेंछेले के कारण मोच भी ळखती अै।,हड्डी में छाले के कारण मोच भी लगती है।
सुबह उठते ही ़ीढ़ मेन चक्गड़ बधढ़ ाचता अै।,सुबह उठते ही रीढ़ में चक्कर बढ़ जाता है।
मुझे गॉलब्लैडर है और ठोडी़ में बेचैनी बढ़ झाता है।,मुझे गॉलब्लैडर है और ठोड़ी में बेचैनी बढ़ जाता है।
उँल हिलाने परध ललनष मह सूस होती है।,उँगली हिलाने पर जलन महसूस होती है।
घुटने मे घबराहट के कारणझझना भी कम हो जाती गै।,घुटना में घबराहट के कारण झनझनाहट भी कम हो जाती है।
कोहनी में षूजम हऔर तअत भी गौटा गै।,कोहनी में सूजन है और दस्त भी होता है।
पड़िवारमेम गॉलबअलडड़ कि समस्या रही ै।,परिवार में गॉलब्लैडर की समस्या रही है।
मँुह में ांसी का ेकरण चक्खड़ भे बढ़ जाती है।,मुँह में खांसी के कारण चक्कर भी बढ़ जाती है।
ठनडमिं कंध में भख न लगमा महसस होती ह।,ठंड में कंधा में भूख न लगना महसूस होती है।
वजन अचोनक कम हो गा हि।,वजन अचानक कम हो गया है।
लगाटार छंीक के सवाथगैस भी महसू हाा है।,लगातार छींक के साथ गैस भी महसूस होता है।
गर्म भें सिर से खिंचाव रहती है।,गर्मी में सिर से खिंचाव रहती है।
सुबह उठेत ही ामठा मेम घपराहट गोता है।,सुबह उठते ही माथा में घबराहट होता है।
खाने नेगलन में िदक्कत है।,खाना निगलने में दिक्कत है।
चलमे पर अाथ में थाकन आता गै।,चलने पर हाथ में थकान आता है।
ठंड में कूल्हा नें दस्त हतोा ैहट।,ठंड में कूल्हा में दस्त होता है।
पसली क शूने पर बेहद फ्रैलक्चर कम हो जाती है।,पसली को छूने पर बेहद फ्रैक्चर कम हो जाती है।
मींद मैं खलल ड़ रही अै।,नींद में खलल पड़ रही है।
टअटीठकार आीत है।,खट्टी डकार आती है।
डड मां दमिाग में खोन आना गलटी है।,ठंड में दिमाग में खून आना लगती है।
पशाब मेंभ जलन हौतीओ हि।,पेशाब में जलन होती है।
जाँच मेंबिबी मिकला है।,जाँच में बीपी निकला है।
बैठने े बाद नश ेमं ज़ुकाम होती हे।,बैठने के बाद नस में जुकाम होती है।
लात जीफ मां ंकर्मणअोने लगतगै।,रात जीभ में संक्रमण होने लगती है।
नाख बंदफ रती है।,नाक बंद रहती है।
ठनड ें कूलअहाें चभनलगती है।,ठंड में कूल्हा में चुभन लगती है।
खाना खाने के बा घद़कन भढ़ जताा गै।,खाना खाने के बाद धड़कन बढ़ जाता है।
ठचंटनें पीठ मे फसीणे रहता है।,ठंड में पीठ में पसीना रहता है।
पैरों भें छोजन आ गई हे।,पैरों में सूजन आ गई है।
सिर में ़डू सी हो गई है।,सिर में रूसी हो गई है।
फेड़े मे सूच हैऔर उल्टी मी पनढीड़थही है।,फेफड़े में सूजन है और उल्टी भी बनी रहती है।
तठ्बचा प खुल जी होत ह।,त्वचा पर खुजली होती है।
कब ़्ज कील समश्या है।,कब्ज़ की समस्या है।
गअरमीमें पंजा सै ुभनशुर होथी हा।,गर्मी में पंजा से चुभन शुरू होती है।
शाम से पेभड़े में ज़्यादऊा ठंड लगमा कम हो ाता है।,शाम से फेफड़े में ज़्यादा ठंड लगना कम हो जाता है।
झुकने पर रीढ़ मेथं उल्टे बा गरता है।,झुकने पर रीढ़ में उल्टी बना रहता है।
कनध दाने ेख शाथघ डस्त भ पना रहदा है।,कम दाने के साथ दस्त भी बना रहता है।
गी भें पलक से चकान बनगी रहती ह।,गर्मी में पलक से जुकाम बनी रहती है।
ॉकअटर ने हाल गृदय रगौठहै।,डॉक्टर ने कहा हृदय रोग है।
क्शड़ साच नाकध में लकाथार बपुगाल बझनी रगती अै।,अक्सर से नाक में लगातार बुखार बनी रहती है।
वयायाम खरअने बर ज़ुक़ान क़म हो जाताहै।,व्यायाम करने पर जुकाम कम हो जाता है।
दिल की धड़कन तिज़ हो जाती है।,दिल की धड़कन तेज़ हो जाती है।
सएगनीय फ्रैक्कचठर के साथ धड़गन ी बढ़ जातछा है।,असहनीय फ्रैक्चर के साथ धड़कन भी बढ़ जाता है।
गर्मी में गाल से सपन वना रहता है।,गर्मी में गाल से सुन्नपन बना रहता है।
नाख से खून आता है।,नाक से खून आता है।
खाना खेने ेबाड नकीसरछरू ाता ै।,खाना खाने के बाद नकसीर शुरू होता है।
रा को सोत समय चीम मेंोच बढ़ ाती है।,रात को सोते समय जीभ में मोच बढ़ जाती है।
एड़ी में धरअद है।,एड़ी में दर्द है।
भ्यााम क़रने पर खांषी आती हअि।,व्यायाम करने पर खांसी आती है।
मेरे जिग़र मेंुलजी और धठ़कमडोोन रगित ै।,मेरे जिगर में खुजली और धड़कन दोनों लगती है।
ेाशव मांथ जलद गोती अथै।,पेशाब में जलन होती है।
ाशबपे ाक लंग बदल गया गै।,पेशाब का रंग बदल गया है।
परेवार में बेक्टेरियल की शमकसईा रही है।,परिवार में बैक्टीरियल की समस्या रही है।
पिछले मअीने मंुह ेमं ऐठंन गोने लग़ती गै।,पिछले महीने मुँह में ऐंठन होने लगती है।
पीठ ें अखड़न ह।,पीठ में अकड़न है।
सुवह उठते गी नाखून मंा शोनआ्प बनी रति हेउ।,सुबह उठते ही नाखून में सुन्नपन बनी रहती है।
पीठ में सजन है औ छाले भि आता है।,पीठ में सूजन है और छाले भी आता है।
जाँछ मेम स्लिप्ड डदिस्कम निकले ा।,जाँच में स्लिप्ड डिस्क निकला है।
दिमाघ कोछने र भहुत चळ लढगतीहै।,दिमाग को छूने पर बहुत छाले लगती है।
गर्मी में दाँत े गैस बढ़ जादीओ है।,गर्मी में दाँत से गैस बढ़ जाती है।
णाक से खन आता है।,नाक से खून आता है।
दाँट में ्ददहै।,दाँत में दर्द है।
उँकली में चटो लखी है।,उँगली में चोट लगी है।
सुबह उठते ही टखना में दने शुरू होता है।,सुबह उठते ही टखना में दाने शुरू होता है।
कघभी-कभी से टखना मेन क एडिी रहती है।,कभी-कभी से टखना में कम एसिडिटी रहती है।
ैठने के बेद ूलहा नें मबग आता है।,बैठने के बाद कूल्हा में बलगम आता है।
पेशाब में दलहाथ हैश।,पेशाब में जलन होती है।
मांसपेशीययों मिं खिचाव है।,मांसपेशियों में खिंचाव है।
्यान केंदरित महीं कड़ पोती हूँ।,ध्यान केंद्रित नहीं कर पाती हूँ।
थ्रभच पर खली होती अै।,त्वचा पर खुजली होती है।
रियड के ौड़ान तकारहत है।,पीरियड्स के दौरान थकान रहती है।
ैठेन के बाद भौं भें नींद न आना भहसूस होती है।,बैठने के बाद भौं में नींद न आना महसूस होती है।
दवा लेने खे बाद भी जुकाम कमहो दजी हे।,दवा लेने के बाद भी जुकाम कम हो जाती है।
खठटी डकएार आदी हकै।,खट्टी डकार आती है।
गोअनी में सूजन है।,कोहनी में सूजन है।
जाच में अस्थमा निकईला है।,जाँच में अस्थमा निकला है।
परीवोर ऊमें छेठडिटी की समषया रही।,परिवार में एसिडिटी की समस्या रही है।
छाती में सूजन है और एलल ्जी बी आती है।,छाती में सूजन है और एलर्जी भी आती है।
ईदादेश्त कमजौर ोह गई है।,याददाश्त कमजोर हो गई है।
जाँसघ क़े पाछ फोडा औल रुक-रुक कर टंढ लगना मअछूफस अौती है।,जाँघ के आसपास फोड़ा और रुक-रुक कर ठंड लगना महसूस होती है।
नेक से खू आताहै।,नाक से खून आता है।
व्ाम रनेपर रैश आट गै।,व्यायाम करने पर रैश आता है।
गर्मी में गुटणा से पसीान कन हो ेजता है।,गर्मी में घुटना से पसीना कम हो जाता है।
भचौं में बुखारका ाकरण संकमरनढमी नबे डह़दा गै।,भौं में बुखार के कारण संक्रमण भी बना रहता है।
भुझके जा़घ नें कसीरलअती है।,मुझे जाँघ में नकसीर रहती है।
बेशाब में जरन होती है।,पेशाब में जलन होती है।
नलेे ेफठ़े में चुभखनऔढर नकसीर दुनों बढ़ जोत है।,मेरे फेफड़े में चुभन और नकसीर दोनों बढ़ जाती है।
मासिथक धरमन अनिभेत हे।,मासिक धर्म अनियमित है।
घुने भेम ान मर ईगा है।,घुटने में पानी भर गया है।
शाभ बइार-ार आता है।,पेशाब बार-बार आता है।
खांसी मे खून आता है।,खाँसी में खून आता है।
जो़ठ हलाने पर गमजोरी आता है।,जोड़ हिलाने पर कमजोरी आता है।
जलनै पर दमाग मेटं घाब बना रहत है।,चलने पर दिमाग में घाव बना रहता है।
जीभ पड़ सफैध परथ अै।,जीभ पर सफेद परत है।
शौच में खुन आता है।,शौच में खून आता है।
पैर की अंगुलीए टूट गई है।,पैर की अंगुली टूट गई है।
ााम कमरेब़ साी होती है।,व्यायाम करने पर खांसी होती है।
मुझ नमाखून मेम मौच भढ़ जाती है।,मुझे नाखून में मोच बढ़ जाती है।
सुबह उठदे ही पिंडली में बेजैनी कम हो जाता हसै।,सुबह उठते ही पिंडली में बेचैनी कम हो जाता है।
चिड़चिड़ापनबढ़ गया है।,चिड़चिड़ापन बढ़ गया है।
सुपह उठते ही बाँह में मतलि रगटी है।,सुबह उठते ही बाँह में मतली रहती है।
नाक के आसपासजली और च़्ादा जुकाभ शुर होती है।,नाक के आसपास खुजली और ज़्यादा जुकाम शुरू होती है।
चिट़चिमड़थाबन बढ़ गेई है।,चिड़चिड़ापन बढ़ गया है।
शरीर मे दर्द रहा है।,शरीर में दर्द रहता है।
ेहद झनझनाहट के सठ गेस ी बढ़ जाती है।,बेहद झनझनाहट के साथ गैस भी बढ़ जाती है।
णखून टूट हे है।,नाखून टूट रहे हैं।
सभुह उठतेहीए कूल्गा भंे कट गता हदै।,सुबह उठते ही कूल्हा में कट रहता है।
अयतधिग ंठन के साथ ोमच फीकम हो जाथि गै।,अत्यधिक ऐंठन के साथ मोच भी कम हो जाती है।
णाक ा खून आताै।,नाक से खून आता है।
दो महीणे से एड में खरमी गलना होने लगत है।,दो महीने से एड़ी में गर्मी लगना होने लगती है।
आवज़ णहीं निसगल रही।,आवाज़ नहीं निकल रही।
खटडी डकर तआ है।,खट्टी डकार आती है।
त्वच सूी और खुरडरी हो खई ै।,त्वचा सूखी और खुरदरी हो गई है।
कँाी मां खून आात है।,खाँसी में खून आता है।
आँखों में जजल और लालिमा है।,आँखों में जलन और लालिमा है।
शौच ा खून तआा अै।,शौच में खून आता है।
अर िधन से खा में दैजउ़ फ्ड़ै्रनब रहदी गै।,हर दिन से कान में तेज़ फ्रैक्चर बनी रहती है।
पैट फूरछा रहता हे।,पेट फूला रहता है।
बाँह हिलाने पल सामश फूना रहता है।,बाँह हिलाने पर सांस फूलना रहता है।
दवा लेणे के बाद मीत कमजोरवीबनी रतही है।,दवा लेने के बाद भी कमजोरी बनी रहती है।
आँथख में धड़कन के कारण मोज भी शुरू होती है।,आँख में धड़कन के कारण मोच भी शुरू होती है।
गरम नें पलक से छींक ब़चता अैक।,गर्मी में पलक से छींक बढ़ जाता है।
ध्यान केंद्रिद हनंे कर पाती हूं।,ध्यान केंद्रित नहीं कर पाती हूँ।
छुबअ खर्दन नें षधिरडड़्द होने लगदी ा।,सुबह गर्दन में सिरदर्द होने लगती है।
मुझे स्लपि्ड डिस्क है और कमर में डंड लगना शुरू अोती है।,मुझे स्लिप्ड डिस्क है और कमर में ठंड लगना शुरू होती है।
रात से बजा में कम सांश फूलना शुरू हकोती है।,रात से पंजा में कम सांस फूलना शुरू होती है।
सबुअ उलठ ते ही गूर्ा मैन पचछीनागे है।,सुबह उठते ही गुर्दा में पसीना रहती है।
मुझे बैकटीरियहै औभर टखना में चक्क ोरु होती है।,मुझे बैक्टीरियल है और टखना में चक्कर शुरू होती है।
एड़ी में सजनहै औरथ जोट भी बमि रहदीछ हि।,एड़ी में सूजन है और चोट भी बनी रहती है।
शीररं दरद रहता है।,शरीर में दर्द रहता है।
लम्ीग में िर से सिरदर्द बनी रहती अै।,गर्मी में सिर से सिरदर्द बनी रहती है।
मुझे गॉलब्रेडर है और माखून में एलर्जी बना रहता है।,मुझे गॉलब्लैडर है और नाखून में एलर्जी बना रहता है।
व्ययााम कलने पर एरल्जि लगता है।,व्यायाम करने पर एलर्जी लगता है।
ुलक़-ुरक कल कडीजोमक ेासथ जुकाठप भे बढट़ जेत है।,रुक-रुक कर कमजोरी के साथ जुकाम भी बढ़ जाता है।
ग़रअमी ेमं नाखूनइ से फो़ा बनी रती है।,गर्मी में नाखून से फोड़ा बनी रहती है।
सिर नेंसघोज हऔै और अररअजेबी सुर अोती है।,सिर में सूजन है और एलर्जी भी शुरू होती है।
ाक के आसपाष चोट औ हर्गा एलहजी लगता अै।,नाक के आसपास चोट और हल्का एलर्जी लगता है।
एड़ी की त्वचा ल भूख न गना शुरू हत ोाऐ हैम।,एड़ी की त्वचा पर भूख न लगना शुरू होता है।
जाँच में एनीमिया निक़ला है।,जाँच में एनीमिया निकला है।
कना खाणे के बाद थगाणशरू होती हा।,खाना खाने के बाद थकान शुरू होती है।
लात को सोते समय हठाथ मां कमजोरी होता है।,रात को सोते समय हाथ में कमजोरी होता है।
सबह उठते हएी बिंडली में चखक्कर बमीहथी है।,सुबह उठते ही पिंडली में चक्कर बनी रहती है।
कूळ्गले भछें ूज़मउहै और धावथ फी बनी हरती हा।,कूल्हा में सूजन है और घाव भी बनी रहती है।
गर्दन ुमानेे धिककत हईि।,गर्दन घुमाने में दिक्कत है।
पशैर की अंगुल टूटगई है।,पैर की अंगुली टूट गई है।
भुझ हर्नईािै र जड़ िं सां फूलान पढ़ ज़ाति है।,मुझे हर्निया है और जोड़ में सांस फूलना बढ़ जाती है।
काम मेंआजब आती है।,कान में आवाज़ आती है।
त्भच सूखी और खुरती हा गई है।,त्वचा सूखी और खुरदरी हो गई है।
शौचड मेन खुन आत हैच।,शौच में खून आता है।
कमधे ेमं धर्लद है।,कंधे में दर्द है।
बैठनि के बाद कऐन नैं वूखरा बढक़ जाती हे।,बैठने के बाद कमर में बुखार बढ़ जाती है।
ठने के बाउद कोहनी मिंखुचली हौथा है।,बैठने के बाद कोहनी में खुजली होता है।
खेा नीरके मे दि क्कत है।,खाना निगलने में दिक्कत है।
नसिख धर्भम अनियमित है।,मासिक धर्म अनियमित है।
उँगली मे चोट लगल है।,उँगली में चोट लगी है।
तचवा रणझे के बाद भधीठंड लगऊन आधती है।,दवा लेने के बाद भी ठंड लगना आती है।
गले में खाष है।,गले में खराश है।
मुझा पलक में बलगम कम हो जाटी हि।,मुझे पलक में बलगम कम हो जाती है।
िपत ूफलाउ ड़हथो है।,पेट फूला रहता है।
पजा के आषफास उट्ी ड़ ्यादाधरद मष ोअ जातीग।,पंजा के आसपास उल्टी और ज़्यादा दर्द कम हो जाती है।
गरम्ी ेंम ौबं से ज़लन आीत हैड।,गर्मी में भौं से जलन आती है।
अतधिजक सोन्नपन के सत नीनद न आना भी शुरू होती है।,अत्यधिक सुन्नपन के साथ नींद न आना भी शुरू होती है।
मे रओे क़ूळइ्हा निमब ऐंथमई औरघरहट दोनो ससोरू ोहता ै।,मेरे कूल्हा में ऐंठन और घबराहट दोनों शुरू होता है।
सर की त्चवा पर उळ्टी कम ो जा एीत है।,सिर की त्वचा पर उल्टी कम हो जाती है।
ानखून टूटरहे हैं।,नाखून टूट रहे हैं।
ंधे मा दरद है।,कंधे में दर्द है।
पेशाब ा लं बतल गईा है।,पेशाब का रंग बदल गया है।
जिरग खा छोेम बड़ कम षं्रमण होटा ेअ।,जिगर को छूने पर कम संक्रमण होता है।
जीभ पर सफेद फरत ह।,जीभ पर सफेद परत है।
पीठ में दामे कि कारण रश भी कम गो जाीट है।,पीठ में दाने के कारण रैश भी कम हो जाती है।
आखोम ें जधल और रालिमवा हा।,आँखों में जलन और लालिमा है।
ज़य़ादा थनका के षथ ऐंठन भी शुरू होत है।,ज़्यादा थकान के साथ ऐंठन भी शुरू होती है।
नाक ंद रतही है।,नाक बंद रहती है।
तलवेमंे जलन हजोतखीहै।,तलवे में जलन होती है।
षुके फरघर नें ठनकडभ ळा लतगीअै।,झुकने पर गला में ठंड लगना लगती है।
चलने बरफलख में चक्ते आत ै।,चलने पर पलक में चक्कर आता है।
खान निगलने में िक्कत है।,खाना निगलने में दिक्कत है।
सामसलेनेष मां कतलीफ होती गै।,सांस लेने में तकलीफ होती है।
थोड़ा झनझनागट के साथ बेचैनी भी बढ़जाती गै।,थोड़ा झनझनाहट के साथ बेचैनी भी बढ़ जाती है।
पेथ हिलाने रब ोफठ़ा होी गै।,पेट हिलाने पर फोड़ा होती है।
्वयायाम करने पर चग्कर लगता है।,व्यायाम करने पर चक्कर लगता है।
कंधे भे दर्द है।,कंधे में दर्द है।
वजण अचानक़ खम ह गयजागै।,वजन अचानक कम हो गया है।
व्याईानऔकरनै पर कट बनी रहथी ह।,व्यायाम करने पर कट बनी रहती है।
कबज़ ीक समस्या अै।,कब्ज़ की समस्या है।
बाँ में सूजन है और खांसी भी लगती है।,बाँह में सूजन है और खांसी भी लगती है।
गळा बैठफा हआश गै।,गला बैठा हुआ है।
कब्ज़ कि मस्या ै।,कब्ज़ की समस्या है।
मंसपेशी में सूजन है और गैस भी बी रहती हे।,मांसपेशी में सूजन है और गैस भी बनी रहती है।
िजगड़को छूनेपल बैहदसोन्नपण शुर गोथा ।,जिगर को छूने पर बेहद सुन्नपन शुरू होता है।
र धिन से कूल्हा में ज़यादा गैस शूरू होती है।,हर दिन से कूल्हा में ज़्यादा गैस शुरू होती है।
त्इवचा सूख और खुरदरी ौ गई है।,त्वचा सूखी और खुरदरी हो गई है।
बठनि कै वाद ड़ी में कभ्ज बना रहता है।,बैठने के बाद एड़ी में कब्ज बना रहता है।
ैबटमे गभे पादधूठना भतं माचशुड़ो होता अै।,बैठने के बाद घुटना में मोच शुरू होता है।
पिछले मीहने छदीनिं घाभ हनोा लगती है।,पिछले महीने छाती में घाव होने लगती है।
मेरे पीजठ मंे राश औरधदकम दोनोन एरहटा है।,मेरे पीठ में रैश और धड़कन दोनों रहता है।
मसडों से कून आता अै।,मसूड़ों से खून आता है।
खोणा निगलने मि दीककत है।,खाना निगलने में दिक्कत है।
नेखून को छूनि पर पहुत जकड़न रहता है।,नाखून को छूने पर बहुत जकड़न रहता है।
भ्याजाम करने र गर्मी लगना ुशरु होता अ।,व्यायाम करने पर गर्मी लगना शुरू होता है।
पेषबात में चलनहती है।,पेशाब में जलन होती है।
झकने प टखनाें जकड़ लघदफा ै।,झुकने पर टखना में जकड़न लगता है।
टनखेख ेंक मोज है।,टखने में मोच है।
त्वचा सूखी औड़ ख़ुरदरी हो ईग है।,त्वचा सूखी और खुरदरी हो गई है।
खाना खाने क बाद मोच कम हो जाता अै।,खाना खाने के बाद मोच कम हो जाता है।
कुळ्ा को छूने पर खाफी एलर्जी आथा ैह।,कूल्हा को छूने पर काफी एलर्जी आता है।
सबअ ठै ही दिल में धबराहट खभ होजाती ै।,सुबह उठते ही दिल में घबराहट कम हो जाती है।
पेसाब का रंग पणदल गशजा है।,पेशाब का रंग बदल गया है।
सुअबह उठतेही गेल में बलगम शुरू हतोा गै।,सुबह उठते ही गाल में बलगम शुरू होता है।
आक मं सूजन है और चक भी ळगउती है।,आँख में सूजन है और चक्कर भी लगती है।
शौच मैं खून आता है।,शौच में खून आता है।
तलझवा अमेंजदल होतीहै।,तलवे में जलन होती है।
खोँसि मा खूमआता ै।,खाँसी में खून आता है।
माथा की त्वचा पर संक्रमण कम हा जाती है।,माथा की त्वचा पर संक्रमण कम हो जाती है।
व्याटयाम करना फर छींक़ बढ़ जताा है।,व्यायाम करने पर छींक बढ़ जाता है।
ठड में ठुड़ी मेम छुभन बड़ जाता अे।,ठंड में ठोड़ी में चुभन बढ़ जाता है।
उँगलिोजं में झमा हुती है।,उँगलियों में झनझनाहट होती है।
गभीनिंब शीर से कब्ज रहता ै।,गर्मी में सिर से कब्ज रहता है।
रप वाभर भें एशिडिटी की छमस् या रही हथै।,परिवार में एसिडिटी की समस्या रही है।
पेशाब का रगं बदल गया गै।,पेशाब का रंग बदल गया है।
ाम सि पीड में लाथर सिड़डल्द शुड़ू ोता अा।,शाम से पीठ में लगातार सिरदर्द शुरू होता है।
दवा लेने के बदाभी जुक़ाम भढ़ जते है।,दवा लेने के बाद भी जुकाम बढ़ जाता है।
डॉकर ने कहा माइग्रेन है।,डॉक्टर ने कहा माइग्रेन है।
चलनि पर जोट़ ं बरेगट बढ़ जाी अै।,चलने पर जोड़ में घबराहट बढ़ जाती है।
खट्टी डकार आत है।,खट्टी डकार आती है।
सर मेन रूसी हुगई है।,सिर में रूसी हो गई है।
अोंठ फट रहे हैं।,होंठ फट रहे हैं।
झड़ोद ीक थ्वशापर छजनलग़ है।,जोड़ की त्वचा पर सूजन लगता है।
पीरिड्सके ौरान थनका रहती है।,पीरियड्स के दौरान थकान रहती है।
सिर में रषूी हो गई है।,सिर में रूसी हो गई है।
आबाज़ नहीं निकलरही।,आवाज़ नहीं निकल रही।
शौच मेंढ खुन आात ह।,शौच में खून आता है।
शौच मेम खुन आता है।,शौच में खून आता है।
चेहरे पर दाने नीकल आए हैं।,चेहरे पर दाने निकल आए हैं।
सअुमणे भेंदीककत ोढ रही है।,सुनने में दिक्कत हो रही है।
बैठनेके पाद पिडली मैं छाले आता ैह।,बैठने के बाद पिंडली में छाले आता है।
एड़ी का छूने पर तेज जन महसूइछ होता हा।,एड़ी को छूने पर तेज़ जलन महसूस होता है।
एड़ी में दड़्द िह।,एड़ी में दर्द है।
भूझे बाल-बार भतली जैछी महसूस होतीहै।,मुझे बार-बार मतली जैसी महसूस होती है।
एक गफअते से से ँत भेम ज़यादा कमजौड़ी आता है।,एक हफ्ते से से दाँत में ज़्यादा कमजोरी आता है।
रात कु सोठति समई माता मां नझझनाहट बढ जाता ग।,रात को सोते समय माथा में झनझनाहट बढ़ जाता है।
ठड ेंमाथा में खांसे बढ़जाती ह।,ठंड में माथा में खांसी बढ़ जाती है।
मेरडे ज़ाँघ मेशंुकाम और बलगम दोनों बढ़जाती है।,मेरे जाँघ में जुकाम और बलगम दोनों बढ़ जाती है।
गअ्सल से स नवें बहुतमचो बढ़ जाता है।,अक्सर से नस में बहुत मोच बढ़ जाता है।
ुमझे कोलअेस्टरलहि और एडी में पोड़ा शुडू होता ैह।,मुझे कोलेस्ट्रॉल है और एड़ी में फोड़ा शुरू होता है।
ईादाश्त कमजोरख हो गई है।,याददाश्त कमजोर हो गई है।
नुँह अिलाने पर संक्मण शुरू हछोता हकै।,मुँह हिलाने पर संक्रमण शुरू होता है।
ाना खाने खे बदा नकसीर कम ह जाता है।,खाना खाने के बाद नकसीर कम हो जाता है।
डॉकरटणे कईहा बपी गै।,डॉक्टर ने कहा बीपी है।
अथ-फैर सुन्यम हो झेते हैं।,हाथ-पैर सुन्न हो जाते हैं।
रात षे नाक में हल्ाक जलन लगता गै।,रात से नाक में हल्का जलन लगता है।
झीभ क़ो छूने पर कम रैश शुरू गोती है।,जीभ को छूने पर कम रैश शुरू होती है।
टंड मां गथ में गैस आथहै।,ठंड में हाथ में गैस आती है।
पेशाब में जलन होती हे।,पेशाब में जलन होती है।
गली म नाक से घभराहट महसस होता है।,गर्मी में नाक से घबराहट महसूस होता है।
मेरे हाध मे ंड लघना और फ्रैक्चर दोनों बना रहता है।,मेरे हाथ में ठंड लगना और फ्रैक्चर दोनों बना रहता है।
सिर नें रूसी ोगई ैह।,सिर में रूसी हो गई है।
दिल े आछपास कब्ज और ज़्याद नकषीड़ कम हो जोती है।,दिल के आसपास कब्ज और ज़्यादा नकसीर कम हो जाती है।
खाना खाने गै बजाद ऐंठणभढ़ जाती है।,खाना खाने के बाद ऐंठन बढ़ जाती है।
गाण में आवाज़ आदी है।,कान में आवाज़ आती है।
फरसों ै कोहनी में गाफी सनक्रभन नहूस होता अट।,परसों से कोहनी में काफी संक्रमण महसूस होता है।
कराई में नोच आ गई हऐै।,कलाई में मोच आ गई है।
मुझे जूतईआ है और गाथ में पीसनाबढ़ जातीहै।,मुझे यूटीआई है और हाथ में पसीना बढ़ जाती है।
गरा केआसपास ठंड लगना और हल्का थकान कम होझाती है।,गला के आसपास ठंड लगना और हल्का थकान कम हो जाती है।
डंन में बौम मेन पछीो बढ़ चाा है।,ठंड में भौं में पसीना बढ़ जाता है।
गली मेम दिललस टके हती है।,गर्मी में दिल से थकान होती है।
हाथ-पैर सुनन हो जाटै हैं।,हाथ-पैर सुन्न हो जाते हैं।
बवा शीर की मसअया है।,बवासीर की समस्या है।
मुझे त्वच मंा जूकाब बढ़ जेता है।,मुझे त्वचा में जुकाम बढ़ जाता है।
बझैठने केबद बाड़ मे ऐटबण आती हि।,बैठने के बाद पैर में ऐंठन आती है।
सुबअ से ज़िगर में अशहनीयओ फोड़ा आदाअै।,सुबह से जिगर में असहनीय फोड़ा आता है।
आवाज़ णहीं निलक रही।,आवाज़ नहीं निकल रही।
चेँच ेभं पाइल्नहिकला है।,जाँच में पाइल्स निकला है।
परिवार नें गिडनी स्टौन की समसय ठा रही है।,परिवार में किडनी स्टोन की समस्या रही है।
मुझे झभी नें उल्टीबना रहता ह।,मुझे जीभ में उल्टी बना रहता है।
सुपह उठते ही मांपेशी में ख़ून आना लगटा है।,सुबह उठते ही मांसपेशी में खून आना लगता है।
हाथ-पैजरऊ छुअणन ो ोथ हां।,हाथ-पैर सुन्न हो जाते हैं।
दिल की धड़कन तेज़ हो जाथी है।,दिल की धड़कन तेज़ हो जाती है।
मोटह भे सूजन ैह औरपसनीा भी रहती गि।,मुँह में सूजन है और पसीना भी रहती है।
फलक के आसास छाईले औल रुक-रकु रक चुनभ आतऊा है।,पलक के आसपास छाले और रुक-रुक कर चुभन आता है।
मेशा नाखूम ें एसिदिटी होने लगती है।,हमेशा नाखून में एसिडिटी होने लगती है।
जलने पर माथा मेंआ दाने रहथी है।,चलने पर माथा में दाने रहती है।
खवज़ के समस्याहैज।,कब्ज़ की समस्या है।
ाँ में शअष्थमाण णिकला ह।,जाँच में अस्थमा निकला है।
जीम पर सफेद परत है।,जीभ पर सफेद परत है।
टखा में मोच है।,टखने में मोच है।
नेरि जाँघ ें चोत और जक़ाभ दोनोमषआति है।,मेरे जाँघ में चोट और जुकाम दोनों आती है।
गले ममेगराश है।,गले में खराश है।
खना खानै ग बाद एलर्जिअोती है।,खाना खाने के बाद एलर्जी होती है।
मुझ कळाई मेंगैछ रहती अै।,मुझे कलाई में गैस रहती है।
वजन अचाणक गम हो गया हघि।,वजन अचानक कम हो गया है।
परों भें सूजन आ गई है।,पैरों में सूजन आ गई है।
जाँडच मैं टॉन्सिळिकला गै।,जाँच में टॉन्सिल निकला है।
कोहणी मैं सूज है।,कोहनी में सूजन है।
ंठड मं ुठा में थकमा लगता है।,ठंड में घुटना में थकान लगता है।
कलईा भेसोजन ेग औल ख़ांसे बढ़ जेता हणै।,कलाई में सूजन है और खांसी भी बढ़ जाता है।
क़ाफे जुकाम ेक साथ सिरदर्द भी रहता है।,काफी जुकाम के साथ सिरदर्द भी रहता है।
ाजँघ मंे सज है औ ग़ र्मी लान बीहतोा है।,जाँघ में सूजन है और गर्मी लगना भी होता है।
गलेमेंउ खराश गै।,गले में खराश है।
परि वारच में फिर कजी समस्या रगी है।,परिवार में फिशर की समस्या रही है।
स्त लग गए ैहं।,दस्त लग गए हैं।
बैठने का बाद नखू में गून आना रहता हऐि।,बैठने के बाद नाखून में खून आना रहता है।
तलवे में जरन होती हईै।,तलवे में जलन होती है।
नाक की टवच पडभ़ नंद न आषना बना रगता है।,नाक की त्वचा पर नींद न आना बना रहता है।
कबज़ की समष्यछा है।,कब्ज़ की समस्या है।
झुने पर पंज मे गुजली बढ़ जाता ह।,झुकने पर पंजा में खुजली बढ़ जाता है।
मुँग के आइसपास कबब्ज और गमड कले छुरू होीत है।,मुँह के आसपास कब्ज और कम खुजली शुरू होती है।
खाँ सी नें ुखन आता ै।,खाँसी में खून आता है।
भैठणे के बद एड़ी में उल्टी रग़ता है।,बैठने के बाद एड़ी में उल्टी लगता है।
चडचढि़पन बढ़ गयाहै।,चिड़चिड़ापन बढ़ गया है।
सुबह उठतचे हे गर्न मटे फोड़ा आती है।,सुबह उठते ही गर्दन में फोड़ा आती है।
ाई को छूणे पर कम झनझधनहमट कम अो तजी है।,कलाई को छूने पर कम झनझनाहट कम हो जाती है।
सुबकह उडते हि होंठ मे गर्भी लओग पनी अरती है।,सुबह उठते ही होंठ में गर्मी लगना बनी रहती है।
त्वचा सूीख और खोलडरी हो घई है।,त्वचा सूखी और खुरदरी हो गई है।
पेशाब बारअबाढर आत अै।,पेशाब बार-बार आता है।
परिवारइ मे अर्निया के समस्य रअी है।,परिवार में हर्निया की समस्या रही है।
अछानक से दाँत मेन बेहड खांशी हसूष ोतो है।,अचानक से दाँत में बेहद खांसी महसूस होता है।
चलने पर आँख में कबअ महषूस होती है।,चलने पर आँख में कब्ज महसूस होती है।
छाती भें धबा भगसूसहाता हि।,छाती में दबाव महसूस होता है।
मुझे ा-राल मतल ैछी गसू हौती है।,मुझे बार-बार मतली जैसी महसूस होती है।
माशिक धर्म अनियमित है।,मासिक धर्म अनियमित है।
डॉक्टर णे कहा फअस्थमा है।,डॉक्टर ने कहा अस्थमा है।
व्याईाम करने पर शोलै बड़ झाटा है।,व्यायाम करने पर छाले बढ़ जाता है।
व्यायबाम करने पड़ छालरे क़म हो जेता है।,व्यायाम करने पर छाले कम हो जाता है।
मुझे फाइल्छ है और पलकैं खजली बनआा हरता है।,मुझे पाइल्स है और पलक में खुजली बना रहता है।
पेट भें गस बनते है।,पेट में गैस बनती है।
चिठ़चिद़ापन बढ़ गया है।,चिड़चिड़ापन बढ़ गया है।
एड़ि में दर्द है।,एड़ी में दर्द है।
भजन अचाषनख कम हभो घहया है।,वजन अचानक कम हो गया है।
घटणा हिलाने पड़ नींर न आना सुड़ु होती ह।,घुटना हिलाने पर नींद न आना शुरू होती है।
दिल ि सपास टक और तेज़ संक्रभण कभ हो जाता है।,दिल के आसपास कट और तेज़ संक्रमण कम हो जाता है।
त्वजा पर ख़ुजलि होती है।,त्वचा पर खुजली होती है।
खाना गेने के बादचोट कम हो जाथा है।,खाना खाने के बाद चोट कम हो जाता है।
चलने पर पलक में पसीना शुरू गोता है।,चलने पर पलक में पसीना शुरू होता है।
सुबह उठटे ह बाल मे खजली रहती है।,सुबह उठते ही बाल में खुजली रहती है।
ज़ाच में अल्सर णिका है।,जाँच में अल्सर निकला है।
सिर में खूण ना के ा ुचमन भी बनी रहती हा।,सिर में खून आना के कारण चुभन भी बनी रहती है।
खाना खाने ेक बाद पसना महसूशहोता है।,खाना खाने के बाद पसीना महसूस होता है।
उंगयां में णझझनात हतो है।,उँगलियों में झनझनाहट होती है।
रीढ़ को शूने पर रग-रूक करठंड लगना लगती है।,रीढ़ को छूने पर रुक-रुक कर ठंड लगना लगती है।
नथुना को छूने पर तज़ चोट रहती अ।,नथुना को छूने पर तेज़ चोट रहती है।
क़ंघे नं दअद गै।,कंधे में दर्द है।
पठ में अक़ है।,पीठ में अकड़न है।
गर्मी मछें मुँह े गैसरअटे हे।,गर्मी में मुँह से गैस रहता है।
शरी़ भेंरदजद् लहतढाहै।,शरीर में दर्द रहता है।
वआाज़ नहं निकररही।,आवाज़ नहीं निकल रही।
हलअका धड़कन के साथ दलद भी लगता हठै।,हल्का धड़कन के साथ दर्द भी लगता है।
माधा खो छूनि लप ड़क-रुक क दाने गलती हैय।,माथा को छूने पर रुक-रुक कर दाने लगती है।
जीभ पड़ सेफद पड़त है।,जीभ पर सफेद परत है।
एक गफ्ते सेलि में भूक ण लगानहणोे लगती है।,एक हफ्ते से दिल में भूख न लगना होने लगती है।
पहु जणद खे साथ घकन ी भधत़ जाथा है।,बहुत जलन के साथ धड़कन भी बढ़ जाता है।
खाना गाने ेक बाद खिंचोवझ लगतपि है।,खाना खाने के बाद खिंचाव लगती है।
मेरेआँ मेम सोन्पणन औरचुभन दाचनों बढ़ जाी गैड।,मेरे आँख में सुन्नपन और चुभन दोनों बढ़ जाती है।
सुबह ते हीेथी में षनषनाहटख रहता है।,सुबह उठते ही छाती में झनझनाहट रहता है।
़रअमीमें बल से नोच शुरू हात है।,गर्मी में बाल से मोच शुरू होता है।
गाना खाने क़े बाद दस्त होदी है।,खाना खाने के बाद दस्त होती है।
खठ्ठी डकर आती है।,खट्टी डकार आती है।
डॉक्टर ने कहा डायबटीज़ है।,डॉक्टर ने कहा डायबिटीज़ है।
बैआठने के बाद आँख में खुजली ळगत है।,बैठने के बाद आँख में खुजली लगती है।
जोढ़ों में अगड़न है।,जोड़ों में अकड़न है।
जोँच में आड़्ठराइटिछ नी़झला है।,जाँच में आर्थराइटिस निकला है।
पिलरव ेभंकिडनी स्डनो खी समस्या रही है।,परिवार में किडनी स्टोन की समस्या रही है।
पिंडले कि थ्वचा पर गली बनो रअता अै।,पिंडली की त्वचा पर खुजली बना रहता है।
नीदं में खलल पड़ रही है।,नींद में खलल पड़ रही है।
मेसिक धल्म अीमयमित हैठ।,मासिक धर्म अनियमित है।
हाथ क़े दच् प छखक ्र हथा है।,हाथ की त्वचा पर चक्कर रहता है।
िसर में रूश हो गईहै।,सिर में रूसी हो गई है।
चलने पर पंडली मंे सुन्नफन आथी है।,चलने पर पिंडली में सुन्नपन आती है।
पीट मे अकढ़न है।,पीठ में अकड़न है।
जोड़ में चो के कारण थकन भी पढ़ जाती अै।,जोड़ में चोट के कारण थकान भी बढ़ जाती है।
गर्मी में भांसपेशीेष घाव बनीरहती है।,गर्मी में मांसपेशी से घाव बनी रहती है।
गर्दनघुमोेण में दिक्कत अै।,गर्दन घुमाने में दिक्कत है।
ठंद भें कमधरमें खुजईरी कम हो जतीगै।,ठंड में कमर में खुजली कम हो जाती है।
बिहदकनझोर कआे ाथ नकसीर भी खम गो जाता ैह।,बेहद कमजोरी के साथ नकसीर भी कम हो जाता है।
झुकने पर सिर में संक्रमञ महछूस होती हा।,झुकने पर सिर में संक्रमण महसूस होती है।
परस ों गुलरअदा मेंबुखार अोने लगती है।,परसों गुर्दा में बुखार होने लगती है।
छाती मघिं दबाव नहसूस होतशा है।,छाती में दबाव महसूस होता है।
हाथ-पैर सुन्न हो जाते अैं।,हाथ-पैर सुन्न हो जाते हैं।
गर्तन घकूमाणेग मिं िदक्षक अै।,गर्दन घुमाने में दिक्कत है।
बरक की़त्वचा र गैष शुड़ू गोता हैस।,पलक की त्वचा पर गैस शुरू होता है।
बवाषीर की समस्या है।,बवासीर की समस्या है।
बोल झड़ रहे हैं।,बाल झड़ रहे हैं।
थोद़ा ग़ैसथ के साथ दसअत भ बन रगताहै।,थोड़ा गैस के साथ दस्त भी बना रहता है।
मुजे हडअदडि में कट बना रहात ह।,मुझे हड्डी में कट बना रहता है।
ए़डी मेंह तद हि।,एड़ी में दर्द है।
ठड मिं गार नेंढ बलगम बजढ़ जादीथ अै।,ठंड में गला में बलगम बढ़ जाती है।
भजन अछानक कसम हो गया है।,वजन अचानक कम हो गया है।
फरभार भें अल्सड़ क समस्या रही ै।,परिवार में अल्सर की समस्या रही है।
दवा लेणे के बाद भी छलाे शुरू होती है।,दवा लेने के बाद भी छाले शुरू होती है।
पिछले महीने से भौं में असहनीय चकअते शुरू गोता ै।,पिछले महीने से भौं में असहनीय चक्कर शुरू होता है।
गले में करेश है।,गले में खराश है।
चौड़ों में अकड़न है।,जोड़ों में अकड़न है।
वायेम कलने पर खांश रहता गै।,व्यायाम करने पर खांसी रहता है।
डॉक़्ड ने क़हा एन ीमिया ह।,डॉक्टर ने कहा एनीमिया है।
भ्यायम करने पर खाशी आती अै।,व्यायाम करने पर खांसी आती है।
पसली में सूजन है और चोट भी बनी रहती अै।,पसली में सूजन है और चोट भी बनी रहती है।
परसों छे नाक में रुखथ-रुक करसूजनव लआहते अे।,परसों से नाक में रुक-रुक कर सूजन रहती है।
बठणे खे पाद दिमाघ म बखार रत हा।,बैठने के बाद दिमाग में बुखार रहता है।
दाँत ें दर्द है।,दाँत में दर्द है।
गमी में हड्डी से ऐंठम होती है।,गर्मी में हड्डी से ऐंठन होती है।
कोहनी में सजन हि।,कोहनी में सूजन है।
कष़मरमें दर्द रगता गै।,कमर में दर्द रहता है।
व्या करने प दाने आता है।,व्यायाम करने पर दाने आता है।
तवच पर खुजली हती है।,त्वचा पर खुजली होती है।
घुटनेमें पानी भर गया है।,घुटने में पानी भर गया है।
पि शेब गा रगं ब गजा हे।,पेशाब का रंग बदल गया है।
मासीक धर्म अनियमित है।,मासिक धर्म अनियमित है।
ंन भैं नाक भें दने खगा जताि हे।,ठंड में नाक में दाने कम हो जाती है।
ुबह उठते ही दाँत मैं एलडव़ी रहतीझ ैह।,सुबह उठते ही दाँत में एलर्जी रहती है।
बाल ड़ रहे अैं।,बाल झड़ रहे हैं।
मुेझ इंफाखन हैऐ औरपंजा मिं कमरीोज बनी रहती है।,मुझे इंफेक्शन है और पंजा में कमजोरी बनी रहती है।
रात कु सोते समयपसली मेम नींत न आना बनी रगटी है।,रात को सोते समय पसली में नींद न आना बनी रहती है।
बेहद जुाम के साथ मजोरी भी ुरू हाथा हएै।,बेहद जुकाम के साथ कमजोरी भी शुरू होता है।
बाँह की त्वचा फर एसिडिटी आतीअै।,बाँह की त्वचा पर एसिडिटी आती है।
ंढ मान तमिग मेलं ोटरहत ै।,ठंड में दिमाग में चोट रहता है।
दवा ेलने के भाद भन फ्दैरक्र ़ध चाते अै।,दवा लेने के बाद भी फ्रैक्चर बढ़ जाता है।
ुमझे बीनटी अाऔर भौं में ठंन गलना क हा ज़ातो हा।,मुझे बीपी है और भौं में ठंड लगना कम हो जाता है।
पैशाब का रंग बडल गया गै।,पेशाब का रंग बदल गया है।
ठंड में छाती में छमक्रमण भहसू अोती ह।,ठंड में छाती में संक्रमण महसूस होती है।
जाजंच मं साइनसणिलखा है।,जाँच में साइनस निकला है।
झुकने पर गुर्दा मैं सूऊजन महसूस होती है।,झुकने पर गुर्दा में सूजन महसूस होती है।
पेठ पूला रहता है।,पेट फूला रहता है।
टखना को छूनै पर थोड़े खांी होता है।,टखना को छूने पर थोड़ा खांसी होता है।
नाक से गून आता है।,नाक से खून आता है।
ाखान ाखणे के बाद सुन्नपन कम हो जाती है।,खाना खाने के बाद सुन्नपन कम हो जाती है।
ाच नें किडी छ्टोन णिकला है।,जाँच में किडनी स्टोन निकला है।
पड़िवार में डायबिटीज़ की समषब्ये रही गै।,परिवार में डायबिटीज़ की समस्या रही है।
चनले फर भौं िमं खांशसी लगती है।,चलने पर भौं में खांसी लगती है।
चलने पर कंधा भेंबुार हती है।,चलने पर कंधा में बुखार होती है।
ुभजे फिश़ गै र हों मं छींक भगूछ होताहै।,मुझे फिशर है और होंठ में छींक महसूस होता है।
व्फयायाढम करनेअ पड़ वगमडमषूस होती है।,व्यायाम करने पर बलगम महसूस होती है।
मुझे एनीिमया है और कंधा नें खंासि कम हो जाता है।,मुझे एनीमिया है और कंधा में खांसी कम हो जाता है।
याददाश्त कमजोउल हो गई है।,याददाश्त कमजोर हो गई है।
अक्छर आँख मे चाट अोने लगती है।,अक्सर आँख में चोट होने लगती है।
थमड ेम बड ंली भउिंर एसीडेत रघट अ।,ठंड में पिंडली में एसिडिटी लगता है।
दोँत में दर्द हिण।,दाँत में दर्द है।
आज़नहीं निकऔल हरी।,आवाज़ नहीं निकल रही।
मैेर गरअदन में छींक और क ोदनों बना रहता हि।,मेरे गर्दन में छींक और कट दोनों बना रहता है।
जोड़ोम नें अकड़म है।,जोड़ों में अकड़न है।
सभह उठदे ही माठ मेम कपजष कमगो जात हमै।,सुबह उठते ही माथा में कब्ज कम हो जाती है।
राट को सोते समयगाल मैं भूख न ळगना आथती है।,रात को सोते समय गाल में भूख न लगना आती है।
बैऐठने के बाद दाँत में उल्टी बढ़ जादी है।,बैठने के बाद दाँत में उल्टी बढ़ जाती है।
वज अचभाकओ बढ़ ग़ईा ै।,वजन अचानक बढ़ गया है।
कओुहनीय ें सूजै।,कोहनी में सूजन है।
बाथभन ख बाठद पेड मेनउनकीर सुरू होत है।,बैठने के बाद पेट में नकसीर शुरू होता है।
परजिवार में िपसर खी समसअयेरही अै।,परिवार में फिशर की समस्या रही है।
चलने पड़ गुहनी में गमजोरी मसहूस होतगा है।,चलने पर कोहनी में कमजोरी महसूस होता है।
दणाँत लिाने पर गैस शुरु होता ैह।,दाँत हिलाने पर गैस शुरू होता है।
दॉक्टर ने क़ा फंगल है।,डॉक्टर ने कहा फंगल है।
वजसन अचाडनक म हवो गया है।,वजन अचानक कम हो गया है।
उँलियोऊंमे नझझनाटहहफोती है।,उँगलियों में झनझनाहट होती है।
सिर के आसपोस ंसक्रमजण और कम छलाठ महसस ोहदा हे।,सिर के आसपास संक्रमण और कम छाले महसूस होता है।
मुँह में छल हो गए हिं।,मुँह में छाले हो गए हैं।
जाचँ में हृदय रुख नकिरा है।,जाँच में हृदय रोग निकला है।
पैठमे के बाद पट में बलगभ रहथा है।,बैठने के बाद पेट में बलगम रहता है।
बेहद गठकफे ाठ दसत भे ळगदटी अै।,बेहद कट के साथ दस्त भी लगती है।
डॉक्टल ने कहा गॉरब्लैडल है।,डॉक्टर ने कहा गॉलब्लैडर है।
गरे में गरोश है।,गले में खराश है।
नस हीलाने ऐंठन मकहो जाती है।,नस हिलाने पर ऐंठन कम हो जाती है।
असहनीय नद न आना केऊात एलल्ज भ लकती है।,असहनीय नींद न आना के साथ एलर्जी भी लगती है।
पैड़ों में सूजन आ गईहै।,पैरों में सूजन आ गई है।
ोरत को छोते समय पलक में पसीना मअूस होती है।,रात को सोते समय पलक में पसीना महसूस होती है।
भुझ फिशर है और फेफड़े में घाहोती है।,मुझे फिशर है और फेफड़े में घाव होती है।
गोर ेमं षुमज हैऔड़ जलन भ लही है।,गाल में सूजन है और जलन भी रहती है।
सुब उठते हेमुँय में खां छी शुरू होटी है।,सुबह उठते ही मुँह में खांसी शुरू होती है।
मेरे ज़ाँघ मैं चुभन और छेले दोनों बना रहात गै।,मेरे जाँघ में चुभन और छाले दोनों बना रहता है।
दवा रेमे के पाध भी उळ्एटी लगटा है।,दवा लेने के बाद भी उल्टी लगता है।
अख्र से ोन में भेहदभ उल्टी ब़ ज़ाा हे।,अक्सर से कान में बेहद उल्टी बढ़ जाता है।
बचनद चानखब कम हौ याग हा।,वजन अचानक कम हो गया है।
मेरे कलाई ेमं बुखार औ़ खून आण दामों लगती है।,मेरे कलाई में बुखार और खून आना दोनों लगती है।
गाँसी में खून आता हैर।,खाँसी में खून आता है।
धा लेने क बोद भी चशोट महसूष अोी गै।,दवा लेने के बाद भी चोट महसूस होती है।
झुकनेपर जाड़ में जकड़न हसूस गोीत है।,झुकने पर जोड़ में जकड़न महसूस होती है।
फेपड़े ो छम पर रुक-़डुक कर खिंजाव अोती है।,फेफड़े को छूने पर रुक-रुक कर खिंचाव होती है।
बजह ोनसोआता है।,बेवजह रोना आता है।
होठ की त्वचा बर मोज ळगती है।,होंठ की त्वचा पर मोच लगती है।
डडॉटर नेड क़हाल अलछर है।,डॉक्टर ने कहा अल्सर है।
ठंद मेंध ड़ि ेमं उल्टी शुरूहोता गै।,ठंड में एड़ी में उल्टी शुरू होता है।
दिल की धड़कन तेच़ अो ाटी है।,दिल की धड़कन तेज़ हो जाती है।
चहेरेपर दाने मिकल आए हैं।,चेहरे पर दाने निकल आए हैं।
रात गर्टदम में घबराहटहथोनषे गती हि।,रात गर्दन में घबराहट होने लगती है।
झुखने बरक़ोहनी मे छाले कम़ ु ज़ाती है।,झुकने पर कोहनी में छाले कम हो जाती है।
कर्मरे में आक े मरोी शुरूहोी है।,गर्मी में आँख से कमजोरी शुरू होती है।
मुझे पीठ मंे कमचोरी बनी रअती ह।,मुझे पीठ में कमजोरी बनी रहती है।
ुसबह उठतड ि पठ में फधोठअ़ होते है।,सुबह उठते ही पीठ में फोड़ा होता है।
कमर ेमं ल्ड रअथा ै।,कमर में दर्द रहता है।
पेट में गैस बनी है।,पेट में गैस बनती है।
पेशाबभ बहार-बारा है।,पेशाब बार-बार आता है।
दिमाग की त्वचा पर फोड़ा लगद है।,दिमाग की त्वचा पर फोड़ा लगती है।
गला बैठाओ ुआ है।,गला बैठा हुआ है।
रात को लसोते समय बाँह मै ल्टी लगती है।,रात को सोते समय बाँह में उल्टी लगती है।
पिरों में छूजन आ गई ै।,पैरों में सूजन आ गई है।
तिज़ दस्त के साआथ फ़्रैकचर ी भहशूस होतझ है।,तेज़ दस्त के साथ फ्रैक्चर भी महसूस होता है।
शौचए में खूनआता है।,शौच में खून आता है।
पीरियठ्स मे हबतु दड़्ध हुथा है।,पीरियड्स में बहुत दर्द होता है।
षकनेपर पत में खासभी रहथ है।,झुकने पर पेट में खांसी रहती है।
उँगळियों मं झनजनाअटहोती है।,उँगलियों में झनझनाहट होती है।
पंजो के आसपास एलरजी औल तेज़ घाव बढ़ जातणा हैझ।,पंजा के आसपास एलर्जी और तेज़ घाव बढ़ जाता है।
व्यायाम खरने पर सूजम महसस होत है।,व्यायाम करने पर सूजन महसूस होता है।
ेतज़ ोड़ा का ाथस मोच भी भढ़ जाता है।,तेज़ फोड़ा के साथ मोच भी बढ़ जाता है।
मषुभ फशिर ैह औ णथुना में कध कम होज़ाता है।,मुझे फिशर है और नथुना में धड़कन कम हो जाता है।
पड़िवोर में कोलेस्ट्रॉल की छमस्या रगी है।,परिवार में कोलेस्ट्रॉल की समस्या रही है।
नस को चूने परलुकरु-क कठड़ निद न ना महूश ोहती अै।,नस को छूने पर रुक-रुक कर नींद न आना महसूस होती है।
गर्दन घुमने में धिग्द अै।,गर्दन घुमाने में दिक्कत है।
रात को सोते समय पसली मिं गैस रहता है।,रात को सोते समय पसली में गैस रहता है।
सांस लेने में तकलीफ हएोती है।,सांस लेने में तकलीफ होती है।
ाकन क़ो छोेन परतेज़ सऔूजन बनारहता है।,कान को छूने पर तेज़ सूजन बना रहता है।
नड़ गाल मढें खून आना और जुका तोनुनम ु जादा हैथ।,मेरे गाल में खून आना और जुकाम दोनों कम हो जाता है।
पीड़ेयठ्स में बहत दर्द होते है।,पीरियड्स में बहुत दर्द होता है।
व्येजाम करने पर छींक आता है।,व्यायाम करने पर छींक आता है।
पड में सूजन गणे औड़ एळर्जी भी होता है।,पीठ में सूजन है और एलर्जी भी होता है।
चिहरे पर देने निकल आए हैं।,चेहरे पर दाने निकल आए हैं।
मरेठा नथुमा ामफधबराहठ औरबरगम ोनों महसूस होती ह।,मेरे नथुना में घबराहट और बलगम दोनों महसूस होती है।
चलने आँखें कट रहता हि।,चलने पर आँख में कट रहता है।
ॉक्टर े कअाडिप्रेषन है।,डॉक्टर ने कहा डिप्रेशन है।
खाना खाने के पाद छाले आता है।,खाना खाने के बाद छाले आता है।
मासिक धर्भ अनिईमिट है।,मासिक धर्म अनियमित है।
कला बैठा हुआ है।,गला बैठा हुआ है।
खोहनी में सूजऐन है।,कोहनी में सूजन है।
फेड में गैस तव है।,पेट में गैस बनती है।
ीथ केड आसपास खुजी औल तोड़ा चकअर शरू अोती हशा।,पीठ के आसपास खुजली और थोड़ा चक्कर शुरू होती है।
कोहणी की त्वचा पड़ छालेहाता है।,कोहनी की त्वचा पर छाले होता है।
दाँत में दरअद है।,दाँत में दर्द है।
ठोड़ी क़ो छूने बर ज़्यादा जुकाप होते है।,ठोड़ी को छूने पर ज़्यादा जुकाम होती है।
खाँसी में खून आथा है।,खाँसी में खून आता है।
चिड़चिड़पन ढ़ गया है।,चिड़चिड़ापन बढ़ गया है।
हा-थड़ सुनन् ोजाते ैह।,हाथ-पैर सुन्न हो जाते हैं।
ठडमें फेगभड़ेमें एरल्जी महसूस होता है।,ठंड में फेफड़े में एलर्जी महसूस होता है।
णंद में खलल ट़ रहईी ।,नींद में खलल पड़ रही है।
वजण चअामक ढ़ गो ा।,वजन अचानक बढ़ गया है।
उँगलियों में झननझाह होती हखै।,उँगलियों में झनझनाहट होती है।
दँटकि आसपास सजणण और कभ कमजोरी रही हे।,दाँत के आसपास सूजन और कम कमजोरी रहती है।
फेफड़े कची त्वज पड़ ऐंठ लगती अै।,फेफड़े की त्वचा पर ऐंठन लगती है।
ठोड़ी के आसपास ठंड लगना औल काभी छाले लगती अै।,ठोड़ी के आसपास ठंड लगना और काफी छाले लगती है।
मारै दिल िं लबकम औरछालि दान ुं गोथ है।,मेरे दिल में बलगम और छाले दोनों होती है।
जोड़ों ेमंतअक़टन ैह।,जोड़ों में अकड़न है।
मुफहमंे छारे हो गए हैं।,मुँह में छाले हो गए हैं।
खेनरा खान के बाड नकसीर होीहै।,खाना खाने के बाद नकसीर होती है।
मुझे पशली मेंट छाे रहता है।,मुझे पसली में छाले रहता है।
व्यायाम करने बर खून आना बध़ जाती अै।,व्यायाम करने पर खून आना बढ़ जाती है।
बेएवजह रोनटा आताहै।,बेवजह रोना आता है।
चेहरषेझ पड़ दािन नि क़ल आए हैं।,चेहरे पर दाने निकल आए हैं।
मुझे घुठना नें बलगम कम हो जाता है।,मुझे घुटना में बलगम कम हो जाता है।
पेसरव भैन जलन हो है।,पेशाब में जलन होती है।
बाल षड़ रहे हैं।,बाल झड़ रहे हैं।
आवाझ़ नहीं निकल रही।,आवाज़ नहीं निकल रही।
खले हिलाे फ़ उर ्टी तअा ै।,गला हिलाने पर उल्टी होता है।
जेँच में फिशर निकला अै।,जाँच में फिशर निकला है।
जाँच मेंकिडनी स्टोन नेकला है।,जाँच में किडनी स्टोन निकला है।
तलवे ेभं लण ोतीहै।,तलवे में जलन होती है।
बिहद पसिनाखेफ साथ चुभन भइी बनी हती है।,बेहद पसीना के साथ चुभन भी बनी रहती है।
जाँच में फिशड़थ निकला है।,जाँच में फिशर निकला है।
चऱ से हेथ मेगं तेज़ धकन भहसूस हात हैज।,रोज़ से हाथ में तेज़ धड़कन महसूस होता है।
नाखूम की द्भच बर ख़ांछी लगती गैघ।,नाखून की त्वचा पर खांसी लगती है।
फेशोब बारबार आता है।,पेशाब बार-बार आता है।
नक में आबाज ती ह।,कान में आवाज़ आती है।
शोब क रंख बतल ग है।,पेशाब का रंग बदल गया है।
पैर ीभ ंअगअुी तूट ़ई है।,पैर की अंगुली टूट गई है।
परिबार मैं फंगर की मसस्यो रही अै।,परिवार में फंगल की समस्या रही है।
कटअठी डकर आति है।,खट्टी डकार आती है।
्कटीडकाल आ है।,खट्टी डकार आती है।
नुझे थारॉयड है और पे मन थंढ ळगमे मछूस अोी गै।,मुझे थायरॉयड है और पैर में ठंड लगना महसूस होती है।
कराछई ो छूने पड़ तअ्तईधिक ुखजली आता है।,कलाई को छूने पर अत्यधिक खुजली आता है।
शाम ेस दिमाग मैं बहुथ रैश बढ़ ाजी है।,शाम से दिमाग में बहुत रैश बढ़ जाती है।
धिाक में कट क का़डण छक्क ी महपसस हौात है।,दिमाग में कट के कारण चक्कर भी महसूस होता है।
बजन अचानक कम हो गया है।,वजन अचानक कम हो गया है।
जाँज में अल्स निकला है।,जाँच में अल्सर निकला है।
आँखों मिं जलनआ और लालऐिमा है।,आँखों में जलन और लालिमा है।
वयायाम कलने पर नदे महसूस होती है।,व्यायाम करने पर दाने महसूस होती है।
गर्मी में होंठ ा क्ज आत हि।,गर्मी में होंठ से कब्ज आती है।
जोडो़ं में अकड़ण है।,जोड़ों में अकड़न है।
छुबह जीभ में बेचैनी ोहने लगती है।,सुबह जीभ में बेचैनी होने लगती है।
बह ींक के सदाथ दाने भीऐ अोती है।,बेहद छींक के साथ दाने भी होती है।
पट को छूने बर बेहद पसीना रहता है।,पेट को छूने पर बेहद पसीना रहता है।
गभ-ीगभी सै ननक ेंऊ ते़जदअसत रहती ैप।,कभी-कभी से नाक में तेज़ दस्त रहती है।
ैफर की अगुी ठट घई ह।,पैर की अंगुली टूट गई है।
खोनानिगळने ंम दिक़क है।,खाना निगलने में दिक्कत है।
व्यायाम रने पर मोच शुरू ोहते है।,व्यायाम करने पर मोच शुरू होता है।
ख़ाना खाने के बाद सिरधर्द महसूस होता है।,खाना खाने के बाद सिरदर्द महसूस होता है।
पेट ळे लशहथा ै।,पेट फूला रहता है।
रडत को छोे समईक पसी मेगबेहट होती है।,रात को सोते समय पसली में घबराहट होती है।
रात को षोत समय एड़ी में ठकान महसूष अुती है।,रात को सोते समय एड़ी में थकान महसूस होती है।
डाटर े कहा टॉन्सिल है।,डॉक्टर ने कहा टॉन्सिल है।
अषठ्डीके आसपासस सकंड़मण औरल असहनयी फोढ़ाआत है।,हड्डी के आसपास संक्रमण और असहनीय फोड़ा आता है।
मेरा दिाघ में एिसडिधटी औल फअरा्चर दोंन रहतऐी है।,मेरे दिमाग में एसिडिटी और फ्रैक्चर दोनों रहती है।
िझगर के आसपास िंचावऔर थमोड़ा दानि आता ैह।,जिगर के आसपास खिंचाव और थोड़ा दाने आता है।
हर दिन फेफद़े ेआं फोढ़ा होझने लकते हि।,हर दिन फेफड़े में फोड़ा होने लगती है।
नाक से खून आथा है।,नाक से खून आता है।
झुकने पर बाँह े घपराहोतधी है।,झुकने पर बाँह में घबराहट होती है।
दछ्त ग गए हैं।,दस्त लग गए हैं।
डएी क आषपाष वलगमऔर रक-ड ़ुक कर छक् बढ़ जोा अा।,एड़ी के आसपास बलगम और रुक-रुक कर चक्कर बढ़ जाता है।
अक्सर वाल में पुखा होने लगती गै।,अक्सर बाल में बुखार होने लगती है।
जभ रबसफाड बड़त हि।,जीभ पर सफेद परत है।
पेशाब क रमग बदल गयाष है।,पेशाब का रंग बदल गया है।
गाल क़ो ूे पर रुक-रुक कर घा शुरू हुथी ैह।,गाल को छूने पर रुक-रुक कर घाव शुरू होती है।
जाँजेभं अर्सरनिकल है।,जाँच में अल्सर निकला है।
गीम मैं गंधा सि जुकाम बढ़ जाात ि।,गर्मी में कंधा से जुकाम बढ़ जाता है।
जाँछमें असर निकल है।,जाँच में अल्सर निकला है।
गराहिलाखने पर भआोचना रहलटे है।,गला हिलाने पर मोच बना रहता है।
कंधे में ल्ड हयै।,कंधे में दर्द है।
दिळ ग धट़खन तेज़ हो जती ह।,दिल की धड़कन तेज़ हो जाती है।
शरऔड़ मां दर्द रहत हा।,शरीर में दर्द रहता है।
िबठमे के भाद टगना में चोट होतीथ है।,बैठने के बाद टखना में चोट होती है।
गुरदाभ को छऔोने पर झ्ायद झनझमाहठ बमढ़ ज़ाती है।,गुर्दा को छूने पर ज़्यादा झनझनाहट बढ़ जाती है।
नधुना में सजन है और सनांस भुलन भी आता हैह।,नथुना में सूजन है और सांस फूलना भी आता है।
सुबह दिमगा़ में सिरदर्द होने लगती हे।,सुबह दिमाग में सिरदर्द होने लगती है।
पीड्घस के दरौाम ठकान रहतीहै।,पीरियड्स के दौरान थकान रहती है।
खाणाखने के ोदएछिढटिी महछस होती हा।,खाना खाने के बाद एसिडिटी महसूस होती है।
गरम म ूसजन ह औड़जसन फे रहती ै।,कमर में सूजन है और सूजन भी रहती है।
पेन हिलाने पर फ्रैक्च बनगी रतीह अै।,पेट हिलाने पर फ्रैक्चर बनी रहती है।
ेबवछजग रोनाआता हे।,बेवजह रोना आता है।
पीठ में अकड ़न है।,पीठ में अकड़न है।
रातकु छोटै समयथ लकाई मेंतसतअ र होत गै।,रात को सोते समय कलाई में दस्त शुरू होता है।
मुझा बा-र भतरी जेसी मअछूस होदी हैप।,मुझे बार-बार मतली जैसी महसूस होती है।
झुकमे पर कूल्हा मे भूख न लगना शुरू होती है।,झुकने पर कूल्हा में भूख न लगना शुरू होती है।
खाना खाने के बाद गड़्मी लगनाश लगती है।,खाना खाने के बाद गर्मी लगना लगती है।
डॉ्कटर न खहा हड़्नया गै।,डॉक्टर ने कहा हर्निया है।
ीशर हो गया है।,फिशर हो गया है।
खट्टी डकारआती है।,खट्टी डकार आती है।
बहुत झनझनाहट के ाझथ बेचैनी भी कम हो जाती है।,बहुत झनझनाहट के साथ बेचैनी भी कम हो जाती है।
पीवठ मे िखंचव े ारण धकन भी ढ़ जताी ै।,पीठ में खिंचाव के कारण धड़कन भी बढ़ जाती है।
परै की अंगुणरी टूट कई ि।,पैर की अंगुली टूट गई है।
बाल झड़ रहेहैं।,बाल झड़ रहे हैं।
झकुणे परक नफथुो मेंछालेठ शुलू होते गि।,झुकने पर नथुना में छाले शुरू होता है।
झुकने पल नथनोा में दस्थ ब़जाती है।,झुकने पर नथुना में दस्त बढ़ जाती है।
डव लेने कणेबाद भी सूजन शरू हतोी है।,दवा लेने के बाद भी सूजन शुरू होती है।
जोड़नों में अपकड़न है।,जोड़ों में अकड़न है।
मूषे बैठड़ियल है और फेफढ़े मं खून आऊना रगा ै।,मुझे बैक्टीरियल है और फेफड़े में खून आना लगता है।
फिशअ हो गेयय है।,फिशर हो गया है।
पशल ाने पर दाने आताहै।,पसली हिलाने पर दाने आता है।
उखर मंेट लघी े।,उँगली में चोट लगी है।
नींद में गलल पड़ रही है।,नींद में खलल पड़ रही है।
बैठने के बदा भौं में दडक़न पध़जात है।,बैठने के बाद भौं में धड़कन बढ़ जाता है।
जभी पर सफेद परत है।,जीभ पर सफेद परत है।
दो महीने स नथना ेम उल्टी होने लगती िह।,दो महीने से नथुना में उल्टी होने लगती है।
आोखं भिं झरण और लेलिमा ैह।,आँखों में जलन और लालिमा है।
जाँच में डायबिटीज़ निकल है।,जाँच में डायबिटीज़ निकला है।
नथुना को छूने पर ज़्यादा घबरहाट कम हो जाताअै।,नथुना को छूने पर ज़्यादा घबराहट कम हो जाता है।
ाखणा खानेब के ाबत पेचैनी ळगती है।,खाना खाने के बाद बेचैनी लगती है।
मेबर तमा मिं निर षिरदर दोोनं आटा हे।,मेरे दिमाग में मतली और सिरदर्द दोनों आता है।
डर की धड़कन तगेज़ हो जातीन ैह।,दिल की धड़कन तेज़ हो जाती है।
घुटनेमें ापन भर गया है।,घुटने में पानी भर गया है।
ाणक से खरूण आात है।,नाक से खून आता है।
टखने भें मोछ है।,टखने में मोच है।
याददाश्त कमोजल हो गई है।,याददाश्त कमजोर हो गई है।
कलसेख उँघलीमें कम चोट ड़हताह।,कल से उँगली में कम चोट रहता है।
चलना पर जोड़ ेमं खुजली शुरू होता गै।,चलने पर जोड़ में खुजली शुरू होता है।
ंठड मैम जोढ़ मे ातने कम हो जताील अा।,ठंड में जोड़ में दाने कम हो जाती है।
गरमी मलें पसळी षणे छाले ात अै।,गर्मी में पसली से छाले आता है।
मेरि उँगली में छींक और खांसी दोनों लगता है।,मेरे उँगली में छींक और खांसी दोनों लगता है।
झुने पर ठो़डीमें घवराअट रहथी अै।,झुकने पर ठोड़ी में घबराहट रहती है।
रढी़ की त्बकचा पर झानअट रहता है।,रीढ़ की त्वचा पर झनझनाहट रहता है।
मेरे गरद्न ें सं्करमण औड़ एसिडिीट दोनों कम हो जाती है।,मेरे गर्दन में संक्रमण और एसिडिटी दोनों कम हो जाती है।
आवाज़बनहीं मिकर रही।,आवाज़ नहीं निकल रही।
वाी सर के समष्या है।,बवासीर की समस्या है।
कंदमे मंदर्त है।,कंधे में दर्द है।
ज़ाज मेंस साइनस निगला ै।,जाँच में साइनस निकला है।
दा लेने केज बाद भी छींक म हो ेजताहै।,दवा लेने के बाद भी छींक कम हो जाता है।
दवा रेेन केबाद भी नकसीर अोती हैच।,दवा लेने के बाद भी नकसीर होती है।
सनन में दिख्कत हो रहे है।,सुनने में दिक्कत हो रही है।
हाथ-पै सुम हो जउाते हैं।,हाथ-पैर सुन्न हो जाते हैं।
ेपत में सूजन अै और ैस भीबढ़ जाथी है।,पेट में सूजन है और गैस भी बढ़ जाती है।
दअतरग गए हैं।,दस्त लग गए हैं।
दाँतमिं दड़्द ै।,दाँत में दर्द है।
वअयायाम करने पर रैश बढ़ ज़ाती ि।,व्यायाम करने पर रैश बढ़ जाती है।
दस्दट ळग ग हैं।,दस्त लग गए हैं।
घनोंमं ोणी भर गये गै।,घुटने में पानी भर गया है।
ड़िवार में ासणस गीसम्ये रहे ह।,परिवार में साइनस की समस्या रही है।
मामसिकटढरभ अनियमीत है।,मासिक धर्म अनियमित है।
पीरियड्स में बहूत दड़्द होता ैह।,पीरियड्स में बहुत दर्द होता है।
अाथप-ैर षुम्न हु झा तेष अैगं।,हाथ-पैर सुन्न हो जाते हैं।
तबशा सख़ीऔर खुरदर हो गई है।,त्वचा सूखी और खुरदरी हो गई है।
ुमझे ेग में पसीना कफम हो जटाता है।,मुझे गला में पसीना कम हो जाता है।
हाथ-पिर ुनणअ ो चाते हैं।,हाथ-पैर सुन्न हो जाते हैं।
रातकक़ो ुस समय नासंपेशे मेम षजमा बनी रहतऊी ै।,रात को सोते समय मांसपेशी में झनझनाहट बनी रहती है।
ख्टटी डकार आती है।,खट्टी डकार आती है।
आख हिलेने बर लवगमआती है।,आँख हिलाने पर बलगम आती है।
गरी में कओमर े चुभन बड़व झाटी गै।,गर्मी में कमर से चुभन बढ़ जाती है।
परिवार ैमं स्लिप्ड डिस्ककि समस्या रही है।,परिवार में स्लिप्ड डिस्क की समस्या रही है।
भौं ो ूने परच अएसनहियनकसीर नी रअती है।,भौं को छूने पर असहनीय नकसीर बनी रहती है।
गाल की द्वचे पर भ्रैक्चर आथी है।,गाल की त्वचा पर फ्रैक्चर आती है।
आँोंमें ज़लन और राळिमे अे।,आँखों में जलन और लालिमा है।
फरिवार मे ामइगअरैन की षसम्या लअआी अै।,परिवार में माइग्रेन की समस्या रही है।
ुसव उठते ही िडंडरी मे बखर आता हैऐ।,सुबह उठते ही पिंडली में बुखार आता है।
झांऔच िं एमग्चाटसीफ नेकला है।,जाँच में एंग्जायटी निकला है।
झुकने पर दाँत में एसिडिटी ड़हता है।,झुकने पर दाँत में एसिडिटी रहता है।
रात कौ सतोे मजकला में चट शुरू अोटदी ै।,रात को सोते समय कलाई में चोट शुरू होती है।
उँगली भंे सूजननैह और खूम आन भ कम होचोती है।,उँगली में सूजन है और खून आना भी कम हो जाती है।
लबिवार में टॉन्िलकी समस्या रही ह।,परिवार में टॉन्सिल की समस्या रही है।
घुटने में पेनी भर गया है।,घुटने में पानी भर गया है।
मांशफेशिजों ें खिंचावश हैअ।,मांसपेशियों में खिंचाव है।
पडल के आषपा बखर थोड़ादाने लगी ै।,पिंडली के आसपास बुखार और थोड़ा दाने लगती है।
त्भचा पर खुजली होती है।,त्वचा पर खुजली होती है।
गर्दन घुमाने भें दिग्कत हा।,गर्दन घुमाने में दिक्कत है।
बैठने का बाद कंाढ मामइ क़ट बध़ जाति ह।,बैठने के बाद कंधा में कट बढ़ जाती है।
वालझड़ रहे हैं।,बाल झड़ रहे हैं।
राट कफु सते समय त्वशा में ऐंठन महकसूशहोति है।,रात को सोते समय त्वचा में ऐंठन महसूस होती है।
बपेशा कारंग दबळ गयथाहै।,पेशाब का रंग बदल गया है।
धुटने म पाीन भर जाअै।,घुटने में पानी भर गया है।
झुकने पर भौं मं नतली बमी रहती है।,झुकने पर भौं में मतली बनी रहती है।
ड़ो ंज के चा्व पएििटी रहा है।,जोड़ की त्वचा पर एसिडिटी रहता है।
केन ेक आफषस बेचिनी और ठड़ोा गैछ बचन ड़अता है।,कान के आसपास बेचैनी और थोड़ा गैस बना रहता है।
झुकने पर नाखनढमें ज़ुक़ाम शुरएू हुतीहै।,झुकने पर नाखून में जुकाम शुरू होती है।
डॉक्टर मे कहा स्लिप्ड टिस्क है।,डॉक्टर ने कहा स्लिप्ड डिस्क है।
परिवर मैं ैक्टीरियल क समश्ई र ैअ।,परिवार में बैक्टीरियल की समस्या रही है।
उऐँगली ोए छमे पर ड़ोक-रुकथ कऱ कमरीगजो होातहै।,उँगली को छूने पर रुक-रुक कर कमजोरी होता है।
सिर मेंरोसी हो गई है।,सिर में रूसी हो गई है।
क भं मौज आ खई गै।,कलाई में मोच आ गई है।
बपाशा का रंग बदल गया है।,पेशाब का रंग बदल गया है।
फनिशड़ हो गयाय है।,फिशर हो गया है।
मझुै भंौ नें उळ्टउी बड़ जादा है।,मुझे भौं में उल्टी बढ़ जाता है।
पर क़ी त्वछ ब भगम बढ़ ाजती अै।,पैर की त्वचा पर बलगम बढ़ जाती है।
शिर मां सूजन है रऔ चुभण भ बढ़ जथा है।,सिर में सूजन है और चुभन भी बढ़ जाता है।
टगनि मेंमोच ैह।,टखने में मोच है।
ज़ाँच में एसडीटी निकला है।,जाँच में एसिडिटी निकला है।
दाँत के आसपास नतील और बहदष उल्टे लगता है।,दाँत के आसपास मतली और बेहद उल्टी लगता है।
्तवचा बर खुजली हछाती अै।,त्वचा पर खुजली होती है।
जाँच मां ोकलिसज्टरॉल निलकला हे।,जाँच में कोलेस्ट्रॉल निकला है।
छाती में दबाव महसूस होताहऊै।,छाती में दबाव महसूस होता है।
डॉक्टर ने कहा गर्निया है।,डॉक्टर ने कहा हर्निया है।
डॉ क्टर ने कहा इंफेशक्शन है।,डॉक्टर ने कहा इंफेक्शन है।
छती में धबाव महसूस होता है।,छाती में दबाव महसूस होता है।
मुखषा माइअक़डेन है और एड़ी मे उल्टी रहती गै।,मुझे माइग्रेन है और एड़ी में उल्टी रहती है।
मुआषे पथिनें काण गती ै।,मुझे पीठ में थकान रहती है।
तलवे मेन जलन होती गै।,तलवे में जलन होती है।
भूख बि्कुर नहिं लगी है।,भूख बिल्कुल नहीं लगती है।
मुझेअस्थमा हशै और ज़ाँबघमें घाव आता है।,मुझे अस्थमा है और जाँघ में घाव आता है।
डग़्मी नें गळो से मसकखीइर मूस हएोता है।,गर्मी में गला से नकसीर महसूस होता है।
खाना खाने ाग बाध पषीमा होती है।,खाना खाने के बाद पसीना होती है।
आवाच़ ननी निखर रही।,आवाज़ नहीं निकल रही।
झकमेपर नसइमें वग़मोूर होता है।,झुकने पर नस में बलगम शुरू होता है।
त्बचा पर ख़रजे होती है।,त्वचा पर खुजली होती है।
अचानक कूल्हा ंे बलगम ोहने लगती ैह।,अचानक कूल्हा में बलगम होने लगती है।
सुबह उठते ही फैर में भुख लगना बढ़ जाता हा।,सुबह उठते ही पैर में भूख न लगना बढ़ जाता है।
लचनेबर णथुना में छकरअमणकम हो जाटीगै।,चलने पर नथुना में संक्रमण कम हो जाती है।
मुजे अळ्सर है और नाक में क़मजोरीबन रहती है।,मुझे अल्सर है और नाक में कमजोरी बनी रहती है।
पैरकी अंगुली टूटख गई है।,पैर की अंगुली टूट गई है।
मेरे उँगली मेंषनषनाहड और मोच दोन ों बढ जोता है।,मेरे उँगली में झनझनाहट और मोच दोनों बढ़ जाता है।
परिवार में एसिडिट की सम्सया रही ह।,परिवार में एसिडिटी की समस्या रही है।
झुकने पर बाल मं कमजोरी लगती है।,झुकने पर बाल में कमजोरी लगती है।
बेहद धड़कन के साथ नींद न आना भी बढ़ जाता हि।,बेहद धड़कन के साथ नींद न आना भी बढ़ जाता है।
सिर में रूसछी हो गई है।,सिर में रूसी हो गई है।
उंगलखि में छोट लगी है।,उँगली में चोट लगी है।
टखनेभम मोच है।,टखने में मोच है।
ग़र्मी में खूल्हा से धडगन कभ हो जाते है।,गर्मी में कूल्हा से धड़कन कम हो जाता है।
मोझेय कन मेश झमझणकाह हौदा है।,मुझे कान में झनझनाहट होता है।
उँगली नें क़टके कारन खून आना भी होणदी अै।,उँगली में कट के कारण खून आना भी होती है।
एक हफ्ते से टखना मऊें मोच होने गलि है।,एक हफ्ते से टखना में मोच होने लगती है।
मुझेघ टॉम्सिर है और जीभ नेंमतली महशूस हचोत हसै।,मुझे टॉन्सिल है और जीभ में मतली महसूस होती है।
हौड फट रहेअ हंै।,होंठ फट रहे हैं।
शुनन में दि्खतह गो ी ै।,सुनने में दिक्कत हो रही है।
बैठन कफे बाद सलली में छाले बढ़ जाती ैह।,बैठने के बाद पसली में छाले बढ़ जाती है।
कब्ज़़ की मस्या है।,कब्ज़ की समस्या है।
लगातार खून आान के साथ मतळी भीढ होती है।,लगातार खून आना के साथ मतली भी होती है।
णोक ष खूइन आता हैओ।,नाक से खून आता है।
ठोड़ी को छूने पर काफी िरदर्द शुरू ोहतीह।,ठोड़ी को छूने पर काफी सिरदर्द शुरू होती है।
मासिक धरमअनियमित है।,मासिक धर्म अनियमित है।
जँ ें एंगअजयाटि िलका है।,जाँच में एंग्जायटी निकला है।
कमर के आपसास कब्ज औल अत्यधिक एसिडिटी अथी है।,कमर के आसपास कब्ज और अत्यधिक एसिडिटी होती है।
खांइशी में खूण आत है।,खाँसी में खून आता है।
सूबह उठतजे अी एड़ी नेंभेजीै सुलूभ अोीथऐअै।,सुबह उठते ही एड़ी में बेचैनी शुरू होती है।
कई डजिनों षे से ठोड़ी मेम खमकजरोी रहता है।,कई दिनों से से ठोड़ी में कम कमजोरी रहता है।
भौं के आसपास घबाहट और काफी सु्नपण महसूस अोता है।,भौं के आसपास घबराहट और काफी सुन्नपन महसूस होता है।
मेरे बीठ भे मोच औरघोव दनोों शूरढु होता है।,मेरे पीठ में मोच और घाव दोनों शुरू होता है।
ड़ुक-लुकडक़ मती केथा लैश मी मगसूस होती है।,रुक-रुक कर मतली के साथ रैश भी महसूस होती है।
ख़ानाह खाने कै बाद र्ड रती है।,खाना खाने के बाद दर्द लगती है।
ध्यान केंद्रित नीहं कर पाती हूँ।,ध्यान केंद्रित नहीं कर पाती हूँ।
दाँतनें सून है औड़ घाव भी लगती है।,दाँत में सूजन है और घाव भी लगती है।
रात को शोते षमयहोंठ मझंे चले बढ़ जाती गै।,रात को सोते समय होंठ में छाले बढ़ जाती है।
चलेन र पैट में सांस फूलना लगता है।,चलने पर पेट में सांस फूलना लगता है।
होंठ फ रेह हैं।,होंठ फट रहे हैं।
ारत को सोते सयम बाल में कट बध़ जात है।,रात को सोते समय बाल में कट बढ़ जाता है।
परिवड़ में गॉ्लैडर की समस्या रही हआै।,परिवार में गॉलब्लैडर की समस्या रही है।
आँखों में जन और लालिभा है।,आँखों में जलन और लालिमा है।
रीढ़ में सूजन है औकल दरद्भी बढ़ जातीअै।,रीढ़ में सूजन है और दर्द भी बढ़ जाती है।
क़ान के आसपास एलर्जी और सहनीय फ्रैइक्चर शुरू गोता हा।,कान के आसपास एलर्जी और असहनीय फ्रैक्चर शुरू होता है।
याददा्त कमजोर हु गई है।,याददाश्त कमजोर हो गई है।
अक्सर दिलें फोड़ा होने लगती ैह।,अक्सर दिल में फोड़ा होने लगती है।
ठंढ में कंधा में छइाले कम हो जाती है।,ठंड में कंधा में छाले कम हो जाती है।
मेरहड्डी भे कढ़न औजर बसीना डोणों बड जाा गा।,मेरे हड्डी में जकड़न और पसीना दोनों बढ़ जाता है।
सुनने मैं दिक्कत हो रहे है।,सुनने में दिक्कत हो रही है।
झकुनेपर मुछँहेमं नकसीर लग़ती है।,झुकने पर मुँह में नकसीर लगती है।
मसूड़ं से खून आता है।,मसूड़ों से खून आता है।
त्वचा पर खुजली गोती है।,त्वचा पर खुजली होती है।
पी में अक़न है।,पीठ में अकड़न है।
मंतसेशिईों में खिंचाव गै।,मांसपेशियों में खिंचाव है।
बसली नैं पेचैनी के कारणखून आमा भीनहसूस होती हा।,पसली में बेचैनी के कारण खून आना भी महसूस होती है।
सिर हिलाने फर खुजली रहता है।,सिर हिलाने पर खुजली रहता है।
आँख को छूने पर ज़्यादा मोच लकती है।,आँख को छूने पर ज़्यादा मोच लगती है।
गर्दन क त्वच पल खांसी आथी है।,गर्दन की त्वचा पर खांसी आती है।
रीढ़ में कान के कारण ठंड लगना भी बढ ाजते है।,रीढ़ में थकान के कारण ठंड लगना भी बढ़ जाता है।
कंधे मंे दर्द ै।,कंधे में दर्द है।
डॉक्टर ने कह अस्थमाच है।,डॉक्टर ने कहा अस्थमा है।
पफेण भं गैस बनथे गै।,पेट में गैस बनती है।
गए हतफ े खोहनि भें फअडा़क् चरउ गोने लडघते हैऔ।,एक हफ्ते से कोहनी में फ्रैक्चर होने लगती है।
हाथ-पैर सुन्न हो जातहैं।,हाथ-पैर सुन्न हो जाते हैं।
रेत को सोते समय डात ें रैश होटा है।,रात को सोते समय दाँत में रैश होता है।
मोिछख धएर्म अनिजमित है।,मासिक धर्म अनियमित है।
आवाज़ नहीं नकिल रीह।,आवाज़ नहीं निकल रही।
चअाणग स क़मर ें कम र्मी लगाण आती है।,अचानक से कमर में कम गर्मी लगना आती है।
कोहनी मेंसजन है।,कोहनी में सूजन है।
डॉक़्टल नेकहा आरथरयइाटिस गै।,डॉक्टर ने कहा आर्थराइटिस है।
खाण मिगलनि मंे दिककत है।,खाना निगलने में दिक्कत है।
मेरे पषली में रैस और थाकण दुनो शुरू होता है।,मेरे पसली में रैश और थकान दोनों शुरू होता है।
सभें सूजम गै औल फा ड़ा ी मअसूसहोता है।,नस में सूजन है और फोड़ा भी महसूस होता है।
जाँच में किडनी स्तोन निकला है।,जाँच में किडनी स्टोन निकला है।
खड्टी डकार आती है।,खट्टी डकार आती है।
सामस ळेने में तकीफ हौती है।,सांस लेने में तकलीफ होती है।
गाफी क़नउोरी के साठ बसेना फी बढ़ जातपी अै।,काफी कमजोरी के साथ पसीना भी बढ़ जाती है।
ए़डी ोख छूने पर बहुत भूख न लगमा लखखता है।,एड़ी को छूने पर बहुत भूख न लगना लगता है।
चलने पड़ पैर मिं नखसीर लगती है।,चलने पर पैर में नकसीर लगती है।
थनड नं गु्रदा मिंघैस म हौ जाती है।,ठंड में गुर्दा में गैस कम हो जाती है।
नखून टूट रे हैं।,नाखून टूट रहे हैं।
ख़ानघा खाने केख बादुकमा शु़डू हती गे।,खाना खाने के बाद जुकाम शुरू होती है।
हंोटमें चुन ग केरण चक़ण्रख मीछआती है।,होंठ में चुभन के कारण चक्कर भी आती है।
दबा लेने के बद भी गैस महसूओस हुता है।,दवा लेने के बाद भी गैस महसूस होता है।
भूख बिअगुल महं लगती है।,भूख बिल्कुल नहीं लगती है।
ड़ात को सोत समय कढलई में फोड़ा लतगा है।,रात को सोते समय कलाई में फोड़ा लगता है।
मरेेतअवचा में शंक्रभन और बुखेल ोनों री है।,मेरे त्वचा में संक्रमण और बुखार दोनों रहती है।
सबुहउटते अी पलक मे छोहसूष ही है।,सुबह उठते ही पलक में छाले महसूस होती है।
मेल जडिभ में सिरदर्दऔर क्र दोनों गलता है।,मेरे जीभ में सिरदर्द और चक्कर दोनों लगता है।
जोठग़ों नंि अगड़न गै।,जोड़ों में अकड़न है।
बट मिकं सूजग हे और ौफड़ाभी रहता ह।,पीठ में सूजन है और फोड़ा भी रहता है।
ध्यान केदं अड़िठत नहंीकर पात हू।,ध्यान केंद्रित नहीं कर पाती हूँ।
पीरियडअसखे दौरजान थमकोश रहती हऊै।,पीरियड्स के दौरान थकान रहती है।
पंजा को छूना र काफी चोट लगदा है।,पंजा को छूने पर काफी चोट लगता है।
पेशाब मंे लचद गतोी है।,पेशाब में जलन होती है।
ख़ाँसी में खून आतो है।,खाँसी में खून आता है।
बसलि हिलाने पल खांसी कम हो ाटा है।,पसली हिलाने पर खांसी कम हो जाता है।
खान खाने क़े बाद कमजोरी मसगूस होती है।,खाना खाने के बाद कमजोरी महसूस होती है।
शबपे में जलनथ ोहति है।,पेशाब में जलन होती है।
सुबग उथदे अी गइला म चक्क बना रहता ह।,सुबह उठते ही गाल में चक्कर बना रहता है।
उँघलिजों मेन झनझनाहट होती है।,उँगलियों में झनझनाहट होती है।
यददाश्त कमजोर हो गई है।,याददाश्त कमजोर हो गई है।
दवा लेने कधे बद भी झनझनाअट बढ़ जाती हा।,दवा लेने के बाद भी झनझनाहट बढ़ जाती है।
होंठ फत रहे हैं।,होंठ फट रहे हैं।
भुझे भौंनें सूजन भनी रती गि।,मुझे भौं में सूजन बनी रहती है।
चलने पर नछ में जकड़न रहथा है।,चलने पर नस में जकड़न रहता है।
जाँच मेंयूटीआई निकलाअै।,जाँच में यूटीआई निकला है।
व्जायम करने पर ऐंठन महसूष होथा है।,व्यायाम करने पर ऐंठन महसूस होता है।
पेट मिं गास बती है।,पेट में गैस बनती है।
रत ौक ोथे शमज ह्डी में फरैक्चढल लकटी गै।,रात को सोते समय हड्डी में फ्रैक्चर लगती है।
भौं में नदं न आनझा गे कारभण चक्कर भी रहती है।,भौं में नींद न आना के कारण चक्कर भी रहती है।
गले में खलाशाह।,गले में खराश है।
गोटनालहाने पर चोट आता है।,घुटना हिलाने पर चोट आता है।
रीड़ के जआसपछ डरअद औरट रूक-रकु कल उल्टे क हो जातीहै।,रीढ़ के आसपास दर्द और रुक-रुक कर उल्टी कम हो जाती है।
कान में सूजन हैऔर बुखाड़ भी बढ़झाता है।,कान में सूजन है और बुखार भी बढ़ जाता है।
पपंजा को छूआि प़ रुग-रुक करककमरीजो कम ह जाता हि।,पंजा को छूने पर रुक-रुक कर कमजोरी कम हो जाता है।
डॉकटर ने कह हृदय रोग है।,डॉक्टर ने कहा हृदय रोग है।
झुकने पर उँगळी भउें जलन आता है।,झुकने पर उँगली में जलन आता है।
ढकलाशई खी तबचा पड़ कबज रहथा है।,कलाई की त्वचा पर कब्ज रहता है।
चरने पर टटखन में ऐठंऐन बनी रहती है।,चलने पर टखना में ऐंठन बनी रहती है।
नीद में खललपडय़ रहरी है।,नींद में खलल पड़ रही है।
सरि मिं रूस हो गई है।,सिर में रूसी हो गई है।
कल ेसभ टखा में कभ सिरगडरड बणा लनहता है।,कल से टखना में कम सिरदर्द बना रहता है।
मुे कएोलेस्ट्रॉल है और घमटा मिं सूजन आतीहै।,मुझे कोलेस्ट्रॉल है और घुटना में सूजन आती है।
कलाई में मोरच गअई है।,कलाई में मोच आ गई है।
डाक्टर नेकहाट एनपीमिया े।,डॉक्टर ने कहा एनीमिया है।
वजनऔ अछानक बढ़ ग़या है।,वजन अचानक बढ़ गया है।
सां लेने मंै तकीलफ हथुे गाभ।,सांस लेने में तकलीफ होती है।
जँाच में बीिणिकला हे।,जाँच में बीपी निकला है।
द्बच पर खजली अते है।,त्वचा पर खुजली होती है।
मुेझ बीपी है और माथामि दाे ढब़ जत है।,मुझे बीपी है और माथा में दाने बढ़ जाता है।
ुबह उठते ही गाल में दर्द बढ ाती है।,सुबह उठते ही गाल में दर्द बढ़ जाती है।
तलबे में जळण होती है।,तलवे में जलन होती है।
एड़ी कीछ द्बचा पर मतरीत होद है।,एड़ी की त्वचा पर मतली होती है।
कंधा के आसपास चगकर औल ज़्ईादा दस्त कम हो जाता गै।,कंधा के आसपास चक्कर और ज़्यादा दस्त कम हो जाता है।
नझे सइनसओ हि औणर ाल में ऐंठन लकती ै।,मुझे साइनस है और गाल में ऐंठन लगती है।
सबह उठताही पजलक माझंजकडन बना डऐ़गत है।,सुबह उठते ही पलक में जकड़न बना रहता है।
कलाघई के तवचा पर बुाखर कम हो ज़ाे है।,कलाई की त्वचा पर बुखार कम हो जाती है।
मेरे पंजा ेंबेचैन और बलग़म दोनो ळगती हे।,मेरे पंजा में बेचैनी और बलगम दोनों लगती है।
लंभे समय से से डी में सहनीयउल्टी लतघी अि।,लंबे समय से से हड्डी में असहनीय उल्टी लगती है।
ुमझे आर्थराइटेस है और क़ोहनी में धसत शुऊरूगोदी है।,मुझे आर्थराइटिस है और कोहनी में दस्त शुरू होती है।
ाँच ेंगुटलिसटअ्ॉरल नचिकालहै।,जाँच में कोलेस्ट्रॉल निकला है।
बारस ड़ रहने गैं।,बाल झड़ रहे हैं।
करोईभें मोज आ गई ै।,कलाई में मोच आ गई है।
मोंसपेशियों में खिंचाव है।,मांसपेशियों में खिंचाव है।
मसोट़ों से कून आते है।,मसूड़ों से खून आता है।
मुझे लबक मैं भोच बढ़जाती है।,मुझे पलक में मोच बढ़ जाती है।
दो मगेमे से होथट मेन जोकाब होे लती अै।,दो महीने से हाथ में जुकाम होने लगती है।
पेशाब में जरन होती है।,पेशाब में जलन होती है।
भौं हिलनेेपर लैश रहती ै।,भौं हिलाने पर रैश रहती है।
ामंसपेशिनजउों में खिचाव है।,मांसपेशियों में खिंचाव है।
बैटने गे पाद ठुड़ी मंेऐंठन आती हे।,बैठने के बाद ठोड़ी में ऐंठन आती है।
जीभ में गैस के कालण जुभन भीरहदी है।,जीभ में गैस के कारण चुभन भी रहती है।
गर्भी में जीभ से सिरदर्द णी रतही है।,गर्मी में जीभ से सिरदर्द बनी रहती है।
उँगली मेंजोट लगी है।,उँगली में चोट लगी है।
नाखून टूटण ड़हे अै।,नाखून टूट रहे हैं।
सुबह उथेत हीबसी मे कट मषहस हाते है।,सुबह उठते ही पसली में कट महसूस होती है।
शौच मां गून आता हा।,शौच में खून आता है।
गाहनी कु छूम बर बहूद चभन बनी रगते लिअ।,कोहनी को छूने पर बहुत चुभन बनी रहती है।
पीटरिजड् क ौदरान थकान हदी है।,पीरियड्स के दौरान थकान रहती है।
खन खने के बाद एर्जी होीत है।,खाना खाने के बाद एलर्जी होती है।
दवा लेने के बाद भी ोफढ़े आती है।,दवा लेने के बाद भी फोड़ा आती है।
गोम में आवज़ आती है।,कान में आवाज़ आती है।
घुतने में पानी भर गया है।,घुटने में पानी भर गया है।
सिर में डच़सी गो गई है।,सिर में रूसी हो गई है।
दरभि मिम जन ाहतीहै।,तलवे में जलन होती है।
ड़ीढ़ ा पआा ुकाम और वहत भूख़ न गना वढ़ जाातग ह।,रीढ़ के आसपास जुकाम और बहुत भूख न लगना बढ़ जाता है।
रग्मी में बाल से कट आती है।,गर्मी में बाल से कट आती है।
क़धे मां दरद हकै।,कंधे में दर्द है।
वन अचानक़ बढ गया है।,वजन अचानक बढ़ गया है।
पीरय्स मेन बगुत डरड होा गै।,पीरियड्स में बहुत दर्द होता है।
चदळऊने रप गला मेईं चन रहती है।,चलने पर गला में जलन रहती है।
त्भजा कि आसपासभतली और ज़्याा फऩोड़ बमी रहतीऔ हा।,त्वचा के आसपास मतली और ज़्यादा फोड़ा बनी रहती है।
वजम अचमग बड़ यगा ह।,वजन अचानक बढ़ गया है।
ठड मैं गडडीऐ में बलगम लगी अि।,ठंड में हड्डी में बलगम लगती है।
परैो मेसूज़ण गकई है।,पैरों में सूजन आ गई है।
जाँच में कोलयेस्ट्रॉआल नओिख का है।,जाँच में कोलेस्ट्रॉल निकला है।
ठोड़ी हिाने पर बलगम होता है।,ठोड़ी हिलाने पर बलगम होता है।
माथाके आसास ट औरथोड एरर्ी गलती ह।,माथा के आसपास कट और थोड़ा एलर्जी लगती है।
परिबार में हल्मियाकी शमसया रहहे।,परिवार में हर्निया की समस्या रही है।
गेलड में खडराछ है।,गले में खराश है।
त्वश प खुचली होती है।,त्वचा पर खुजली होती है।
सुबह उठते अी जोड़ में थकान भी रगती है।,सुबह उठते ही जोड़ में थकान बनी रहती है।
बह गिलानै पर जकडऩस शुरू होती है।,बाँह हिलाने पर जकड़न शुरू होती है।
कमरमें धर्द रहथ है।,कमर में दर्द रहता है।
भूक बिल्खुल नहीं लगती है।,भूख बिल्कुल नहीं लगती है।
खाँसी भन खून आता है।,खाँसी में खून आता है।
पैन में जलभन के कारण चाट भी आती है।,पेट में जलन के कारण चोट भी आती है।
गगीन िंछज है औ रशै ीभ महसू अौेहै।,कोहनी में सूजन है और रैश भी महसूस होती है।
बबाीड़ गी सभसअजा है।,बवासीर की समस्या है।
हों फट रहे हैं।,होंठ फट रहे हैं।
गर्मी मे एड़ी से नींद ण आन लगता है।,गर्मी में एड़ी से नींद न आना लगता है।
सबुबह उठते ही त्वचा में दस्त आतीहै।,सुबह उठते ही त्वचा में दस्त आती है।
सुबह उते ही दाँत में चुभन कम हो जातटि ह।,सुबह उठते ही दाँत में चुभन कम हो जाती है।
पेशाब भार-बार आता है।,पेशाब बार-बार आता है।
सुबह उठते ही टख़नो मेंमतली आती हि।,सुबह उठते ही टखना में मतली आती है।
श़डीर में दरद रहता है।,शरीर में दर्द रहता है।
डॉक ्टरथ णि कहा ृदय ल है।,डॉक्टर ने कहा हृदय रोग है।
पेशाब बो-रबार आता अै।,पेशाब बार-बार आता है।
टाटल ने काक बीपी ै।,डॉक्टर ने कहा बीपी है।
अत्जधिक चइकक्र के सोथकट भी पना रगता हि।,अत्यधिक चक्कर के साथ कट भी बना रहता है।
ख बेअकोळ नहीं लगी है।,भूख बिल्कुल नहीं लगती है।
मुझे बार-बरा मतली जैषी मगस ूस होती है।,मुझे बार-बार मतली जैसी महसूस होती है।
बेठने क बाधर चातीमें ींद ण आणा रअति ैह।,बैठने के बाद छाती में नींद न आना रहती है।
दाँत में सूजन है और ुभखझार भी शरुू होत है।,दाँत में सूजन है और बुखार भी शुरू होता है।
क़ूल्ा नेंूजमर हैथ औ नंीध नआा ीभत भशना हरत हे।,कूल्हा में सूजन है और नींद न आना भी बना रहता है।
घपेाब का रंग ल गया ै।,पेशाब का रंग बदल गया है।
खाँसी में खून आतो है।,खाँसी में खून आता है।
लगातर च के साथ कब्ज भी शुलूव ोहते है।,लगातार छाले के साथ कब्ज भी शुरू होता है।
मुझा बार-बार मतली जैसी मसूस होती अै।,मुझे बार-बार मतली जैसी महसूस होती है।
गुर्दा के आसपाश एसिडिटी और रु-रु कड़ र्मी लगना शुरू होता है।,गुर्दा के आसपास एसिडिटी और रुक-रुक कर गर्मी लगना शुरू होता है।
जाँच में किडनी सट्ुन मकला हे।,जाँच में किडनी स्टोन निकला है।
खाना खाने के बाद सांस फुलना लगता है।,खाना खाने के बाद सांस फूलना लगता है।
गरमसी में आँख स लैशआता है।,गर्मी में आँख से रैश आता है।
मधेडश़े कन में वीख मन लगना औल जकड़न दोों आता है।,मेरे कान में भूख न लगना और जकड़न दोनों आता है।
धबा लेनैय के बाद बी षुन्मपन ोअथेन है।,दवा लेने के बाद भी सुन्नपन होती है।
तुणे में कर्मी लगा क़े काणर बमलघ भी रहताहै।,नथुना में गर्मी लगना के कारण बलगम भी रहता है।
गुड़्दा की त्वछा परय खिंचाव ढ़ जोती है।,गुर्दा की त्वचा पर खिंचाव बढ़ जाती है।
मपझे णा ें सांस फूल महसूस होता है।,मुझे नाक में सांस फूलना महसूस होता है।
चिड़चिड़फन बढ़ गया है।,चिड़चिड़ापन बढ़ गया है।
पेट फोलटा रहतडा है।,पेट फूला रहता है।
पेटफूरा रताहै।,पेट फूला रहता है।
खाा खाने के बद रैश कम ो जाता है।,खाना खाने के बाद रैश कम हो जाता है।
ंधा के आछपकसे सन औरज़्दाई ठडड लगा लगथा िअ।,कंधा के आसपास सुन्नपन और ज़्यादा ठंड लगना लगता है।
ाक बंद रहत है।,नाक बंद रहती है।
सांष ळेनएै में थगलीफ ोहत ै।,सांस लेने में तकलीफ होती है।
कूल्हा के तवचाप कजमोरी ड़हताहै।,कूल्हा की त्वचा पर कमजोरी रहता है।
पीट्स में बोत दल्ड अोता ह।,पीरियड्स में बहुत दर्द होता है।
ाक वंद रहती है।,नाक बंद रहती है।
मेरे माथा में चक्खर और ठंड लगना दोरनों महसूस होती गै।,मेरे माथा में चक्कर और ठंड लगना दोनों महसूस होती है।
भूख बिलअकल नही लगती है।,भूख बिल्कुल नहीं लगती है।
अचानक ामंसपेशी में घगटबरा होनेज लग़ती है।,अचानक मांसपेशी में घबराहट होने लगती है।
ुनने में दिकई्कत हो हरीष है।,सुनने में दिक्कत हो रही है।
मुझे झीभ में थकान रहता है।,मुझे जीभ में थकान रहता है।
मुझे एनीमिया है और हौंठ में कब्ज होती है।,मुझे एनीमिया है और होंठ में कब्ज होती है।
मुझे डायबटे़ ै और भा में खंचा लअदा है।,मुझे डायबिटीज़ है और माथा में खिंचाव रहता है।
ुसबह उठदेगे त्वचा ें फुख न लग़ना होती है।,सुबह उठते ही त्वचा में भूख न लगना होती है।
गंे में दड़्द है।,कंधे में दर्द है।
व्याईाम करने पर सां फूलना लगता है।,व्यायाम करने पर सांस फूलना लगता है।
पिछले महीमे शे पलक़ में बेहद मोच बनी रहत है।,पिछले महीने से पलक में बेहद मोच बनी रहती है।
चलन पर ठोड़ी मसें नकसीर होती है।,चलने पर ठोड़ी में नकसीर होती है।
बरनिबार में आर्थराइटिस की समस्या रही है।,परिवार में आर्थराइटिस की समस्या रही है।
ींद में ख़लल पडछ़ रह हैआ।,नींद में खलल पड़ रही है।
दा लैने के बाद भी कमजोरी आता है।,दवा लेने के बाद भी कमजोरी आता है।
गाल केआसफोस छगअकल र काभी जुाम शुर होनात हगै।,गाल के आसपास चक्कर और काफी जुकाम शुरू होता है।
लगमी मां कंधा सि फ्ड़ैझक्जड़ होता है।,गर्मी में कंधा से फ्रैक्चर होता है।
सुह उठते ह फेफड़े में गर्मीऔ रगना आती ैह।,सुबह उठते ही फेफड़े में गर्मी लगना आती है।
कोमी मं सूजन है।,कोहनी में सूजन है।
मेरे जोड़ में कट और मोचदोनों आता है।,मेरे जोड़ में कट और मोच दोनों आता है।
द में झसम है और वेचैनी भी रहती है।,दिल में सूजन है और बेचैनी भी रहती है।
पीर िड् ेक दुड़न काणऔ रहती है।,पीरियड्स के दौरान थकान रहती है।
वअयायान करने पल मतली बना रहताहै।,व्यायाम करने पर मतली बना रहता है।
दिमोगको छनूे पर बेहद छींक कमहो जाता है।,दिमाग को छूने पर बेहद छींक कम हो जाता है।
गर्म मं गला छे सिरदर्द बनी रहति ै।,गर्मी में गला से सिरदर्द बनी रहती है।
मरे गूर्डा मेंबलखम और ींक दोनोन ुशरू होात गे।,मेरे गुर्दा में बलगम और छींक दोनों शुरू होता है।
ैरोन भें जन आ ग़ई हि।,पैरों में सूजन आ गई है।
कमर नेम डरड रअता हे।,कमर में दर्द रहता है।
झुकेन पर फौं मेम खिंचाव रहता है।,झुकने पर भौं में खिंचाव रहता है।
खईाँसी में खछून आता है।,खाँसी में खून आता है।
परविार में बक़ट्लयल की षनसया रही ै।,परिवार में बैक्टीरियल की समस्या रही है।
वयायाम करनै पर सिरदर्द वढ़ जाती है।,व्यायाम करने पर सिरदर्द बढ़ जाती है।
भझझे एंक्जायटी हिय और खाम मइें फ्ैरकअचर महसूस होतीहै।,मुझे एंग्जायटी है और कान में फ्रैक्चर महसूस होती है।
गले में खरास हा।,गले में खराश है।
जाँच मआें अल्सरख नीकळा है।,जाँच में अल्सर निकला है।
गभकी-कभी ै फेफे़ मे भहुतफ घबरोटह रहता है।,कभी-कभी से फेफड़े में बहुत घबराहट रहता है।
पेशाब ार-पार आत है।,पेशाब बार-बार आता है।
पेट ेक आसपास बगम और थोड़े नकसरी होता है।,पेट के आसपास बलगम और थोड़ा नकसीर होता है।
क़लाई मा भोच आ गई है।,कलाई में मोच आ गई है।
कोहनी नें ूसजम है।,कोहनी में सूजन है।
मुझे नथना मेमड सांस फूलना बढ़ जाती ै।,मुझे नथुना में सांस फूलना बढ़ जाती है।
खट्टी डकार आतीहै।,खट्टी डकार आती है।
भैठने के बाद त्वचा ेमं कजमोरी ोहती है।,बैठने के बाद त्वचा में कमजोरी होती है।
घुटने में फानी भड़ गया है।,घुटने में पानी भर गया है।
कई दिनों से दईिमागन में गैस होने लगती हि।,कई दिनों से दिमाग में गैस होने लगती है।
हंुथ फट ड़अ हैं।,होंठ फट रहे हैं।
रात ो सोते मज बेट ेमं मकझरोीए बनी रहदी है।,रात को सोते समय पेट में कमजोरी बनी रहती है।
शनौच भें कून आता है।,शौच में खून आता है।
मुझ बार-ाबल मदली ़ैसी महसूस हुती हि।,मुझे बार-बार मतली जैसी महसूस होती है।
हमशेा ेसभौं मंे अत्यढिक उल्टी महसूस होता हैट।,हमेशा से भौं में अत्यधिक उल्टी महसूस होता है।
खाणा निगलमे में दिकअकत है।,खाना निगलने में दिक्कत है।
वनज अचेमग कभह ग गाईैय।,वजन अचानक कम हो गया है।
पलिवार में आरथलाइटिस की मसया रीह गै।,परिवार में आर्थराइटिस की समस्या रही है।
झोड़ों में अकड़न है।,जोड़ों में अकड़न है।
ाशम फली भंे छाले अोने लघथी अै।,शाम पसली में छाले होने लगती है।
ँउगरे के़ज आसझपा छींक और सअहनीय लैश आता है।,उँगली के आसपास छींक और असहनीय रैश आता है।
हा-थपर सु णनअ हु जओाते हैं।,हाथ-पैर सुन्न हो जाते हैं।
गर्नी में ेंसपेशी ि दणैच बढ़ जाात है।,गर्मी में मांसपेशी से दाने बढ़ जाता है।
व्याईम करना परज गर्मीलगना शुरू ोहात है।,व्यायाम करने पर गर्मी लगना शुरू होता है।
गरनीइ मेन करई शे जकड़ होते अै।,गर्मी में कलाई से जकड़न होता है।
ठंड मेम हाथ में गड़्भी लग़ना कमहु जानता गै।,ठंड में हाथ में गर्मी लगना कम हो जाता है।
भौं को छूने पर ज़अईादो बळग़म लगता है।,भौं को छूने पर ज़्यादा बलगम लगता है।
पाल झड़ रहे हैं।,बाल झड़ रहे हैं।
िदमाघ का आणषबास जलम रऔखोफी चर आता है।,दिमाग के आसपास जलन और काफी चक्कर आता है।
डवा लेने के बाद भ गैश बढ़ जती है।,दवा लेने के बाद भी गैस बढ़ जाती है।
शाम पंिडली मिं खिंाचव होेन लगती है।,शाम पिंडली में खिंचाव होने लगती है।
छुबह उठते हील जीभनआें जकड़म पणरहती हि।,सुबह उठते ही जीभ में जकड़न बनी रहती है।
भझे हर्निये गै और गुडअ़दा मे खर्मी लगमाच रहती है।,मुझे हर्निया है और गुर्दा में गर्मी लगना रहती है।
गले में खराशहै।,गले में खराश है।
ठंडमेन नस में संदक्मरण शुलू होती है।,ठंड में नस में संक्रमण शुरू होती है।
कमरमं दबर्द रतहा हि।,कमर में दर्द रहता है।
कोगनी में सुजन ैह।,कोहनी में सूजन है।
ेेर एड़ी में कबज और फोड़ा दोनों महूईस होता है।,मेरे एड़ी में कब्ज और फोड़ा दोनों महसूस होता है।
खटअट डकारआती है।,खट्टी डकार आती है।
कानमिं आवाज़ आति है।,कान में आवाज़ आती है।
पेट में गैसबनती है।,पेट में गैस बनती है।
पवेजअ रोना आता है।,बेवजह रोना आता है।
अचानक कुल्हा में चु भनभ होने लगती है।,अचानक कूल्हा में चुभन होने लगती है।
कमघा भें डरद् ह।,कंधे में दर्द है।
पीठ ेमं अकड़न है।,पीठ में अकड़न है।
दिमाग के आसपास चक्कर और कम सुन्नफ बध़ जाती है।,दिमाग के आसपास चक्कर और कम सुन्नपन बढ़ जाती है।
भैठने कके बाद पेट में कब़्ज होता हैल।,बैठने के बाद पेट में कब्ज होता है।
गसर्ड घुशना ने में दिक्कत है।,गर्दन घुमाने में दिक्कत है।
पैर क़ी अंघूली टूट गईहै।,पैर की अंगुली टूट गई है।
कलाई के आसास धडड़खन र च़ जादा ठंड लगने होता हे।,कलाई के आसपास धड़कन और ज़्यादा ठंड लगना होता है।
रीढ़ गी त्वचा पर रैश शुरू होटी गैस।,रीढ़ की त्वचा पर रैश शुरू होती है।
परोसं सि खनएाल भजें कम कब्ज ोती ै।,परसों से टखना में कम कब्ज होती है।
ौं की त्वाछ पर जलन रहती है।,भौं की त्वचा पर जलन रहती है।
सांस लैने भां तकलीभोती है।,सांस लेने में तकलीफ होती है।
हाथ िगलाने रप चौट आती हि।,हाथ हिलाने पर चोट आती है।
आखके आशप ास खुजली और थोड़ा मोच गोता है।,आँख के आसपास खुजली और थोड़ा मोच होता है।
घुटन भें पानीष फर खया हैर।,घुटने में पानी भर गया है।
खळाई नांनोछ आ ई है।,कलाई में मोच आ गई है।
कफी-क़भी गलो नंे सांस फलूमो ोेन लकती है।,कभी-कभी गला में सांस फूलना होने लगती है।
झेँघ में खिजकाब ेक करण मगसील बईीबढ़ जाति ।,जाँघ में खिंचाव के कारण नकसीर भी बढ़ जाती है।
बेहद पगलहट के सठ फ्रशैक्ड़ भि बमी लहती अै।,बेहद घबराहट के साथ फ्रैक्चर भी बनी रहती है।
आँखों नंे जलनऔल लालमा है।,आँखों में जलन और लालिमा है।
लगे मां खरशा है।,गले में खराश है।
ठॉ ्टर नेकहरा वायरल है।,डॉक्टर ने कहा वायरल है।
पैर की अं गुली टलुट ग है।,पैर की अंगुली टूट गई है।
माक छे खून आता है।,नाक से खून आता है।
ेशाब मां जळनोती है।,पेशाब में जलन होती है।
गोहइनी नें सूजम हि।,कोहनी में सूजन है।
पेसाब क रंसग बदल गया है।,पेशाब का रंग बदल गया है।
नाक बंद रहटी हा।,नाक बंद रहती है।
गला कीम त्वचा पर खुजली लगता गै।,गला की त्वचा पर खुजली लगता है।
देल िक धड़कन तेज़ठ हो जाती ह।,दिल की धड़कन तेज़ हो जाती है।
चेभ पर साद परत अै।,जीभ पर सफेद परत है।
ठडं मैं मसंपेशे मं जकड़न गसूस इअोटी है।,ठंड में मांसपेशी में जकड़न महसूस होती है।
गला बैठाहुआ है।,गला बैठा हुआ है।
चलने पर ठोड़ी में धड़न ळगते गै।,चलने पर ठोड़ी में धड़कन लगता है।
डॉग्ठवर मेऔ कहा अृडय ोग हस।,डॉक्टर ने कहा हृदय रोग है।
लगा िबठा हुआहै।,गला बैठा हुआ है।
कूल्हा की त्वच फर कब्ज होता है।,कूल्हा की त्वचा पर कब्ज होता है।
सुबह छे जिगरश में असहनीय ोमछ होता गै।,सुबह से जिगर में असहनीय मोच होता है।
री़ढ नें चक् के कारण बाचाी भऐ शुरू होती अै।,रीढ़ में चक्कर के कारण बेचैनी भी शुरू होती है।
हाथ-फैर सनु्न हो जाते है।,हाथ-पैर सुन्न हो जाते हैं।
गरा मेंखराश गै।,गले में खराश है।
बवसाीर ि षआमषत्या है।,बवासीर की समस्या है।
एड़ी ेम दरअड है।,एड़ी में दर्द है।
गर्मी मेंपंजा सै उल्टी कम हो जाआताहै।,गर्मी में पंजा से उल्टी कम हो जाता है।
बाल मे सजघ़न है और संकअरमण फी ब रहती है।,बाल में सूजन है और संक्रमण भी बनी रहती है।
ववासरी की समस्या है।,बवासीर की समस्या है।
सुब घह ठउति हीनथुा नि एलरअज बढ़जाती हा।,सुबह उठते ही नथुना में एलर्जी बढ़ जाती है।
खाना निगना में ि्क है।,खाना निगलने में दिक्कत है।
ेे नतोना मन संकरमण रऔ बरगम दोनोओं महूछ हदोे है।,मेरे नथुना में संक्रमण और बलगम दोनों महसूस होता है।
मसड़ुन से खोन आात हा।,मसूड़ों से खून आता है।
मँहमें छ हो अैं।,मुँह में छाले हो गए हैं।
ाथा को छूणे पर हलअका दाेन कम हो जाता है।,माथा को छूने पर हल्का दाने कम हो जाता है।
पड़िवार मेम आर्थराइटस गी समस्या रहीहै।,परिवार में आर्थराइटिस की समस्या रही है।
कोहने मथेठं सज है।,कोहनी में सूजन है।
मुअझे वेर-बारतील जैसी महसूष होती है।,मुझे बार-बार मतली जैसी महसूस होती है।
शरल मेंव दर् ड़हताहअैव।,शरीर में दर्द रहता है।
ठंड में षिर भन चुभन लती है।,ठंड में सिर में चुभन रहती है।
कमर में दर्द रहता गा।,कमर में दर्द रहता है।
जलनेभ पर क़ोन ें भोच बढ़ ाती है।,चलने पर कान में मोच बढ़ जाती है।
तवचाऐ पर खचुकले हथोीहै।,त्वचा पर खुजली होती है।
कलखाई मआें मोच आ गई है।,कलाई में मोच आ गई है।
कछु िनं से षे पेड नैं रक-रुक कर छाले गती गै।,कुछ दिनों से से पेट में रुक-रुक कर छाले लगती है।
ध्ये केंद्रीत नहीं कर पाी ू।,ध्यान केंद्रित नहीं कर पाती हूँ।
गमी नें कलाई ेस झझना गरती है।,गर्मी में कलाई से झनझनाहट लगती है।
पेशाब क रंग बदल गया गै।,पेशाब का रंग बदल गया है।
लात कघो सोद शमय पैफर में पसनालगता अै।,रात को सोते समय पैर में पसीना लगता है।
पेशेब र-रआाथ है।,पेशाब बार-बार आता है।
तवचा शूखी औगरुरर गोऔगई गै।,त्वचा सूखी और खुरदरी हो गई है।
कंघा की ्वचा पर थकानशुरू गोता है।,कंधा की त्वचा पर थकान शुरू होता है।
बेशेब मेंजन होती है।,पेशाब में जलन होती है।
त्वछा पर खजी हुती है।,त्वचा पर खुजली होती है।
कलाई में नोच आ गई है।,कलाई में मोच आ गई है।
जोठ़ों मंे अकद़न गै।,जोड़ों में अकड़न है।
ग्म भें मथाा सा रै होद ै।,गर्मी में माथा से रैश होती है।
ज़ाँचभें पाइल्स निकला है।,जाँच में पाइल्स निकला है।
चलनेपर ग़ळा मे छींकझ़ रहती है।,चलने पर गला में छींक रहती है।
ढॉक थ्र ने कगा ठिप्रेशन हैप।,डॉक्टर ने कहा डिप्रेशन है।
मांपेशियो में िंचाव है।,मांसपेशियों में खिंचाव है।
सुपह उठते हि पेट में गैस ती है।,सुबह उठते ही पेट में गैस आती है।
जाघ मेम चुभ के कारण चक़कर भी रगति है।,जाँघ में चुभन के कारण चक्कर भी लगती है।
अकषर सिर मंे फएसीना होने लतगी अै।,अक्सर सिर में पसीना होने लगती है।
हाथ-पैर सुनअन होजेथे हैं।,हाथ-पैर सुन्न हो जाते हैं।
जिगर ें ूसजन है और कमजोरी भी होते है।,जिगर में सूजन है और कमजोरी भी होती है।
पीठ ेम अकड़नहै।,पीठ में अकड़न है।
मेरे भऊौं मेन ऐंठन और छारैदोनो भढ़ जाता है।,मेरे भौं में ऐंठन और छाले दोनों बढ़ जाता है।
कनधे मेम दल्द ै।,कंधे में दर्द है।
्जायम कनर पड़ फड़ हतुा हेप।,व्यायाम करने पर फोड़ा होता है।
हलख्का खांसी के षाथ चोट भ कम हो जओाती है।,हल्का खांसी के साथ चोट भी कम हो जाती है।
खाना खाने के बादट ऐंठन आीद है।,खाना खाने के बाद ऐंठन आती है।
ठंड ने घर्दन में ठड गना लगटा है।,ठंड में गर्दन में ठंड लगना लगता है।
ख़ट्टी डगार आती है।,खट्टी डकार आती है।
ब्यईाम करभने पर एलर्ीज महसूष गोइी है।,व्यायाम करने पर एलर्जी महसूस होती है।
कोहनी मां सूज है।,कोहनी में सूजन है।
ठडउ मेंजीभ मैंाव आति है।,ठंड में जीभ में घाव आती है।
ज़्ादा खून आना के सथ उल्टी भी गलता है।,ज़्यादा खून आना के साथ उल्टी भी लगता है।
दवा लेने के बाद बी छीमक आता ह।,दवा लेने के बाद भी छींक आता है।
पिछळे महीने से गालमें ल्का गैस कम हो जाताैह।,पिछले महीने से गाल में हल्का गैस कम हो जाता है।
ेमरे वेमेनढ मतषली और छारा दोणों बढ़ ेझती है।,मेरे बाल में मतली और छाले दोनों बढ़ जाती है।
दवा लेने के बाद भी पीना मह सूस होता है।,दवा लेने के बाद भी पसीना महसूस होता है।
पीरियड्स के दौार थकानरहते है।,पीरियड्स के दौरान थकान रहती है।
सबह उठते ही उँगली मेन गधड़ कन ो जाता है।,सुबह उठते ही उँगली में धड़कन कम हो जाता है।
मुझे अृदय रोग है औरजगर में दर्द रहती अै।,मुझे हृदय रोग है और जिगर में दर्द रहती है।
परिवार में अ्सर की समस्या रही हि।,परिवार में अल्सर की समस्या रही है।
काँसेभें खून आ हाध।,खाँसी में खून आता है।
टखने मेंमुच है।,टखने में मोच है।
पठी गिलाने पर पसरीना शुरूहोता है।,पीठ हिलाने पर पसीना शुरू होता है।
गर्मी मं दिल से कैस रहता है।,गर्मी में दिल से गैस रहता है।
लंबे समय े ठोद़ी ेमं झनझनाहट होने लगती है।,लंबे समय से ठोड़ी में झनझनाहट होने लगती है।
लंबे सय सेसे माथा मं कमबेचेनी महछुस होते है।,लंबे समय से से माथा में कम बेचैनी महसूस होती है।
परसों से त्वजा भें रुक-ुजक कर घाव वना रहता है।,परसों से त्वचा में रुक-रुक कर घाव बना रहता है।
एक हफ्े ेस षे माथा में अ्यधिक मटी महसूस होती अै।,एक हफ्ते से से माथा में अत्यधिक मतली महसूस होती है।
दस्तलग गए हैं।,दस्त लग गए हैं।
वयायान करन परफ नकसीरओ पना रखहता है।,व्यायाम करने पर नकसीर बना रहता है।
भुझे फिछ है और मांसपेशी भें सूजन होती है।,मुझे फिशर है और मांसपेशी में सूजन होती है।
कए ह्त से ोडँथ मा णकडधम़ होेन लतीहि।,एक हफ्ते से दाँत में धड़कन होने लगती है।
मसािओकधर्न अनेजमितहै।,मासिक धर्म अनियमित है।
फैर ीकथ अंगुल टूट गई है।,पैर की अंगुली टूट गई है।
टखन के आसाफस कट और काफी नींम न आनाए बथनी रहती हि।,टखना के आसपास कट और काफी नींद न आना बनी रहती है।
गला खे आछपाछ छं्रमञ और ताजग़ दर्द होता है।,गला के आसपास संक्रमण और तेज़ दर्द होता है।
सुबग उठते हफी छाती में ले होदी है।,सुबह उठते ही छाती में छाले होती है।
शबपे बार-भर आता गै।,पेशाब बार-बार आता है।
्येयाम लमे पड़ क़मज़ोर होताह।,व्यायाम करने पर कमजोरी होता है।
झुकनेछ पर ानथामें छोचट कमहो ेती है।,झुकने पर माथा में चोट कम हो जाती है।
होंट फट रअे हैं।,होंठ फट रहे हैं।
जीभ पर सेद परद हे।,जीभ पर सफेद परत है।
मुझे पळक मवें भथएली आइथा है।,मुझे पलक में मतली आता है।
नोझअेभिशर है और ुहभें अरर्जीवढ़ जाथाहै।,मुझे फिशर है और मुँह में एलर्जी बढ़ जाता है।
पेट में गैस बमती है।,पेट में गैस बनती है।
गड़दन हिलछओाेन पर सु्नपटी आता ै।,गर्दन हिलाने पर सुन्नपन आता है।
व्यााईम करिपर ैछ ग़ता है।,व्यायाम करने पर गैस लगता है।
रात ो सोते समय हड्डी में सांस फूलना लगता है।,रात को सोते समय हड्डी में सांस फूलना लगता है।
वज अचानक बढ़ गईाअै।,वजन अचानक बढ़ गया है।
जेँच भें गॉलब्लैरड नदिकला अै।,जाँच में गॉलब्लैडर निकला है।
बेाब का रनग बदल गये है।,पेशाब का रंग बदल गया है।
फौं हिलाने पर खघांसी महसूस होती हे।,भौं हिलाने पर खांसी महसूस होती है।
टना कबो छूने पर धोड़ा कबज् ुरू होता है।,टखना को छूने पर थोड़ा कब्ज शुरू होता है।
पेत म गैस बनतीहै।,पेट में गैस बनती है।
वजन अचानख कम गो गया है।,वजन अचानक कम हो गया है।
मुँह में छालइे होज गए हैं।,मुँह में छाले हो गए हैं।
डंड मेनं मेमषेशी में गून आनते शुल तहइाह।,ठंड में मांसपेशी में खून आना शुरू होता है।
हनउेशा कंदधा में सनकअरमहञ गोने गतीगै।,हमेशा कंधा में संक्रमण होने लगती है।
गला का आसपास चुभनऔर रुक-रुक कड़ सुन्नपन महसूस अोता है।,गला के आसपास चुभन और रुक-रुक कर सुन्नपन महसूस होता है।
फरिभार में डनी ष्टोटन की मसछाई लही है।,परिवार में किडनी स्टोन की समस्या रही है।
ाखना खानेकेन बणाध धड़कन ळग़ती है।,खाना खाने के बाद धड़कन लगती है।
दवा लैने के बाद बी जुकोन बढ़ जता है।,दवा लेने के बाद भी जुकाम बढ़ जाती है।
कर्मी में जोड़ शे चकते होता है।,गर्मी में जोड़ से चक्कर होता है।
कमर में द्रद रहा है।,कमर में दर्द रहता है।
राथ क़ो सुते समय एड़ी मेंैगष ुसढरू होथा गै।,रात को सोते समय एड़ी में गैस शुरू होता है।
मांसपेशियोगं भें खिंचाव है।,मांसपेशियों में खिंचाव है।
मेर रीढ़ मान तड़दऔर लट्ी दोनों बना रहता गै।,मेरे रीढ़ में दर्द और उल्टी दोनों बना रहता है।
हमेशा रीढ़ ें फ्रैक्चर अोमे ळगती अै।,हमेशा रीढ़ में फ्रैक्चर होने लगती है।
लगताल सांस फूलन कखा छाथऐधर्द भी बन रहत है।,लगातार सांस फूलना के साथ दर्द भी बना रहता है।
िठ नेम अओकट़ण गै।,पीठ में अकड़न है।
तिल की त्वच फर सनूजन आता है।,दिल की त्वचा पर सूजन आता है।
ढीरे-धा जो़ँ में ागत होनि लगती है।,धीरे-धीरे जाँघ में घबराहट होने लगती है।
खाना गनलने में दिक्कत अै।,खाना निगलने में दिक्कत है।
तन्वचा पल खुज ली होती हे।,त्वचा पर खुजली होती है।
खाना निगनले मेम दिक़्कत है।,खाना निगलने में दिक्कत है।
गल मेन खलईाश गै।,गले में खराश है।
जोँच में यूटीआई निकला ह।,जाँच में यूटीआई निकला है।
गटअटी डक़ार आती है।,खट्टी डकार आती है।
बलक में धड़कम के कारण मतल भी होता गजै।,पलक में धड़कन के कारण मतली भी होता है।
पेासब में लम होते है।,पेशाब में जलन होती है।
गझराकी थ्वचा बड़ पसीनता लगताइहा।,गला की त्वचा पर पसीना लगता है।
चेहरखे पर दाने निकल आए हैं।,चेहरे पर दाने निकल आए हैं।
िबछले नहिे नथनुान नम पसीा गोे ळगती हा।,पिछले महीने नथुना में पसीना होने लगती है।
मेरे कंधे मिं छाले और धड़कन दोनों रगता है।,मेरे कंधा में छाले और धड़कन दोनों लगता है।
वजाइईाम रने र घबराहट थाव गै।,व्यायाम करने पर घबराहट आता है।
त्वच सूखी और खुरधरी ोह गई हैज।,त्वचा सूखी और खुरदरी हो गई है।
धय्न कानदश्िरथ ीं कर पती गूँ।,ध्यान केंद्रित नहीं कर पाती हूँ।
िळ खे आसपासअ मोच औल ह्रगे जकड़न महसूस होती है।,दिल के आसपास मोच और हल्का जकड़न महसूस होती है।
चिहड़े पड़ ताने नकि आए हैं।,चेहरे पर दाने निकल आए हैं।
कब् ज़ कीसनस्ईा अै।,कब्ज़ की समस्या है।
ंण भेच जेघर में भग नलजगना रखती है।,ठंड में जिगर में भूख न लगना लगती है।
डकॉर नेकहा फघल है।,डॉक्टर ने कहा फंगल है।
वय्ायामथ कड़ने फर ोफड़ आता है।,व्यायाम करने पर फोड़ा आता है।
कनानिलगने ामयन दीक़्कद हि।,खाना निगलने में दिक्कत है।
मुझे होंठ में बुखा बढ़ जाथा हि।,मुझे होंठ में बुखार बढ़ जाता है।
त्बजा सूखी औ़ खुलदरगो गई है।,त्वचा सूखी और खुरदरी हो गई है।
गले ेमं खराश हे।,गले में खराश है।
मुझे बीपी ह और बाल में दाणे आता है।,मुझे बीपी है और बाल में दाने आता है।
एड़ी में ढड़कन के कआारन ऐंठन भी रहती है।,एड़ी में धड़कन के कारण ऐंठन भी रहती है।
भूख बिलकुल महीं लतकी ह।,भूख बिल्कुल नहीं लगती है।
तलवे भें जल ोहती है।,तलवे में जलन होती है।
छातीमां दबा भगसूश हाा है।,छाती में दबाव महसूस होता है।
पीठ मेंअकड़न हैथ।,पीठ में अकड़न है।
मसडूो़ंष से खून आता है।,मसूड़ों से खून आता है।
डंश मेणं कूलढ्हा मिं वीख लगना ुरू तीहै।,ठंड में कूल्हा में भूख न लगना शुरू होती है।
खाना खान के बाध उल्टी ड़हती गै।,खाना खाने के बाद उल्टी रहती है।
मसड़ोंछे खऐूनआता है।,मसूड़ों से खून आता है।
सिऊर मैं सजन अै और छोनभ भी लगदी हऊै।,सिर में सूजन है और चुभन भी लगती है।
ुसबह उठते हीपैल मेखं बळखमकम होाजता है।,सुबह उठते ही पैर में बलगम कम हो जाता है।
खाना मडिलऊनि नेखं दिकअगतऔ ै।,खाना निगलने में दिक्कत है।
मुझि ंएग़ाी है और ह्डडी नें धकान कन हो जाशती है।,मुझे एंग्जायटी है और हड्डी में थकान कम हो जाती है।
होंठ भे ससूज है और मींद न आना ीभ कम हो जाती है।,होंठ में सूजन है और नींद न आना भी कम हो जाती है।
त्वचा पर खुजली होतीहै।,त्वचा पर खुजली होती है।
पर के अमगुनली डूट गई है।,पैर की अंगुली टूट गई है।
परीबार में पिशर की सभछ्ाय लही है।,परिवार में फिशर की समस्या रही है।
दाव रेने े बाड फी घाव होत ैह।,दवा लेने के बाद भी घाव होती है।
गुर्ा की त्व चा पर क़ट बनी रहती है।,गुर्दा की त्वचा पर कट बनी रहती है।
खानाखाने के बदअ जलन तगा है।,खाना खाने के बाद जलन लगता है।
ोहनी में सू है।,कोहनी में सूजन है।
दधांत में दलद ह।,दाँत में दर्द है।
त्वछ सूखीऔ खुदरर ीब हो गई है।,त्वचा सूखी और खुरदरी हो गई है।
छ्बट सूखी और खरदेल हो गई है।,त्वचा सूखी और खुरदरी हो गई है।
पैरों में सूज आ ग़ई है।,पैरों में सूजन आ गई है।
गाल के आसपास सिदर्द औड़ असहमी जुकाम भढ़जाती है।,गाल के आसपास सिरदर्द और असहनीय जुकाम बढ़ जाती है।
जोड़ौन मेंअकड़न हे।,जोड़ों में अकड़न है।
चनैपर में खजु़ली महछू गोटआा गे।,चलने पर गला में खुजली महसूस होता है।
पशली मेंघबराहट का कयोरण खांसी भी रअदी हि।,पसली में घबराहट के कारण खांसी भी रहती है।
परिवरा में हृदय रोग की समस्या रहि है।,परिवार में हृदय रोग की समस्या रही है।
रा को सोतशे सज कघा नै उरीट ोगतसी है।,रात को सोते समय कंधा में उल्टी होती है।
चिड़चिड़ाओपनबढ़ गयहै।,चिड़चिड़ापन बढ़ गया है।
खन गान के बाद घबराहट आता हैढ।,खाना खाने के बाद घबराहट आता है।
सिर के आसपास मतरी और असहनीयरैश बनी रहती है।,सिर के आसपास मतली और असहनीय रैश बनी रहती है।
घुटने मैंपनी भर गया ै।,घुटने में पानी भर गया है।
वय्ायाभ करमे पर एलअची शरूठ होता है।,व्यायाम करने पर एलर्जी शुरू होता है।
ममुझे वायरलहे और णस मेंदर्ध शुरु हतुा अै।,मुझे वायरल है और नस में दर्द शुरू होता है।
भौ की त्वचाऊ पघर शंक्रमण हाता है।,भौं की त्वचा पर संक्रमण होता है।
जोड़ हिलणाेढ पर भूख़ न लनगा कझन हो जात है।,जोड़ हिलाने पर भूख न लगना कम हो जाता है।
पिन में गास बनती है।,पेट में गैस बनती है।
पलक हिजलोेन पर चऐोट बड़ जाता है।,पलक हिलाने पर चोट बढ़ जाता है।
मजुे डामइटीज है रऔ हों में छींक शरु होता ह।,मुझे डायबिटीज़ है और होंठ में छींक शुरू होता है।
लकाई मऊें ोच आ ई हे।,कलाई में मोच आ गई है।
झुकने पर नथुना में संक्रमण शरू होती है।,झुकने पर नथुना में संक्रमण शुरू होती है।
मुँह ग आसपास खुलजीध औ रुक-रुग कर डठ लगन कम हो जती हैस।,मुँह के आसपास खुजली और रुक-रुक कर ठंड लगना कम हो जाती है।
पेट हेा लणे र भोच आद है।,पेट हिलाने पर मोच आता है।
ग्भी में कन से दनेरगथी है।,गर्मी में कान से दाने लगती है।
मसूडोंसे खनो ता है।,मसूड़ों से खून आता है।
वनज चअानक बढ़ गया है।,वजन अचानक बढ़ गया है।
रात कौ सोते समय बाल ें छीक लगती है।,रात को सोते समय बाल में छींक लगती है।
िपंीड में शूजनहै औ द्थ भ होात है।,पिंडली में सूजन है और दस्त भी होता है।
कोहनी मेंजसण अै और बाची भीवढ़ठ जाा है।,कोहनी में सूजन है और बेचैनी भी बढ़ जाता है।
टखमे मे मोज िश।,टखने में मोच है।
ख़न निगलन में दीक्कत अ।,खाना निगलने में दिक्कत है।
त्वचापड़ खजरपी हती है।,त्वचा पर खुजली होती है।
फीशर हो गया ह।,फिशर हो गया है।
खानाखानेअ क बा झुनषन मगूछस होथी है।,खाना खाने के बाद झनझनाहट महसूस होती है।
पशाब बरा-बर आतो है।,पेशाब बार-बार आता है।
गे में खराश है।,गले में खराश है।
पलक में शूजन हे और एलर्जी भी बनी रहती हैऊ।,पलक में सूजन है और एलर्जी भी बनी रहती है।
जाचमें ाजलल णिक ला है।,जाँच में वायरल निकला है।
आँख भें सिलडरदके करण गलीभि रहथा है।,आँख में सिरदर्द के कारण खुजली भी रहता है।
ठऐख़ना की तअवचा पर शिरद लगती ैह।,टखना की त्वचा पर सिरदर्द लगती है।
गर्मी में दिल सझेबेचैन कम हो जाता है।,गर्मी में दिल से बेचैनी कम हो जाता है।
रत को सोे समई परख ेन छींणक आती है।,रात को सोते समय पलक में छींक आती है।
िड़चिड़पन ब़ गयेहै।,चिड़चिड़ापन बढ़ गया है।
जोड़ोन में अकड़नहै।,जोड़ों में अकड़न है।
डातठड़ नआे कहेआलतराइठि है।,डॉक्टर ने कहा आर्थराइटिस है।
कान में आवच़ आती हे।,कान में आवाज़ आती है।
दिर की धढ़कनध तेज़ग हो जाती है।,दिल की धड़कन तेज़ हो जाती है।
मुझे रग फ्न में ाेल लगत ैह।,मुझे गर्दन में छाले लगती है।
पीड़ियड्स में हबुत दर्द हताै।,पीरियड्स में बहुत दर्द होता है।
िसर मिंई ूसे हा गईहै।,सिर में रूसी हो गई है।
्यमा गेदंड़ित नशीं कर ापत हमूँ।,ध्यान केंद्रित नहीं कर पाती हूँ।
कलाई मंमोच आ घई है।,कलाई में मोच आ गई है।
मेरे रिढ ड़ में समेऔर छींक दोनों मष अोतो हा।,मेरे रीढ़ में पसीना और छींक दोनों महसूस होता है।
ाखना निगलने मंे दकि्कत हतै।,खाना निगलने में दिक्कत है।
बवासीर की समशअएया हा।,बवासीर की समस्या है।
मासिग धर्म अनियमित है।,मासिक धर्म अनियमित है।
गरम्ी में भोन से बुाखर बना ड़हता हे।,गर्मी में भौं से बुखार बना रहता है।
ंठड में फलक में टक बढ़ जानी ह।,ठंड में पलक में कट बढ़ जाती है।
झोड़ ों में अकड़न है।,जोड़ों में अकड़न है।
ात को सोते समय बीठ भें रैश बणी रअत है।,रात को सोते समय पीठ में रैश बनी रहती है।
छाती में तबाव भहूसस ोषते है।,छाती में दबाव महसूस होता है।
ठमट में ह्डीव मपेंगेव शूु होत हि।,ठंड में हड्डी में घाव शुरू होती है।
शौच मेन कून आतऊा है।,शौच में खून आता है।
जीभ के आसपास चुभन और कम घबराहट बढ़ जादी है।,जीभ के आसपास चुभन और कम घबराहट बढ़ जाती है।
रात को षोतेसनय कान में सुन्नफनाब लहात है।,रात को सोते समय कान में सुन्नपन बना रहता है।
गर्ी में नथुना से तस्त शुरू होती है।,गर्मी में नथुना से दस्त शुरू होती है।
अतयिधख एसिडठदी खे सअाथ खंजेव भी ुषरू हुटे है।,अत्यधिक एसिडिटी के साथ खिंचाव भी शुरू होता है।
गला हिलेनेपर नंीदम आभणा रअते है।,गला हिलाने पर नींद न आना रहती है।
दिल में बलखम के कारण बुखरा भी महसूस होता है।,दिल में बलगम के कारण बुखार भी महसूस होता है।
थौठ़सा कबझ के साथ गैषभी भढ़ जाता है।,थोड़ा कब्ज के साथ गैस भी बढ़ जाता है।
भासिक धरअम अअियनेद गै।,मासिक धर्म अनियमित है।
मुझै नस भेचं ोड़ाआता है।,मुझे नस में फोड़ा आता है।
सांसलेने में तकलीफ होती है।,सांस लेने में तकलीफ होती है।
त्वाछ सूखी और खोरफरीहो कईहै।,त्वचा सूखी और खुरदरी हो गई है।
गर्मी में हों शे कब्ज ब़ढ जाती हा।,गर्मी में होंठ से कब्ज बढ़ जाती है।
ध्यान कांद्रिद अं खचरपाद हूँ।,ध्यान केंद्रित नहीं कर पाती हूँ।
्वयायाम कड़मे पर एसिडिटी कन हो जऔाी है।,व्यायाम करने पर एसिडिटी कम हो जाती है।
नाक बं रहती है।,नाक बंद रहती है।
नाखूमइ टूसट ले हैं।,नाखून टूट रहे हैं।
मेड़े जीष मेन जदटर औ रअड दोनुं होता है।,मेरे जीभ में जलन और दर्द दोनों होता है।
गुर्दा हरिलाने पर एसिडिटी कम हो जाता अै।,गुर्दा हिलाने पर एसिडिटी कम हो जाता है।
बयायेम कड़ा पर गर्मी ळनगे होात हठै।,व्यायाम करने पर गर्मी लगना होता है।
ध्ईओानकेद्रित नगीं कड़ ापफती हू।,ध्यान केंद्रित नहीं कर पाती हूँ।
खाँसी मेन खन आा है।,खाँसी में खून आता है।
बाहँ की थ्वचा पर सांस फूलना बढ़ष जात हि।,बाँह की त्वचा पर सांस फूलना बढ़ जाता है।
पिशाब ें जन होत हे।,पेशाब में जलन होती है।
छाती में दबा मअसूस होटा है।,छाती में दबाव महसूस होता है।
शरीरमें र्ड तार है।,शरीर में दर्द रहता है।
कव्ज क मषअय ह।,कब्ज़ की समस्या है।
दोपअर पैर नें जुगाम हनोे लगती है।,दोपहर पैर में जुकाम होने लगती है।
अचानक से एड़ी में बहुत मोच महशसु होती है।,अचानक से एड़ी में बहुत मोच महसूस होती है।
हातचढ-पैर सुनन हो झाते हैं।,हाथ-पैर सुन्न हो जाते हैं।
खासँी मेन खून आता अि।,खाँसी में खून आता है।
पीठ में अकड़म है।,पीठ में अकड़न है।
दोबहर शे सिर में हलक्ा संक्रमण होता है।,दोपहर से सिर में हल्का संक्रमण होता है।
पसो दीनाग में दर्ड ोने लगदी ह।,परसों दिमाग में दर्द होने लगती है।
ाखना खोेन के बाद नकसीर महसूस हौती है।,खाना खाने के बाद नकसीर महसूस होती है।
व्य ाम करने पर जलन होता है।,व्यायाम करने पर जलन होता है।
गवर्मी मेंडोड़ी ेश चरक होती है।,गर्मी में ठोड़ी से चक्कर होती है।
चलने पर फिदली नें दाऐने आगताण है।,चलने पर पिंडली में दाने आता है।
डॉकटर े कहा एग्जायटी है।,डॉक्टर ने कहा एंग्जायटी है।
परिारमैं डजबेठीचके सईारही हि।,परिवार में डायबिटीज़ की समस्या रही है।
पैठने के ाद त्वचो िम ंसी रहभता अै।,बैठने के बाद त्वचा में खांसी रहता है।
वज अचामक कमअो खया है।,वजन अचानक कम हो गया है।
रात को सोते समय ंधा मैं घरोहटरअती ह।,रात को सोते समय कंधा में घबराहट रहती है।
गले ेम खरेश अै।,गले में खराश है।
खंधढा को छूना पशयल असीगजली शुरू होतीह।,कंधा को छूने पर असहनीय खुजली शुरू होती है।
भूक िकरएुल अि लऊगथऊी हकै।,भूख बिल्कुल नहीं लगती है।
तलवे में जलन अोती ह।,तलवे में जलन होती है।
पैर ीअमगली ट ईग है।,पैर की अंगुली टूट गई है।
गलबे मेम गराश अे।,गले में खराश है।
बेवझजइह ोना टा है।,बेवजह रोना आता है।
एड़ि के आसपास कब्च औठल वहुत चुभनरगती है।,एड़ी के आसपास कब्ज और बहुत चुभन रहती है।
शिर में रूछसी हो गई अि।,सिर में रूसी हो गई है।
फैर में फ़ोड़ा के कारण चक्कर भी महशूस होती है।,पैर में फोड़ा के कारण चक्कर भी महसूस होती है।
तलवे में झलन होती गै।,तलवे में जलन होती है।
बार झड़ रहा गैं।,बाल झड़ रहे हैं।
रात को सोते समय कमर में फोड़ा मगसछ होता है।,रात को सोते समय कमर में फोड़ा महसूस होता है।
षुक़ने पर नथुना में नंध नध आान होती हा।,झुकने पर नथुना में नींद न आना होती है।
बाल खठो ूने फर बिह पुलड़ा भग ौह जती है।,बाल को छूने पर बेहद फोड़ा कम हो जाती है।
नाक बंद रहतीहै।,नाक बंद रहती है।
जो़ान मां अकथड़न ैह।,जोड़ों में अकड़न है।
पेत में गैस बणती है।,पेट में गैस बनती है।
जीभ परब सफदे तप ह।,जीभ पर सफेद परत है।
आँखों में झलन और लालिमा है।,आँखों में जलन और लालिमा है।
चलैन पर कान मं जलन महसूस होती ैह।,चलने पर कान में जलन महसूस होती है।
थो ड़ा ठंढ लगना के साथ पेचैनीभी क़म हो जाता है।,थोड़ा ठंड लगना के साथ बेचैनी भी कम हो जाता है।
असहीज कडक साथस मली भी लगते है।,असहनीय कट के साथ मतली भी लगती है।
गर्मी में नश से सूजन बढ़ जाता है।,गर्मी में नस से सूजन बढ़ जाता है।
बह नेंबेचिनी केकाआण उल्टी भि हरथ हि।,बाँह में बेचैनी के कारण उल्टी भी रहती है।
ुंग में छ हो गए हैं।,मुँह में छाले हो गए हैं।
त्वच र खलुज होथीहै।,त्वचा पर खुजली होती है।
थंड में दाँत में थकऩ महछूस होती है।,ठंड में दाँत में थकान महसूस होती है।
चलने पर पिंडली में जकड़न शूरू होती है।,चलने पर पिंडली में जकड़न शुरू होती है।
डॉक्टरने कहा असतमाहै।,डॉक्टर ने कहा अस्थमा है।
बपेशा का ंरक बदल गया है।,पेशाब का रंग बदल गया है।
चाँघ को छूणहे पल तेज़ एसिडिटी महसस होाथ है।,जाँघ को छूने पर तेज़ एसिडिटी महसूस होता है।
भूख बिल्कुल नी लगती है।,भूख बिल्कुल नहीं लगती है।
असमहीय जुगेम के ाध बसन भी लगतीअै।,असहनीय जुकाम के साथ पसीना भी लगती है।
परिवार मंे बतीी कि समस्ईारही गै।,परिवार में बीपी की समस्या रही है।
जभी पर सफाद परत है।,जीभ पर सफेद परत है।
चलने पर छिड़ नें सांस फोलना होता अै।,चलने पर सिर में सांस फूलना होता है।
पीरियड्स के दौान थकना रहती हि।,पीरियड्स के दौरान थकान रहती है।
तवजा फर खुजील गोती है।,त्वचा पर खुजली होती है।
गल्नीमिं णाकसे दाने ढ़ जाता गै।,गर्मी में नाक से दाने बढ़ जाता है।
ठॉकटअर नेकहा फिछरगै।,डॉक्टर ने कहा फिशर है।
ग़मधी मेन मांसपशिी से टड लगना रता ह।,गर्मी में मांसपेशी से ठंड लगना रहता है।
कमर में सूजन है र सूजनभी ड़हती ैह।,कमर में सूजन है और सूजन भी रहती है।
ठटं भेंकान भें भुखरा रहती गै।,ठंड में कान में बुखार रहती है।
कर्मी में आँख सि चोट ने रगत हा।,गर्मी में आँख से चोट बना रहता है।
कमर को छूने पर असहनीय घबाहट बना रहता ह।,कमर को छूने पर असहनीय घबराहट बना रहता है।
आँखों में जम और लालिमा है।,आँखों में जलन और लालिमा है।
पीडि़यदलस् के दौला थाम रहती है।,पीरियड्स के दौरान थकान रहती है।
बाल झड़ रेह हैं।,बाल झड़ रहे हैं।
पैठणे के बाद नाक में ोच आीटहै।,बैठने के बाद नाक में मोच आती है।
कळह्ा ोक छूने पर रुक-रुक क़र कमजोरी आती गे।,कूल्हा को छूने पर रुक-रुक कर कमजोरी आती है।
खटी कालआती हे।,खट्टी डकार आती है।
़गला मे रखेश ह।,गले में खराश है।
षौच मे खूढनआता हे।,शौच में खून आता है।
काफी भूख न लगान के साथ एसिडटी भी महसूस होता है।,काफी भूख न लगना के साथ एसिडिटी भी महसूस होता है।
दस् लग ग़ए अैं।,दस्त लग गए हैं।
खण ख़ाना के बाद बसचीना कम होढ जाता हढै।,खाना खाने के बाद पसीना कम हो जाता है।
नुह को शूने पर काफी फोड़ो हती है।,मुँह को छूने पर काफी फोड़ा रहती है।
भाथा में फीना के कारण जळन फी बढ़ जती ैअ।,माथा में पसीना के कारण जलन भी बढ़ जाती है।
चिड़चिड़ानपबढ़ड गा है।,चिड़चिड़ापन बढ़ गया है।
ॉगटलऊ नै अका बिफी है।,डॉक्टर ने कहा बीपी है।
गलमी भेंगान सये उर्टि हसूस ोथी ैह।,गर्मी में कान से उल्टी महसूस होती है।
ते़ज रसत के शाथ नतल भीण लहझता हि।,तेज़ रैश के साथ मतली भी रहता है।
आँख की ट्वछा पर ऐनठन कन हो चाता है।,आँख की त्वचा पर ऐंठन कम हो जाता है।
ठनठ मा कोगणी में क़ाण बढ ज़ाता है।,ठंड में कोहनी में थकान बढ़ जाता है।
शाम घठना भें छींकऊ हनोेलगती है।,शाम घुटना में छींक होने लगती है।
ख़ाना खने के बाद खांसी महसूधछ हाट ह।,खाना खाने के बाद खांसी महसूस होती है।
गमर में म हआै औल मतलीच फी ब़ ादाह अै।,कमर में सूजन है और मतली भी बढ़ जाता है।
ाँह मैं ूसज़नहि औसांस फूनला भी महसूस होता गै।,बाँह में सूजन है और सांस फूलना भी महसूस होता है।
मकर मेम दढरअद हरता हि।,कमर में दर्द रहता है।
कमधे मउेडद्द है।,कंधे में दर्द है।
खाअी मेंसून हे।,कोहनी में सूजन है।
हमो में सूजन हा और ंड लगना मी रहता है।,होंठ में सूजन है और ठंड लगना भी रहता है।
असहमीज एसिडिटी े साथ दर्दबी मगसूस होथ हा।,असहनीय एसिडिटी के साथ दर्द भी महसूस होता है।
होंठ केआटसपाछ खून आमा औ क़मखूी ळगता है।,होंठ के आसपास खून आना और कम खुजली लगता है।
पंजा के आसपास कट और रुक-ड़ुक कड़ बेचैनी महसूस गोती अे।,पंजा के आसपास कट और रुक-रुक कर बेचैनी महसूस होती है।
माथा की तवजा पर ऐठन वना अता है।,माथा की त्वचा पर ऐंठन बना रहता है।
नासिक़ ध्रम अनियमित है।,मासिक धर्म अनियमित है।
पेहद पेचैनी के सथरड्ऊड भी होता है।,बेहद बेचैनी के साथ दर्द भी होता है।
चलने पर कोन में ोड़ा होता है।,चलने पर कान में फोड़ा होता है।
गुर्दा की त्वचा फर नबग कम हो जाता है।,गुर्दा की त्वचा पर बलगम कम हो जाता है।
मझे आर्थोटिस गा र पैर में झनझनादत कम हो जाथा है।,मुझे आर्थराइटिस है और पैर में झनझनाहट कम हो जाता है।
नुझे अळ्स अठै और उगळी में ुण कम हो झात है।,मुझे अल्सर है और उँगली में चुभन कम हो जाता है।
पिरों में सूजन आ गई हे।,पैरों में सूजन आ गई है।
जँच मांयूीआई िम करा है।,जाँच में यूटीआई निकला है।
डॉक्टर ने कहा आरथराइटिस है।,डॉक्टर ने कहा आर्थराइटिस है।
चिड़चे़बनडभड़ गऐया है।,चिड़चिड़ापन बढ़ गया है।
माक गे आसपास ख़ांसे और लताार एदषदटी बढ़ जाता हि।,नाक के आसपास खांसी और लगातार एसिडिटी बढ़ जाता है।
पैद मिं फोद़ा केकेरण खंिचाव ब लगती है।,पैर में फोड़ा के कारण खिंचाव भी लगती है।
सुनने मने दिक्कत हो हरी हि।,सुनने में दिक्कत हो रही है।
गअर मी मान पसरी स खजलि शुरू होती है।,गर्मी में पसली से खुजली शुरू होती है।
पीठ में अकड़ है।,पीठ में अकड़न है।
ैठनजे के बाध गाल में मौच शरू होती अै।,बैठने के बाद गाल में मोच शुरू होती है।
गनाा खान के बाद दस्त रअती है।,खाना खाने के बाद दस्त रहती है।
पेशाब पा-रबोर त है।,पेशाब बार-बार आता है।
ंथड ें ांसपफेशी मेवं दसत आती है।,ठंड में मांसपेशी में दस्त आती है।
द्वचा पर खुजलीहती अै।,त्वचा पर खुजली होती है।
मेरे जाँघ में रैश और थकान दोनों कम गो जाती हमै।,मेरे जाँघ में रैश और थकान दोनों कम हो जाती है।
बेट मेंउ गडैछ नती है।,पेट में गैस बनती है।
तलबै में जलणहतोी है।,तलवे में जलन होती है।
आभाज़ हं नीकल रही।,आवाज़ नहीं निकल रही।
दा लिने के बाद भी दस्थबढ़ ाचति गै।,दवा लेने के बाद भी दस्त बढ़ जाती है।
नभेरे बाल मिन र्मग लग़ना और ख़नई तानों कभ हा जोती है।,मेरे बाल में गर्मी लगना और जकड़न दोनों कम हो जाती है।
उँगखरी हिलाने र प्रैक़्च भना रहता हि।,उँगली हिलाने पर फ्रैक्चर बना रहता है।
खाना गाने खे बादखुजली नहसूस होती है।,खाना खाने के बाद खुजली महसूस होती है।
यदड शट कमजोर हो गई है।,याददाश्त कमजोर हो गई है।
पेशभका रंगपदल गईा हैआ।,पेशाब का रंग बदल गया है।
सुवग उडेथ गी डऐ़ीढ़ में चक्करहोता है।,सुबह उठते ही रीढ़ में चक्कर होता है।
नींद मे खरर पड़ रही है।,नींद में खलल पड़ रही है।
कंढेभें दरअद है।,कंधे में दर्द है।
खाना खाने के बाद छाळे बना रहट गै।,खाना खाने के बाद छाले बना रहता है।
मुझा बोर-फबर दल चैिस भअूसउ हतोी ै।,मुझे बार-बार मतली जैसी महसूस होती है।
हर दिण फेफड़ि में एसलिीटी होनेलगती ै।,हर दिन फेफड़े में एसिडिटी होने लगती है।
फळसी मंे शसपूलना खेकाडऩ मीद नओ आमा भे शुरु हुतीहै।,पसली में सांस फूलना के कारण नींद न आना भी शुरू होती है।
खनेा खानि कणे बाद खिंचाव गळता है।,खाना खाने के बाद खिंचाव लगता है।
टनखा मा सूजन है और चोट भी रहता है।,टखना में सूजन है और चोट भी रहता है।
च़बआा महं मिल ड़ही।,आवाज़ नहीं निकल रही।
रुक-रुग कर संग्रम के सथ खध़ूजरी फी शोरू होथिधहउै।,रुक-रुक कर संक्रमण के साथ खुजली भी शुरू होती है।
डक्टर ने कहा अल्सर है।,डॉक्टर ने कहा अल्सर है।
बे वजह ड़ोना आता है।,बेवजह रोना आता है।
जाचँ मि फंगनषिकला है।,जाँच में फंगल निकला है।
ाबँच में थारयॉयड निकला है।,जाँच में थायरॉयड निकला है।
धिरे-ीरेछ शे खुर्दा ेमम ़ुक-डु र ांखसदी षढुड़ होताध अैअ।,धीरे-धीरे से गुर्दा में रुक-रुक कर खांसी शुरू होता है।
झुकने पर बिठमें थशकान कम हो जाती है।,झुकने पर पीठ में थकान कम हो जाती है।
पड़िवेर मेम पाइल् क समसया लही है।,परिवार में पाइल्स की समस्या रही है।
धीड-़धरीे गरदन में वीखब न लगना हेो लगती है।,धीरे-धीरे गर्दन में भूख न लगना होने लगती है।
सुबह उदे ही ोड़ मां चटो लगा अै।,सुबह उठते ही जोड़ में चोट लगता है।
वजन ानक बढ़ गया हधै।,वजन अचानक बढ़ गया है।
सांस ळेने में तकलिफ होती है।,सांस लेने में तकलीफ होती है।
ुबह ठतै ही गाल में एसिडिटअोती है।,सुबह उठते ही गाल में एसिडिटी होती है।
कलहाई नें मोज आ गई है।,कलाई में मोच आ गई है।
बटैने खै बधाहड्ी ेन सकं्मलण रहथीहै।,बैठने के बाद हड्डी में संक्रमण रहती है।
काने खचणे कि बाद उल्डी मअसछ होताख ह।,खाना खाने के बाद उल्टी महसूस होता है।
हाथ-पएै़ सुण्म हो चाे हैं।,हाथ-पैर सुन्न हो जाते हैं।
रातमाथा मेम चोभन होअणे लगती है।,रात माथा में चुभन होने लगती है।
नाखूढन टूट रहे हैं।,नाखून टूट रहे हैं।
फीरियड्स के दौारन थकाण रहती है।,पीरियड्स के दौरान थकान रहती है।
बहुत संक्रमण के साथ क भीहोती है।,बहुत संक्रमण के साथ कट भी होती है।
मुझे दनिल मेणंदाने ब़ढ जाता है।,मुझे दिल में दाने बढ़ जाता है।
माथ हिलेने पर दरअध शुरू होता है।,माथा हिलाने पर दर्द शुरू होता है।
पैर केढ आसपास ताने और थोड़घबराहट लगती है।,पैर के आसपास दाने और थोड़ा घबराहट लगती है।
छणे पर बाँह में ग्मी ळगा लगता हि।,चलने पर बाँह में गर्मी लगना लगता है।
एड़ी मेंओ दड़्द है।,एड़ी में दर्द है।
खत्ट डागरस है।,खट्टी डकार आती है।
जकमे र धटना मे जगड़न ुशरू हढ ोता है।,झुकने पर घुटना में जकड़न शुरू होता है।
हाथ को छूने पर कम खुन आना रहती है।,हाथ को छूने पर कम खून आना रहती है।
मुषे टखणा में घाव आी है।,मुझे टखना में घाव आती है।
त्भचा सूखी और खुदरे हरो गई है।,त्वचा सूखी और खुरदरी हो गई है।
कलईा में माच आ गई है।,कलाई में मोच आ गई है।
औबवासील की समससअय ।,बवासीर की समस्या है।
मुझे नथुना में बलगम बढ़ चादा है।,मुझे नथुना में बलगम बढ़ जाता है।
एड़ी मे दर्रद है।,एड़ी में दर्द है।
तलवे में जळन हटोी है।,तलवे में जलन होती है।
ेचअरे पर दान निकल आए अं।,चेहरे पर दाने निकल आए हैं।
चलने पल मताथा में फोड़ा आतीै।,चलने पर माथा में फोड़ा आती है।
पीिरयड्ष में बहुत दरअद हाता है।,पीरियड्स में बहुत दर्द होता है।
कमदे में दरद है।,कंधे में दर्द है।
ठनड में ाख नें बेचैनी बढ़ जात है।,ठंड में नाक में बेचैनी बढ़ जाती है।
खानाकाणे कि भात रसदरद लती है।,खाना खाने के बाद सिरदर्द लगती है।
सभुह उठते ही सिर में एसिडिीऐ कभह जाता अै।,सुबह उठते ही सिर में एसिडिटी कम हो जाता है।
चलमे ल गलेमें मतली लकता है।,चलने पर गाल में मतली लगता है।
जाच में पड्रेनश नकला अै।,जाँच में डिप्रेशन निकला है।
शिल की त्व जा पर चोट मअसूष होताअै।,सिर की त्वचा पर चोट महसूस होता है।
ाडनेखि बाद जीम में पछैन हछूष ोहता अै।,बैठने के बाद जीभ में बेचैनी महसूस होता है।
पीझरियद्स के दौरन थगाम ड़अटी है।,पीरियड्स के दौरान थकान रहती है।
सुबह उठते ही एड़ी में खांभी बढ़ जती है।,सुबह उठते ही एड़ी में खांसी बढ़ जाती है।
सुबह उठतेऐ ही पीठ मिं बेचैणी छुरू हौताहै।,सुबह उठते ही पीठ में बेचैनी शुरू होता है।
कधेमें दर ्झद गै।,कंधे में दर्द है।
फीरियअडस केदौएराण क़ान रसहत ह।,पीरियड्स के दौरान थकान रहती है।
नका में चोट के कारणन जकडन भी हाटा ैह।,नाक में चोट के कारण जकड़न भी होता है।
भुषि पब ह औल बेल मिं सधांस फूरना भहएूठष होती है।,मुझे बीपी है और बाल में सांस फूलना महसूस होती है।
ानक को शूे पर थोड़ा सास ूलना पणी ड़हटी है।,नाक को छूने पर थोड़ा सांस फूलना बनी रहती है।
कूल्हा की त्वचा रपखुजली बढ़ झातीहै।,कूल्हा की त्वचा पर खुजली बढ़ जाती है।
डॉकअटर नि खहा पोइस है।,डॉक्टर ने कहा पाइल्स है।
मसूड़ोएंढ से कूआता है।,मसूड़ों से खून आता है।
चलने पल जीभ में पसीना होटी अै।,चलने पर जीभ में पसीना होती है।
जीभ की त्वचा पर जलन ोदा हा।,जीभ की त्वचा पर जलन होता है।
नेड़े णथुणल मेओं बेछैनीऔर फोड़ा ाणों हतोा है।,मेरे नथुना में बेचैनी और फोड़ा दोनों होता है।
भूख बिल्कुल नहीन लखती ।,भूख बिल्कुल नहीं लगती है।
रात ुक सोते समय पंजा में कट मक होचाती है।,रात को सोते समय पंजा में कट कम हो जाती है।
बवासीर गी समसया है।,बवासीर की समस्या है।
लने पर खलाई में कट लगती है।,चलने पर कलाई में कट लगती है।
टखणनि भं मोज ैग।,टखने में मोच है।
सकुबह से पंजा में काभी ऐंडन बखना रहतो अै।,सुबह से पंजा में काफी ऐंठन बना रहता है।
रत कोषाते समय होनड नें रक्द खखमहा जाता है।,रात को सोते समय होंठ में दर्द कम हो जाता है।
सुमने मे डिक्गत हो ही है।,सुनने में दिक्कत हो रही है।
गर्दम घुमनटे में िडकटग है।,गर्दन घुमाने में दिक्कत है।
ज़ड मिं सूज के काड़ण भईूख ण लगन मी आती अ।,जोड़ में सूजन के कारण भूख न लगना भी आती है।
सुबहग उडते ही पलक भेसदरद कम हो चती है।,सुबह उठते ही पलक में सिरदर्द कम हो जाती है।
जेँच में ंएगज ़्येीट नएिकलो है।,जाँच में एंग्जायटी निकला है।
रात क़ो सोथेसमय घुटान ेमन धभराहट आती है।,रात को सोते समय घुटना में घबराहट आती है।
सेंस लेने में तकलिफ होटी है।,सांस लेने में तकलीफ होती है।
हाथ-परसुन्टन गु जाते हैं।,हाथ-पैर सुन्न हो जाते हैं।
छाती की वतचा पर पडसीणा शुरू होती हि।,छाती की त्वचा पर पसीना शुरू होती है।
गोंठ पठ रगे ाहं।,होंठ फट रहे हैं।
रात को छोटे समय ाजँ भें खिचाव आते हि।,रात को सोते समय जाँघ में खिंचाव आती है।
ठंड में सिर में रग्मी लगना ़डहअता है।,ठंड में सिर में गर्मी लगना रहता है।
ठंड में एड़ी मं बेचैनी रताहै।,ठंड में एड़ी में बेचैनी लगता है।
रत को सतोेसमय दिचमाग ममें बेचनी आा हइै।,रात को सोते समय दिमाग में बेचैनी आता है।
चरने प माथाढ मं खा़शी मअसूष गोती हाच।,चलने पर माथा में खांसी महसूस होती है।
परिवार में साइनस ीक छमस्या हरी है।,परिवार में साइनस की समस्या रही है।
नाखूईन के आपाश खली औरई गासताड़ ग़रमी लगन वढल़ ज़ाता है।,नाखून के आसपास खुजली और लगातार गर्मी लगना बढ़ जाता है।
परिवार में ठॉण्सिल की समस्ये ड़ीह है।,परिवार में टॉन्सिल की समस्या रही है।
बैनठि खे बात छती में धठ़कनफ होघता है।,बैठने के बाद छाती में धड़कन होता है।
मा के आसपास घैसलऔ बहुट थकान शुरू होता है।,माथा के आसपास गैस और बहुत थकान शुरू होता है।
मझषे भ मां घवे हथ हि।,मुझे भौं में घाव रहती है।
सुमेमें ीदक्कतहो रअी है।,सुनने में दिक्कत हो रही है।
शौच में खुन आता है।,शौच में खून आता है।
षि गळ हणे पर सांस पूजलबना कम हा जातीत अै।,सिर हिलाने पर सांस फूलना कम हो जाती है।
मेे कलाई में गैस और फ्रक्ैछर धोमों वनि रहीत है।,मेरे कलाई में गैस और फ्रैक्चर दोनों बनी रहती है।
दिल की धड़कन तेज़ हु जाती है।,दिल की धड़कन तेज़ हो जाती है।
गटर्भी मेम टखना से दसद कम ोह जताी अै।,गर्मी में टखना से दस्त कम हो जाती है।
झ़आवा नगिं िलक रहे।,आवाज़ नहीं निकल रही।
शअाटे केआसपेस देा लथोड़ा पसीना छुरलूहोती है।,छाती के आसपास दाने और थोड़ा पसीना शुरू होती है।
बिठे खे बाद गुर्दा में घबरा लगताहा।,बैठने के बाद गुर्दा में घबराहट लगता है।
थढो़ ठंड लगना ग साथ रैश भी कनहोओ जात है।,थोड़ा ठंड लगना के साथ रैश भी कम हो जाता है।
उंगीद में चोगले है।,उँगली में चोट लगी है।
गर्मी में फेफडे सेघबराहट होता है।,गर्मी में फेफड़े से घबराहट होता है।
बेजभ रणोछ आता ै।,बेवजह रोना आता है।
रिध़ में घबराह के कालणय गबलाहट भीकम अो झोा है।,रीढ़ में घबराहट के कारण घबराहट भी कम हो जाता है।
पिसोब ें जलद होत है।,पेशाब में जलन होती है।
आँख हिलाने पर घाव आात है।,आँख हिलाने पर घाव आता है।
मसूड़ों से ूखन आता है।,मसूड़ों से खून आता है।
मेेर बार में सिरद्द और घाव दोनों बध़ जाती है।,मेरे बाल में सिरदर्द और घाव दोनों बढ़ जाती है।
षमे रप जाँघ मेंझ कभरीजो होती गे।,झुकने पर जाँघ में कमजोरी होती है।
वजन अचानक क़म हो गया गै।,वजन अचानक कम हो गया है।
उँगरयिोंमं झननमाहट हतौ है।,उँगलियों में झनझनाहट होती है।
लाईद खोत शोते मसज पेट नें धाणव सुरु होत है।,रात को सोते समय पेट में घाव शुरू होती है।
खाना खाने के बाड कासी कम हो जाात है।,खाना खाने के बाद खांसी कम हो जाता है।
ुझचेबार-बर भतली जसी मसहछ होतीहै।,मुझे बार-बार मतली जैसी महसूस होती है।
त्वचा को छूने पर कम घबराहत लता है।,त्वचा को छूने पर कम घबराहट लगता है।
चढ़च़डफण पढ़ यगा है।,चिड़चिड़ापन बढ़ गया है।
परिईड्छके दौराण थकन रहती अै।,पीरियड्स के दौरान थकान रहती है।
घनअों मैं पनी भर गया है।,घुटने में पानी भर गया है।
घुटने में पानी भ खया है।,घुटने में पानी भर गया है।
लात को सोतेसय दाँत ममें चुभन लगती हनै।,रात को सोते समय दाँत में चुभन लगती है।
बाल टझ़ रहे िं।,बाल झड़ रहे हैं।
टखमे मे नोच हैआ।,टखने में मोच है।
ुमझे बीत है और बेल मेंमसर लखात अै।,मुझे बीपी है और बाल में नकसीर लगता है।
पिाड ेमम डर्ेषन औीक मस्या रही है।,परिवार में डिप्रेशन की समस्या रही है।
ज़ाँच नेन फिशरआ निलका अै।,जाँच में फिशर निकला है।
पेट भूला रहता हैश।,पेट फूला रहता है।
थंड निं ूघटा नाशंक बढ़ जाता अ।,ठंड में घुटना में छींक बढ़ जाता है।
ादँत मे दर्द है।,दाँत में दर्द है।
कोझहनी मिं सूज है और सिरदर्द भी कन हो जाता गै।,कोहनी में सूजन है और सिरदर्द भी कम हो जाता है।
भुझे अस्थमा है और पलक में खिंचाव कम हो जाती है।,मुझे अस्थमा है और पलक में खिंचाव कम हो जाती है।
पे शाब बार-बार आटा है।,पेशाब बार-बार आता है।
कम एल्जऔे कैई साथ षंशफूलना भी मक होचाता है।,कम एलर्जी के साथ सांस फूलना भी कम हो जाता है।
सुबह से कान में थुड़ा दर्द लगथ है।,सुबह से कान में थोड़ा दर्द लगती है।
दिल की धड़क़न तेज़ हो ाती है।,दिल की धड़कन तेज़ हो जाती है।
तवअशा सूख औल खरुदी हो गई है।,त्वचा सूखी और खुरदरी हो गई है।
बाँह हिलाने पर सुन्नबन रहती है।,बाँह हिलाने पर सुन्नपन रहती है।
मासिक दरमअनियमत गै।,मासिक धर्म अनियमित है।
लंेबसमज ेस नखाून मजलन होने गलती ै।,लंबे समय से नाखून में जलन होने लगती है।
व्ययाभ रकने पर खुजली बना रहत है।,व्यायाम करने पर खुजली बना रहता है।
परिबार में बै्कटीरीयल खी समछ्या रही है।,परिवार में बैक्टीरियल की समस्या रही है।
गला क़ी ्वचा पर छाळे बढ़ जताी है।,गला की त्वचा पर छाले बढ़ जाती है।
दस्तलग गए हैं।,दस्त लग गए हैं।
जुगमिफर कंधेें मोच बन तरी है।,झुकने पर कंधा में मोच बनी रहती है।
सुपहऔ तटे अी माथा में थकइा महसस होटी हैत।,सुबह उठते ही माथा में थकान महसूस होती है।
मुझे कोलेस्ठअरॉल है औरहडअडी में खैस आती है।,मुझे कोलेस्ट्रॉल है और हड्डी में गैस आती है।
काफी घबराट के साथ छींक मी आत है।,काफी घबराहट के साथ छींक भी आती है।
धवा लानेके बाद भी सु्ननपण ब़ झात है।,दवा लेने के बाद भी सुन्नपन बढ़ जाती है।
छती में दबा नअषूस गढाताहै।,छाती में दबाव महसूस होता है।
मुझे गर्निया है औड़ कमर में सिरदर्द आता है।,मुझे हर्निया है और कमर में सिरदर्द आता है।
जीभपर सफेद परत गै।,जीभ पर सफेद परत है।
पीरियड्स खै दौरान थकान रहती है।,पीरियड्स के दौरान थकान रहती है।
वजन अचानक कम हो गये ै।,वजन अचानक कम हो गया है।
मेड़े हाथ में ंसक्ड़मण और दाने दोनंनहसूष होती है।,मेरे हाथ में संक्रमण और दाने दोनों महसूस होती है।
मुझे कंधा मेशं मोच रहता हि।,मुझे कंधा में मोच रहता है।
पीरियड्स मां बहुतदर्द होते अै।,पीरियड्स में बहुत दर्द होता है।
कड्टर नमेहदखे इंेक्सन हे।,डॉक्टर ने कहा इंफेक्शन है।
कंदे नें धड़द् है।,कंधे में दर्द है।
वझन अचानक बढ़ गया है।,वजन अचानक बढ़ गया है।
घले में खड़ाश गै।,गले में खराश है।
पशेाबओबार-ाब़ आताै।,पेशाब बार-बार आता है।
खाँसी मे ून आता है।,खाँसी में खून आता है।
बठने के बाद पाल मां ठंढ लगम शुरू होा है।,बैठने के बाद बाल में ठंड लगना शुरू होता है।
दातँ में नी णआना ेक कोन सन भी बना रहतया है।,दाँत में नींद न आना के कारण सुन्नपन भी बना रहता है।
जाँच में हर्मिा निक़ला है।,जाँच में हर्निया निकला है।
कन खुजली के साथ छीक भी आटा है।,कम खुजली के साथ छींक भी आता है।
चे हरे पर दानि निकर आए हैं।,चेहरे पर दाने निकल आए हैं।
परिवारमें फंगल की मससल्यो रही है।,परिवार में फंगल की समस्या रही है।
छाटी मेम दभा महसूस होता गै।,छाती में दबाव महसूस होता है।
मुझे नसए में थकाण हौती है।,मुझे नस में थकान होती है।
मेरे दाँट में प्ड़ैकचर और संकरणम डौानउं बढ़ चदा अे।,मेरे दाँत में फ्रैक्चर और संक्रमण दोनों बढ़ जाता है।
नाक बंदरहती हे।,नाक बंद रहती है।
डारच णेकहा एनीमियाहै।,डॉक्टर ने कहा एनीमिया है।
गर्ीन में झिगर सा जुकेम आथी है।,गर्मी में जिगर से जुकाम आती है।
शस ेलणे े तकलीफ होती गै।,सांस लेने में तकलीफ होती है।
दाँद नें दए्ठ है।,दाँत में दर्द है।
ठंड में हाथ भें सिरदरअद रहतेहै।,ठंड में हाथ में सिरदर्द रहता है।
टखणा में बेचैनी के करण झनझनाहट भी आती है।,टखना में बेचैनी के कारण झनझनाहट भी आती है।
दा लआेनेके वा भी भू न ळगन लगती है।,दवा लेने के बाद भी भूख न लगना लगती है।
गले ामं नखड़ाश गै।,गले में खराश है।
ज़ाँच में माइग्रेन निकला है।,जाँच में माइग्रेन निकला है।
बेवह रोना आतो है।,बेवजह रोना आता है।
अक्सल से गर्दन में तेज़ ऐंठन लगथा है।,अक्सर से गर्दन में तेज़ ऐंठन लगता है।
ेम़ेलगा मंे ंसकह्रमण और भुख न लगनो ोदनों ता है।,मेरे गला में संक्रमण और भूख न लगना दोनों आता है।
पेशब का रंग बदर गया है।,पेशाब का रंग बदल गया है।
मुझा बारबार मदलि ैषी हमूस हुती हि।,मुझे बार-बार मतली जैसी महसूस होती है।
नथुना हिलने पर खु रजी म अौ जाट ह।,नथुना हिलाने पर खुजली कम हो जाती है।
नथुा में सूजन है और एशिऔडिती ी शुरू हती है।,नथुना में सूजन है और एसिडिटी भी शुरू होती है।
ुबह उठत ी कान में फ्रैक्चर ध़ जारताहै।,सुबह उठते ही कान में फ्रैक्चर बढ़ जाता है।
बटैना े बडाद नाक़ मे ठछन लगना कमगो चदा है।,बैठने के बाद नाक में ठंड लगना कम हो जाता है।
ज़ी में ठंतठ गळना के कारण गऊर्मी लकणे फी ोतोह ह।,जीभ में ठंड लगना के कारण गर्मी लगना भी होता है।
शुबह उटते ही माथा नें बुखार महसूस होती है।,सुबह उठते ही माथा में बुखार महसूस होती है।
थड में नाक में घबराहट बनी रहती है।,ठंड में नाक में घबराहट बनी रहती है।
ान भें आवाज़ आती है।,कान में आवाज़ आती है।
रीढ़हिलान परम कड शरहोीत ि।,रीढ़ हिलाने पर कट शुरू होती है।
णगा बंद रधती गि।,नाक बंद रहती है।
ध् यान केंद्रित नहीं कर पात हूं।,ध्यान केंद्रित नहीं कर पाती हूँ।
झुकने पर कुर्दा में खुन आएना भगसूछ होदी हैऐ।,झुकने पर गुर्दा में खून आना महसूस होती है।
ेेर रगा में फोट़ा औ सणदौनों होघती ै।,मेरे गुर्दा में फोड़ा और सुन्नपन दोनों होती है।
ठंड में पेट में मुच महसूस होत है।,ठंड में पेट में मोच महसूस होती है।
चलने पर गुर्दा मा ोच बना रगता है।,चलने पर गुर्दा में मोच बना रहता है।
खान गे आसपाछ चक्रक और लगातार नींत न आना बना रहता है।,कान के आसपास चक्कर और लगातार नींद न आना बना रहता है।
कन मे आवजम़आती है।,कान में आवाज़ आती है।
गर्मी में सिर स रश महशूस होता है।,गर्मी में सिर से रैश महसूस होता है।
डॉटर ने कहा किडन स्टोण है।,डॉक्टर ने कहा किडनी स्टोन है।
व्या याम करने पर स्त रअता है।,व्यायाम करने पर दस्त रहता है।
फंाको नछे पल अद्ययधक नकसरेलसगटा गै।,पंजा को छूने पर अत्यधिक नकसीर लगता है।
ुभझे यूतीआई है और रीड़ में घबरशुरू होते हउै।,मुझे यूटीआई है और रीढ़ में घबराहट शुरू होती है।
व्याजाभम कड़ने पल गर्मी लगना लगती है।,व्यायाम करने पर गर्मी लगना लगती है।
ाँह नेन शुजन अै औल जुखान भी आट है।,बाँह में सूजन है और जुकाम भी आती है।
धुटनि में पाीन भर घया ैह।,घुटने में पानी भर गया है।
नेंद में खलल पड़ रही है।,नींद में खलल पड़ रही है।
छाती ंमदबाव महषूस होता है।,छाती में दबाव महसूस होता है।
छाती नेमदबाव महसस होताहै।,छाती में दबाव महसूस होता है।
होंठ फट हे हैं।,होंठ फट रहे हैं।
दरीड़ की ्तपवशा पर ज़ुख ोगटे ै।,रीढ़ की त्वचा पर जुकाम होता है।
झुकनास पर पंह चा मेंपसीफने मअसूस होतागै।,झुकने पर पंजा में पसीना महसूस होता है।
दिमाग के आसपास छाले रऔ बिहद जलन नी रहती है।,दिमाग के आसपास छाले और बेहद जलन बनी रहती है।
सुह उठते ही हड्दीभें पो़डा धशुरू होत है।,सुबह उठते ही हड्डी में फोड़ा शुरू होती है।
ेशाब का रंग बददल गाय है।,पेशाब का रंग बदल गया है।
भूक बिळअकु नीहं लगतीहा।,भूख बिल्कुल नहीं लगती है।
चलना पर ज़िगर में दश्तहोता है।,चलने पर जिगर में दस्त होता है।
रात को सोते समय ग्दन मेन मोच आटी है।,रात को सोते समय गर्दन में मोच आती है।
बाळ की त्वचा पर खुजरी कम हो जाती है।,बाल की त्वचा पर खुजली कम हो जाती है।
ठॉक्टर नेकहा फंगगै।,डॉक्टर ने कहा फंगल है।
हर दिन से एड़ी ेन बहुत उळअटी होतगी ै।,हर दिन से एड़ी में बहुत उल्टी होती है।
ोकहम भें सूजण गै।,कोहनी में सूजन है।
हमेषा एफड़ी में कोरी होनै लअगती गै।,हमेशा एड़ी में कमजोरी होने लगती है।
आँख़ौं में जलद औलड़ लालिमा हा।,आँखों में जलन और लालिमा है।
ठंड में पेट ने थाकन लगत है।,ठंड में पेट में थकान लगता है।
मेर लकाईमिं चुकना औ संक्रमण ोनों बढ़ जादा हि।,मेरे कलाई में जुकाम और संक्रमण दोनों बढ़ जाता है।
घुटने में पानी र गया है।,घुटने में पानी भर गया है।
परिबार में फंगल की सम्यारही है।,परिवार में फंगल की समस्या रही है।
नुजे बाल-ड़ मतलतीड जउै शी मअसणूश होघटी है।,मुझे बार-बार मतली जैसी महसूस होती है।
कना में सजन है और एकलरी भी होती है।,कान में सूजन है और एलर्जी भी होती है।
हवोंट तभ डहशेहै।,होंठ फट रहे हैं।
तवचा ड़ गजुरी होत है।,त्वचा पर खुजली होती है।
झुकेन पर नखाून में पमसेना महछूस होती है।,झुकने पर नाखून में पसीना महसूस होती है।
वजनअचानक मक हो ग़या है।,वजन अचानक कम हो गया है।
ज़ेँच ममां इफेक्शन निकलाहैऊ।,जाँच में इंफेक्शन निकला है।
कर शे गल में ज़्या झनझनाट शुरू हती है।,कल से गला में ज़्यादा झनझनाहट शुरू होती है।
ेदल ीक धड़ण ेतज़ हो चाी है।,दिल की धड़कन तेज़ हो जाती है।
बमठने के बाद दील में गैष ड़हद है।,बैठने के बाद दिल में गैस रहता है।
आँखों में जलन और लालमिा गै।,आँखों में जलन और लालिमा है।
रातको ोसते सभईल एठी मेंद ऐंनट सुरू अौदी है।,रात को सोते समय एड़ी में ऐंठन शुरू होती है।
बवेसीर की समस्या ैह।,बवासीर की समस्या है।
परसों नस मेन सिरदर्द होण लइगती है।,परसों नस में सिरदर्द होने लगती है।
घु टना में उल्टी के कारण मकषीर भी रहता ैह।,घुटना में उल्टी के कारण नकसीर भी रहता है।
एड़फी में दऔर् गै।,एड़ी में दर्द है।
रात को सोते समय टखना मे भूख न लना खम हो जाता है।,रात को सोते समय टखना में भूख न लगना कम हो जाता है।
चलने परव मुँह मा खून आमा बढ़ जोता अै।,चलने पर मुँह में खून आना बढ़ जाता है।
खांसी नें खून आता है।,खाँसी में खून आता है।
फीरिईड्स के दौरान थकान रगत है।,पीरियड्स के दौरान थकान रहती है।
दवअा ले काबाद भी घेब महछूश हदा है।,दवा लेने के बाद भी घाव महसूस होता है।
डो़ोलं में अकऊड़न है।,जोड़ों में अकड़न है।
दवा ेलने का बाद भी चुभन आती ै।,दवा लेने के बाद भी चुभन आती है।
भेभड़े कोछूने बर क़म मतली शुरू गोटा हछै।,फेफड़े को छूने पर कम मतली शुरू होता है।
बाँह हिलाने पसंक्ड़मण महस ूस होदा है।,बाँह हिलाने पर संक्रमण महसूस होता है।
जढिभ पर सफिद बड़त ह।,जीभ पर सफेद परत है।
कभेकभ- दिल मिंऐंडन हनिरगदीफ हा।,कभी-कभी दिल में ऐंठन होने लगती है।
खट्टी डकार आट हएै।,खट्टी डकार आती है।
कमर भें दर्द रहता ैह।,कमर में दर्द रहता है।
डड ं मबका़ मेम षगनझनेट आभात है।,ठंड में नाक में झनझनाहट आता है।
कऐई दमेोन से रीझढ़ में चऊुबन होने ळगती है।,कई दिनों से रीढ़ में चुभन होने लगती है।
तलवेमे जन होत ैअ।,तलवे में जलन होती है।
ाथपैर सुन्न असो जाते हैं।,हाथ-पैर सुन्न हो जाते हैं।
गरमी भिं अतवचान से चुभन आता अे।,गर्मी में त्वचा से चुभन आता है।
धभा लनैे के ापतबी छाळएे बा रहताह।,दवा लेने के बाद भी छाले बना रहता है।
उँघली में चोठ ळगी ै।,उँगली में चोट लगी है।
जलने पर ड़ोंज मेऔं नकसिर महसूस होती है।,चलने पर जोड़ में नकसीर महसूस होती है।
झुकने पर पंजा में झनझनाहट महूस होथा है।,झुकने पर पंजा में झनझनाहट महसूस होता है।
जोड़ों में अकड़ण है।,जोड़ों में अकड़न है।
पशेाब भिं जळण हौती ह।,पेशाब में जलन होती है।
रता को सोते मसय नाक मेंजगुाम बमी रहती गै।,रात को सोते समय नाक में जुकाम बनी रहती है।
व्ययाम करने पर दसत्आती है।,व्यायाम करने पर दस्त आती है।
कभ-कभझी उँगळ न लबगन हनोे लगटी है।,कभी-कभी उँगली में बलगम होने लगती है।
झु कने पर घुटना में ज़कुोम महसूश होता है।,झुकने पर घुटना में जुकाम महसूस होता है।
मेरि गुर्दा में बुखर और णींत न आनादोईनों महसूस होती है।,मेरे गुर्दा में बुखार और नींद न आना दोनों महसूस होती है।
पसली खी तवच ल बेजैनी कमहो जाताहै।,पसली की त्वचा पर बेचैनी कम हो जाता है।
जाँग के आसपास कब्ज और लातोर चोट हटाहै।,जाँघ के आसपास कब्ज और लगातार चोट रहता है।
बैठने के ाबद शिर मे जलन महशूस होती है।,बैठने के बाद सिर में जलन महसूस होती है।
आवाज़़गीं नकल डग़ी।,आवाज़ नहीं निकल रही।
बैमे कि बाद पिडमली में कबअ रअी अै।,बैठने के बाद पिंडली में कब्ज रहती है।
मा ंसथपेी में सूजण अे औरसामष फूलना भ आत है।,मांसपेशी में सूजन है और सांस फूलना भी आता है।
सावपे का रंग बदरगया है।,पेशाब का रंग बदल गया है।
पीठ में अशड़ ह।,पीठ में अकड़न है।
ाँसीण में खछोम आा है।,खाँसी में खून आता है।
टकनेग मे मएोज है।,टखने में मोच है।
हाथ-पैर स्न हो चताा हने।,हाथ-पैर सुन्न हो जाते हैं।
मझे मता में कद़ बना रहात हि।,मुझे माथा में जकड़न बना रहता है।
धअईना ेकंद्ित नहं कर पाती हूँ।,ध्यान केंद्रित नहीं कर पाती हूँ।
सुहउठथेक ही पिट मेंए पसना बनी हदि है।,सुबह उठते ही पेट में पसीना बनी रहती है।
गरअमी में नखून स झलनबढ़ जाथी अै।,गर्मी में नाखून से जलन बढ़ जाती है।
घ्ईान केंद्रित ीह कल ाती हूँ।,ध्यान केंद्रित नहीं कर पाती हूँ।
कळई नंेचुभन के करण मतली ीफ मसूस गोताओहै।,कलाई में चुभन के कारण मतली भी महसूस होता है।
दिल कषी डध़क़न तेभज़ हो जदाी हा।,दिल की धड़कन तेज़ हो जाती है।
धीरेध-ीरे से पीठ नजें थोड़ो ासस फूलना होती है।,धीरे-धीरे से पीठ में थोड़ा सांस फूलना होती है।
लंबे छभय ैस णधुन मंे गैधस होन लगथी है।,लंबे समय से नथुना में गैस होने लगती है।
गली मं पलसी ेसचंेक़ षुूर ोगतजे है।,गर्मी में पसली से छींक शुरू होती है।
चललने पर कोनही मिं फोड़ा लगती है।,चलने पर कोहनी में फोड़ा लगती है।
मेरे वतचामें सु्म मपन डऔ़ भूख नलगना ोनों आती हे।,मेरे त्वचा में सुन्नपन और भूख न लगना दोनों आती है।
ठं में हाथ में शकअरम नहसूस होदा हणै।,ठंड में हाथ में संक्रमण महसूस होता है।
बैठन गे वाद जाँघ मे ्टी मगसूश गोता है।,बैठने के बाद जाँघ में उल्टी महसूस होता है।
ठं नैं फत़ेफ़ड ब़े में जदल होता है।,ठंड में फेफड़े में जलन होता है।
भूख बिलकुल नहंी लगती है।,भूख बिल्कुल नहीं लगती है।
टख़ने नंे मोच अै।,टखने में मोच है।
ी िमं ख़लळ पड़लही है।,नींद में खलल पड़ रही है।
सां ने ि तकफलीफ गोती है।,सांस लेने में तकलीफ होती है।
नाक स खू़म आतो है।,नाक से खून आता है।
बैठनिके बाद हड्डी मडेढं घाव आते ैह।,बैठने के बाद हड्डी में घाव आती है।
चलमे पर काम में जए़लन महसूस होती है।,चलने पर कान में जलन महसूस होती है।
ुझे ोळईिष्डअरॉल गैऔ पे नंे छें महसूसहोते है।,मुझे कोलेस्ट्रॉल है और पेट में छींक महसूस होता है।
ददे हीाणले पर बैचैनी आता अै।,दाँत हिलाने पर बेचैनी आता है।
बवासीलकी षमसईदा है।,बवासीर की समस्या है।
सुबअ उठत ही गरअदन में सांसऐ फू लना वना रहता है।,सुबह उठते ही गर्दन में सांस फूलना बना रहता है।
गर्मी में जो़ से जलन बढ़ जेता है।,गर्मी में जोड़ से जलन बढ़ जाता है।
लक हाथ मे दसअथ होन लगथी ह।,कल हाथ में दस्त होने लगती है।
दटाखँत में दलस्डए हाक।,दाँत में दर्द है।
हाथ ेमं बमलग के कारञ िखंचा भशी कमक हौजाती गै।,हाथ में बलगम के कारण खिंचाव भी कम हो जाती है।
दिर हिळेनै फरप क़मजोरी लगती गै।,दिल हिलाने पर कमजोरी लगती है।
बिछले महणे कंघामिं ांसलून हनोि लगती हा।,पिछले महीने कंधा में सांस फूलना होने लगती है।
छाती गी थ्बछो पर कभ्ज भना रअटा है।,छाती की त्वचा पर कब्ज बना रहता है।
दो महीने सेठ से उँगली में बहुत दर्द महसूसहोी है।,दो महीने से से उँगली में बहुत दर्द महसूस होती है।
र्तन घुनाने में दीक्कत अै।,गर्दन घुमाने में दिक्कत है।
बैठने के बाद हडी में जकड़न होती हा।,बैठने के बाद हड्डी में जकड़न होती है।
दिल केधड़कन तेज़ हो जाती है।,दिल की धड़कन तेज़ हो जाती है।
नथुना कीत्वाच पर दाने बढ़ जाता है।,नथुना की त्वचा पर दाने बढ़ जाता है।
नींद मेन खलल पड़ हरी है।,नींद में खलल पड़ रही है।
ठंड में कुहनी मम भूख न रगना लगती हि।,ठंड में कोहनी में भूख न लगना लगती है।
गाल क़ा छनाशल कम ोड़ाप़ढ जाता है।,गाल को छूने पर कम फोड़ा बढ़ जाता है।
उगली कै षआपास मगजो़ीऔ च़्यता बलगम रहती हैध।,उँगली के आसपास कमजोरी और ज़्यादा बलगम रहती है।
पालमें खैष कै काड़ण कठन भबमो रहहताहे।,पैर में गैस के कारण थकान भी बना रहता है।
ाँह कौ छूने बर फी़ल संक्रमण आतीअै।,बाँह को छूने पर काफी संक्रमण आती है।
पीयरड्छ ेमंबहुत दर् होथा है।,पीरियड्स में बहुत दर्द होता है।
रोज़ े कमर मेभं ल्क़ा दस्तलगदी गै।,रोज़ से कमर में हल्का दस्त लगती है।
होंठ कोपूछने बरकभ सन्नन बढ़ जाता है।,होंठ को छूने पर कम सुन्नपन बढ़ जाता है।
उँकली में चोट लगी है।,उँगली में चोट लगी है।
ववझहझ रोनाई आते हत।,बेवजह रोना आता है।
मुँह में छाले अो एगैं।,मुँह में छाले हो गए हैं।
गर्भी में उँगलि से दर्द कम हो जाता है।,गर्मी में उँगली से दर्द कम हो जाता है।
पेशागा रंग बदल गया है।,पेशाब का रंग बदल गया है।
अचनाक से गल में काफी घाव महसूस गोतीअै।,अचानक से गाल में काफी घाव महसूस होती है।
भजन अचानक बढ़ गयअ।,वजन अचानक बढ़ गया है।
हाथ की तअवज र फौड़ा बढ़ जाता है।,हाथ की त्वचा पर फोड़ा बढ़ जाता है।
गला बैठाहुआ अै।,गला बैठा हुआ है।
बहुत दरद के साथ घाव भी मह सटूस होताद हा।,बहुत दर्द के साथ घाव भी महसूस होता है।
ममद में खलल ़ब रही है।,नींद में खलल पड़ रही है।
पेटगी द्दबच पड़ चआींक लगटएी अा।,पेट की त्वचा पर छींक लगती है।
जाँच मे टॉन्सिल नकला है।,जाँच में टॉन्सिल निकला है।
धीरे-धीरे से टखना मेंरुक-रुक गड़ धनक हसूस हौटो हि।,धीरे-धीरे से टखना में रुक-रुक कर धड़कन महसूस होता है।
ारत क सोे मय ठोड़ी ने बगरम आा हि।,रात को सोते समय ठोड़ी में बलगम आता है।
जाँच ेम आल्थड़इिटस नकिळओा है।,जाँच में आर्थराइटिस निकला है।
सुबह उठवते ही गला में दसअत बना रहता हि।,सुबह उठते ही गला में दस्त बना रहता है।
वबासीर की ससअयेहै।,बवासीर की समस्या है।
उँलयेौं मेओं झकनझ नाहटउ हादी है।,उँगलियों में झनझनाहट होती है।
पऔेशाब का रक बदल गयणा ह।,पेशाब का रंग बदल गया है।
कोअनीमेम सूजण हा।,कोहनी में सूजन है।
झुकने पर आख में नथका शरू होती है।,झुकने पर आँख में थकान शुरू होती है।
डॉक्ठर ने कहा थाजरॉयड है।,डॉक्टर ने कहा थायरॉयड है।
खाइ खाने के बद छोट आी िग।,खाना खाने के बाद चोट आती है।
नाखून टूठ रहे हैं।,नाखून टूट रहे हैं।
सानस लेे मेम तकलीफ होी है।,सांस लेने में तकलीफ होती है।
एक हफ्ते से से पीठ ें बहुत एसीडिटी लहता है।,एक हफ्ते से से पीठ में बहुत एसिडिटी रहता है।
बार को चूने पर लगतोर निं ण आना महसूसहोता है।,पैर को छूने पर लगातार नींद न आना महसूस होता है।
भजन अचानक बड़ गया है।,वजन अचानक बढ़ गया है।
जीभट पर सफेद बरत है।,जीभ पर सफेद परत है।
चलनै पर पिंडल में झनझनाहट कम हो जाती है।,चलने पर पिंडली में झनझनाहट कम हो जाती है।
मुझेष जूटीआईै डऔ़ कूलहमें सेड़दरड हुती हैश।,मुझे यूटीआई है और कूल्हा में सिरदर्द होती है।
नाखून मेलं सास फूलना के खारण एसिडिटी भे बढ़ जाथा है।,नाखून में सांस फूलना के कारण एसिडिटी भी बढ़ जाता है।
रात को साते सय नुधना में चोट रहट है।,रात को सोते समय नथुना में चोट रहता है।
बजन अजाणक पढ़ यगो है।,वजन अचानक बढ़ गया है।
हएरदिन बला मं दड़द होनेत लगती हा।,हर दिन बाल में दर्द होने लगती है।
मााथ में सांस भूळमा े ारञ ंसक्रमण भी ड़हता है।,माथा में सांस फूलना के कारण संक्रमण भी रहता है।
मुझेपिंईडीन मे खिंछा होटाहै।,मुझे पिंडली में खिंचाव होता है।
डात गो सौदे समकमर ें कभझोीर मक हो जाटिन है।,रात को सोते समय कमर में कमजोरी कम हो जाती है।
दिर में सूजन है और कड भीबनी रहती हे।,दिल में सूजन है और कट भी बनी रहती है।
व्यायाम करने पर धड़कनबढ़ जाता है।,व्यायाम करने पर धड़कन बढ़ जाता है।
नाखूम टूट रह हैं।,नाखून टूट रहे हैं।
जीभ पड़ सफेद परद है।,जीभ पर सफेद परत है।
परसंो नखाून में गड़ लगना हनोे लगत है।,परसों नाखून में गर्मी लगना होने लगती है।
मुे किडनी स्टौन है और काल में भूख न लगमा लगीतहै।,मुझे किडनी स्टोन है और गाल में भूख न लगना लगती है।
मेरओे पजा मभें दल्द और सं्कओरभण ोनोऔं तआी है।,मेरे पंजा में दर्द और संक्रमण दोनों आती है।
मूझि एनीमया है औल पंजा मैंघबटह रअतो है।,मुझे एनीमिया है और पंजा में घबराहट रहता है।
कमर मां दर्द रहता है।,कमर में दर्द रहता है।
ँआखों नें जलन और लालिभखा अे।,आँखों में जलन और लालिमा है।
टलवे नंे जलन होती अि।,तलवे में जलन होती है।
पैर की अंगुली तूट गई है।,पैर की अंगुली टूट गई है।
ल्हा को छूने परवैहद बरन शुरू अोती है।,कूल्हा को छूने पर बेहद बलगम शुरू होती है।
कभी-कभी से उँग में कम षूजरहता है।,कभी-कभी से उँगली में कम सूजन रहता है।
पलक मेंींद न आना के कारण एसिडिटी भी लगटा हैल।,पलक में नींद न आना के कारण एसिडिटी भी लगता है।
ुघटना खो छूने पर लाथार झलन आता ह।,घुटना को छूने पर लगातार जलन आता है।
डॉकटर ने कहअसर है।,डॉक्टर ने कहा अल्सर है।
दिनाग की त्वशा परसुन्नपण रहता है।,दिमाग की त्वचा पर सुन्नपन रहता है।
ध् यान केंड्रिथ नही कर पती हूँ।,ध्यान केंद्रित नहीं कर पाती हूँ।
पेशबा का रंग बदर कजा है।,पेशाब का रंग बदल गया है।
वज अचानग कम हो गजा है।,वजन अचानक कम हो गया है।
खाना खाने के बोध धकन बनी रदही गै।,खाना खाने के बाद धड़कन बनी रहती है।
पेत फूला रहते है।,पेट फूला रहता है।
़एी में सूजन हा औड़ मणोच भि बनी ड़हती है।,एड़ी में सूजन है और मोच भी बनी रहती है।
मानसपेशी में जुकाप के खारण डस्त भी हौता है।,मांसपेशी में जुकाम के कारण दस्त भी होता है।
मझुा थराइड हैऔर दछाँत मेंश मोच आती ह।,मुझे थायरॉयड है और दाँत में मोच आती है।
डकॉत्ट नझे कहा वाईर है।,डॉक्टर ने कहा वायरल है।
ुषेतव्चा में ऐंठन रहती है।,मुझे त्वचा में ऐंठन रहती है।
नाक से खून आात है।,नाक से खून आता है।
घुटने मेम फाने भर गया है।,घुटने में पानी भर गया है।
मुेझ झिगर नें घबराहट बढ़ जाताहै।,मुझे जिगर में घबराहट बढ़ जाता है।
नाकबनद रहती है।,नाक बंद रहती है।
मुझे भेलप-ार मतल जैछी मअषूसत हती गै।,मुझे बार-बार मतली जैसी महसूस होती है।
मुेझ गल मेंत ावस हो ै।,मुझे गाल में घाव होती है।
ैठने के बद कोनऔी मे चुभजनलगथी है।,बैठने के बाद कोहनी में चुभन लगती है।
चिड़चिड़ापनबढ़ गयोगै।,चिड़चिड़ापन बढ़ गया है।
संस लेने में तकलीफ होती है।,सांस लेने में तकलीफ होती है।
व्यायाम रकने बर ोट ळगथी गै।,व्यायाम करने पर चोट लगती है।
रीढ़ हिलने पर खिंचाव होता है।,रीढ़ हिलाने पर खिंचाव होता है।
दिर में छींक के कारण जल भी ड़हा है।,दिल में छींक के कारण जलन भी रहता है।
दोपहर से छाती में बेहद गैस लगी है।,दोपहर से छाती में बेहद गैस लगती है।
याददाश्टक कमज़ोर ो गहै।,याददाश्त कमजोर हो गई है।
रात को षोते समय नठुना मैं नींद न आना क़म हो जाती है।,रात को सोते समय नथुना में नींद न आना कम हो जाती है।
झुकने प कोही मेफं ौमच बढ़जोती है।,झुकने पर कोहनी में मोच बढ़ जाती है।
गले मैं कराश है।,गले में खराश है।
ठंढमें पसली मेंरैश महसूस अत ै।,ठंड में पसली में रैश महसूस होता है।
सुवह उठतेही ेट मे सूझन ताहै।,सुबह उठते ही पेट में सूजन आता है।
मुँह मेयं चले गो गए है।,मुँह में छाले हो गए हैं।
सुनैन मने दिककत अो रही है।,सुनने में दिक्कत हो रही है।
ाँच में यूटीआई िनकलाहै।,जाँच में यूटीआई निकला है।
दिमाग क़ीत्वजा पड़़जलन लगत हैल।,दिमाग की त्वचा पर जलन लगती है।
हर दिन बाळ मेम उल्ती होने लगती हउै।,हर दिन बाल में उल्टी होने लगती है।
पैट में गैश बनती अै।,पेट में गैस बनती है।
पििरयड्स के दौरान थगा रहदी है।,पीरियड्स के दौरान थकान रहती है।
मझे अस्थमा है और एड़े में एरली णा रअदा अै।,मुझे अस्थमा है और एड़ी में एलर्जी बना रहता है।
बल झढ़ रहे हैं।,बाल झड़ रहे हैं।
परिवाषर मेन गॉलव्ळैढर की समछ्ईा रही है।,परिवार में गॉलब्लैडर की समस्या रही है।
मषेय एंग्जाईटी हे और त्बचाग में चुभण कमो जऐाातग।,मुझे एंग्जायटी है और त्वचा में चुभन कम हो जाता है।
ीनंद ेमंखळल पड़हर ै।,नींद में खलल पड़ रही है।
फैर खी अंगुले तुट गई है।,पैर की अंगुली टूट गई है।
रात को सोते समय पंचज़ा मेखम गरीजोम शोर ोहती है।,रात को सोते समय पंजा में कमजोरी शुरू होती है।
व्लयउाईाम कलने पर बेचैननऊ बढ़ जात गै।,व्यायाम करने पर बेचैनी बढ़ जाती है।
भजन अचानक बढ़ गा है।,वजन अचानक बढ़ गया है।
सबु उठतिही िंढली नें जळन मछूस होती ै।,सुबह उठते ही पिंडली में जलन महसूस होती है।
बैठण केबेद गु टना में चोट कम अो जाती है।,बैठने के बाद घुटना में चोट कम हो जाती है।
बै टणे के दब गल्धन में छूजन आत अै।,बैठने के बाद गर्दन में सूजन आती है।
रौच़ मुंफह भं बखुाड़ होने लगथीिह।,रोज़ मुँह में बुखार होने लगती है।
मुझे माइग्रेन है और गूल्अो में बेचैनी बनी रतगी है।,मुझे माइग्रेन है और कूल्हा में बेचैनी बनी रहती है।
ज़़्याडा थकाण ेक साध टक ेफ पढ़ चाता है।,ज़्यादा थकान के साथ कट भी बढ़ जाता है।
कोा कन खा दा दरफ्ध आा ग।,खाना खाने के बाद दर्द आता है।
चेहरि पर दाणेननिकल आ हैं।,चेहरे पर दाने निकल आए हैं।
वबीाटर खि समस जा है।,बवासीर की समस्या है।
सुने में दिककत हारही अि।,सुनने में दिक्कत हो रही है।
थ्वचा सूखी और खुलदरी हो गईहा।,त्वचा सूखी और खुरदरी हो गई है।
भौं के आसफास भूक न लगमा और झह़्याखदा ऐठनभना रटाहे।,भौं के आसपास भूख न लगना और ज़्यादा ऐंठन बना रहता है।
ागबैा हुआहणै।,गला बैठा हुआ है।
मुझे नथुनामें बलकन महसूस होती हा।,मुझे नथुना में बलगम महसूस होती है।
दिल की धड़कन देज़ हो जाती है।,दिल की धड़कन तेज़ हो जाती है।
कलाई हिलानि पर जन लगटा है।,कलाई हिलाने पर जलन लगता है।
एड़ी मे दर्द है।,एड़ी में दर्द है।
ेरे छाति में क्कर और पषीा दाोनंउ बढ़ जतील है।,मेरे छाती में चक्कर और पसीना दोनों बढ़ जाती है।
पीरियड्स के दराण थकान रहतयी है।,पीरियड्स के दौरान थकान रहती है।
बाँह को छूने पर रातार संक्रमण होता ैह।,बाँह को छूने पर लगातार संक्रमण होता है।
कमर ें दड़्द रहता हइै।,कमर में दर्द रहता है।
रमीग में पाँह से गअरमी लग़नाआती अै।,गर्मी में बाँह से गर्मी लगना आती है।
ोहनठ फट रहे गएैं।,होंठ फट रहे हैं।
पैट में गस बनेत हे।,पेट में गैस बनती है।
सुह उठतेही गुर्दो मठें ऐंठम भ हो जेती अै।,सुबह उठते ही गुर्दा में ऐंठन कम हो जाती है।
अचालनक सि उँऐलगी मेन बहुत ोछे धब ़जात हैह।,अचानक से उँगली में बहुत छाले बढ़ जाता है।
मांसपाषयिंो में किंचाव ह।,मांसपेशियों में खिंचाव है।
मोजे हर्निया है और गला ेमं सुननपन बनी रअकती है।,मुझे हर्निया है और गला में सुन्नपन बनी रहती है।
डंड मे होंडप ेमन घबरथाहकट मसूस ोती हे।,ठंड में होंठ में घबराहट महसूस होती है।
कान ें आवा़ आती है।,कान में आवाज़ आती है।
बवासीर की छमछ्या है।,बवासीर की समस्या है।
एड़ी के आसपोसगरअमी लमगा और असपहनीय स गोती है।,एड़ी के आसपास गर्मी लगना और असहनीय सूजन होती है।
आखँखोंह मेनं जलखन और लालिना है।,आँखों में जलन और लालिमा है।
नथुा में सजन हाज और धाे ी आी है।,नथुना में सूजन है और दाने भी आती है।
फिधंडी अलाणे पर फोढल़ा षुरू होीद है।,पिंडली हिलाने पर फोड़ा शुरू होती है।
चेहरे पर दानेथ णिकल आए हैं।,चेहरे पर दाने निकल आए हैं।
भैडैन केा नागन में कवअऊज शुड़णू होदी है।,बैठने के बाद नाखून में कब्ज शुरू होती है।
डॉक्टड़ ने खहा वयारल है।,डॉक्टर ने कहा वायरल है।
पीरयढ्स का तौरान थकान रहती है।,पीरियड्स के दौरान थकान रहती है।
गनंो में पानीरभ गया है।,घुटने में पानी भर गया है।
जां एीमिया िकला ैह।,जाँच में एनीमिया निकला है।
सर में रूसी हो गई है।,सिर में रूसी हो गई है।
गाना कोनेखे ाबदकधिाव लग़ती है।,खाना खाने के बाद खिंचाव लगती है।
ंडमें कोगनीमें खून आना सूरूइ होदा है।,ठंड में कोहनी में खून आना शुरू होता है।
सुबह उटते हकाघम ेमं घबरा लगता है।,सुबह उठते ही कान में घबराहट लगता है।
बैर की अंगुली टूट गई है।,पैर की अंगुली टूट गई है।
खाान खाने केबद नीनद न आनपा कम हो जाहटाहै।,खाना खाने के बाद नींद न आना कम हो जाता है।
चरमै रप दाँटत नेम सुम्णफम बध़ जोता है।,चलने पर दाँत में सुन्नपन बढ़ जाता है।
अतयधिकतमली केग छाठ षमक्रमञ भी बढ़ जादी है।,अत्यधिक मतली के साथ संक्रमण भी बढ़ जाती है।
मूझाआर्दधराटिष ै और फेफड़ेभां द्ढ बनी रीट है।,मुझे आर्थराइटिस है और फेफड़े में दर्द बनी रहती है।
परवार मेंक बीपी की समस्या रही है।,परिवार में बीपी की समस्या रही है।
थंन में आँख में धड़कन रहता है।,ठंड में आँख में धड़कन रहता है।
पैर की अमगुली डूट गई ैग।,पैर की अंगुली टूट गई है।
मेरे गुटना में धड़न और सूजन ोनों कम हो जाती है।,मेरे घुटना में धड़कन और सूजन दोनों कम हो जाती है।
ठंड में कानअ में कमजोर बनी घरहती हदै।,ठंड में कान में कमजोरी बनी रहती है।
़कंद ेमं दर्द अि।,कंधे में दर्द है।
रुक-रुक गर नींद आना के साथ कब्ज भि कम ह जाता है।,रुक-रुक कर नींद न आना के साथ कब्ज भी कम हो जाता है।
डवे लेने गे ा मे जरे महसुस होत हि।,दवा लेने के बाद भी छाले महसूस होती है।
भौं का छूने पर बहुत गाव महसूस हटोा है।,भौं को छूने पर बहुत घाव महसूस होता है।
कमधा मेअं दर्ड है।,कंधे में दर्द है।
आँख के आसपास बुखार औड़ ज़्यादा जुभण शुरू अोता है।,आँख के आसपास बुखार और ज़्यादा चुभन शुरू होता है।
़कमर में जुकाम केम ारण टच फी कमश हो टा है।,कमर में जुकाम के कारण चोट भी कम हो जाता है।
जिगरकी तव्चपर नींद न आना अोता है।,जिगर की त्वचा पर नींद न आना होता है।
ाँच नें बेइल ्स निका है।,जाँच में पाइल्स निकला है।
ज़आवोनहं निकल रही।,आवाज़ नहीं निकल रही।
डॉक् टर मे क बपी है।,डॉक्टर ने कहा बीपी है।
ैर की अगंुलीतूट गई हैक।,पैर की अंगुली टूट गई है।
रेत से एड़े में बेहद कट महसूस होती है।,रात से एड़ी में बेहद कट महसूस होती है।
पटैल कीट्वचो पड़झ बुखार हुते है।,पैर की त्वचा पर बुखार होता है।
खँसचीमं खून आता है।,खाँसी में खून आता है।
मुँह ेमं छाले हो कए हैं।,मुँह में छाले हो गए हैं।
कमल मे दर्द रहता है।,कमर में दर्द रहता है।
रात का सोते समय नाक़ भें उल्टी गम हो जेती है।,रात को सोते समय नाक में उल्टी कम हो जाती है।
मुझे इफेक्शण हैऔ़ गल में खुली होती है।,मुझे इंफेक्शन है और गला में खुजली होती है।
धीरे-धफेवरे दिल मेनघाव होने लदहै।,धीरे-धीरे दिल में घाव होने लगती है।
झुनके पर गर्दण में गईैस आत है।,झुकने पर गर्दन में गैस आता है।
जाँघ के आसफसमौच औल म शुनमणप महुस गोीत है।,जाँघ के आसपास मोच और कम सुन्नपन महसूस होती है।
उँगलिखयों ेमं झूनझन होतसी है।,उँगलियों में झनझनाहट होती है।
जाँच में डिप्रेशन निकल है।,जाँच में डिप्रेशन निकला है।
चिडच़िड़ापण बढ़भ गया गै।,चिड़चिड़ापन बढ़ गया है।
वणै के बाध कमर म छरालिलगत़ अै।,बैठने के बाद कमर में छाले लगता है।
दस्त लक गए हैंठ।,दस्त लग गए हैं।
छाती में धबाव महसूस अोता गै।,छाती में दबाव महसूस होता है।
गर्ीम ेमं उँगळी े ीनद न आना कम हो ाताहै।,गर्मी में उँगली से नींद न आना कम हो जाता है।
छांस लेणे में तकलीफ होत ैह।,सांस लेने में तकलीफ होती है।
मेेर ुटनाआ मईें चोट रऔ तस्त धोनों ब़ जाता है।,मेरे घुटना में चोट और दस्त दोनों बढ़ जाता है।
जभ फर सफेद पलत हऐि।,जीभ पर सफेद परत है।
तवा लेनै ेक ाबद भी थंड गणा नअसूस अोता ै।,दवा लेने के बाद भी ठंड लगना महसूस होता है।
एट़ी नेरं दरद है।,एड़ी में दर्द है।
मेरे रे़ में छाले और गैस दोनों आीत है।,मेरे रीढ़ में छाले और गैस दोनों आती है।
पीठ भें अकड़नघहै।,पीठ में अकड़न है।
चनछे परपक मे खींआचाव होता है।,चलने पर पलक में खिंचाव होता है।
बाल झ़ड रहाहंै।,बाल झड़ रहे हैं।
चकलने फर पेट मेंअलर्जी शुरू होती है।,चलने पर पेट में एलर्जी शुरू होती है।
सुवअ उटते ही गर्दन में कनघधड़ महसूस होता है।,सुबह उठते ही गर्दन में धड़कन महसूस होता है।
छिड़जिड़ान बढ़ खया है।,चिड़चिड़ापन बढ़ गया है।
चेहरे पल डनाे नकर आए ह।,चेहरे पर दाने निकल आए हैं।
मझेगेल में नंतन नो ढ़ज झेति है।,मुझे गाल में नींद न आना बढ़ जाती है।
णाक़ के आसपाढस ड़ैश औल लगातार ठंडट लगनापढ़ जातटीहै।,नाक के आसपास रैश और लगातार ठंड लगना बढ़ जाती है।
शेर में रूसी हो गई है।,सिर में रूसी हो गई है।
याददाशग्त कमजुर हो गई है।,याददाश्त कमजोर हो गई है।
रिड़ की तअभच पर खल कम जाता है।,रीढ़ की त्वचा पर खुजली कम हो जाता है।
दवा ळेना कैऐ बाद भी थखान शुरू अोती है।,दवा लेने के बाद भी थकान शुरू होती है।
बेठन के बाद ददाँत में भूख न गलनाकन हो जाता है।,बैठने के बाद दाँत में भूख न लगना कम हो जाता है।
बेवज रोना ताआ है।,बेवजह रोना आता है।
पिछल हफदे सघैदवजा मं कम जलन लगेत अै।,पिछले हफ्ते से त्वचा में कम जलन लगती है।
छलने पर पलक में ऐंठन होती है।,चलने पर पलक में ऐंठन होती है।
डॉकल्ठ ने कहो बीपीह हयै।,डॉक्टर ने कहा बीपी है।
पैर ो छूनै पर रुक-रुक कर णकसीर बनी रहतहै।,पैर को छूने पर रुक-रुक कर नकसीर बनी रहती है।
बवासरी की समस्या ।,बवासीर की समस्या है।
मऐझुे फिशर है और गुर्दे में सूजन रहती है।,मुझे फिशर है और गुर्दा में सूजन रहती है।
रात को सोते समय ामंषपेशी नें गर्मी लगना आती है।,रात को सोते समय मांसपेशी में गर्मी लगना आती है।
सेंस लेने मिन तकलिभ होते है।,सांस लेने में तकलीफ होती है।
होंलठ अिलोने पड़ काम लगीत है।,होंठ हिलाने पर थकान लगती है।
पैर को छूेन पर असहनीय फ़्रैक्चर शुरू होती है।,पैर को छूने पर असहनीय फ्रैक्चर शुरू होती है।
ंटद में हड्डी में उल्टी लगता है।,ठंड में हड्डी में उल्टी लगता है।
झुक़न पर सिर नेचं ऐंनठ बढ़ जाती है।,झुकने पर सिर में ऐंठन बढ़ जाती है।
डॉक्टल नेकहा इमफेकअशन गै।,डॉक्टर ने कहा इंफेक्शन है।
लने पर जाँघ में फोड़ा आती है।,चलने पर जाँघ में फोड़ा आती है।
परिभारठ में कोलेस्ट्रॉल क समस्या रही है।,परिवार में कोलेस्ट्रॉल की समस्या रही है।
घ्ईान गेंद्रित नहीन कर पाती हूँ।,ध्यान केंद्रित नहीं कर पाती हूँ।
कान में आबा़आतआी है।,कान में आवाज़ आती है।
उँगलीमिं चोट लगी है।,उँगली में चोट लगी है।
नाखून टूट रहे हैंऐ।,नाखून टूट रहे हैं।
सस लेनइे मेंतीकफ हौी है।,सांस लेने में तकलीफ होती है।
बेडमे गे बादजाँधय भें ऐठण भहसस गोती है।,बैठने के बाद जाँघ में ऐंठन महसूस होती है।
मश षेकळई मे गल्गा रैशबढ़ जता अै।,शाम से कलाई में हल्का रैश बढ़ जाता है।
तलवे मांओ जदलहोती है।,तलवे में जलन होती है।
मुझे साइनस है और गल्दन मेंझणझनाहट रहीहै।,मुझे साइनस है और गर्दन में झनझनाहट रहती है।
पैरों भें सूजन आ गई है।,पैरों में सूजन आ गई है।
खबऐज़ खइी समस्ईा ैअ।,कब्ज़ की समस्या है।
झुकन पर ़ओ मे घभराट लगता है।,झुकने पर गला में घबराहट लगता है।
़्याद चोट के सात फड़क्चरभधी आता गै।,ज़्यादा चोट के साथ फ्रैक्चर भी आता है।
सुबअ उठतेम ही ोथ में खांसी बने रहती गै।,सुबह उठते ही हाथ में खांसी बनी रहती है।
गोहन गिला ने परग छारे आटी है।,कोहनी हिलाने पर छाले आती है।
शिल में रूसी होगई है।,सिर में रूसी हो गई है।
ात्ब सूखी और खु़ड़दी हो गई है।,त्वचा सूखी और खुरदरी हो गई है।
नाखून टूट रहे हें।,नाखून टूट रहे हैं।
ड़ेत क़ो सोते सम भौं ें जुकाम रहटी है।,रात को सोते समय भौं में जुकाम रहती है।
होनठ फहट रहे हैं।,होंठ फट रहे हैं।
छोभनक शे होशंरठ में ल्हा मोजबढ़ चटी है।,अचानक से होंठ में हल्का मोच बढ़ जाती है।
भूख बिळ्कुल नहीम रगती है।,भूख बिल्कुल नहीं लगती है।
कानी ने सूनज है।,कोहनी में सूजन है।
कान खाने के बाद कभज आतीहा।,खाना खाने के बाद कब्ज आती है।
गरी मे गुर्दा से बुखार बनी रहत हे।,गर्मी में गुर्दा से बुखार बनी रहती है।
छिर में सून है र ऐठंन भ रहते है।,सिर में सूजन है और ऐंठन भी रहता है।
कलाई के आसपास छींक और अत्यधिक ऐंठन बनवी रहती है।,कलाई के आसपास छींक और अत्यधिक ऐंठन बनी रहती है।
बेभजह रोनाआता है।,बेवजह रोना आता है।
माशपेएयों ेभ खींचवा ैह।,मांसपेशियों में खिंचाव है।
वजन अजानक खभ ोह गया है।,वजन अचानक कम हो गया है।
छनले पर ँपह मिं निंत मआतना खम हो जात है।,चलने पर बाँह में नींद न आना कम हो जाता है।
ठॉक्टर ने कमह अल्सर ह।,डॉक्टर ने कहा अल्सर है।
व्ययााम कनरे पर पछीना बना रहते है।,व्यायाम करने पर पसीना बना रहता है।
घरी में उँगली से खिंछाव बढ़ जाता है।,गर्मी में उँगली से खिंचाव बढ़ जाता है।
झुकणदै फर नेखन मंे षननाहट महसूस होटा है।,झुकने पर नाखून में झनझनाहट महसूस होता है।
खानाखेने क़ा बदा ाचरे वी रहदी है।,खाना खाने के बाद छाले बनी रहती है।
ठो़डि मं झनजअनात खे कारण सझांस फोरना भी रअदे हे।,ठोड़ी में झनझनाहट के कारण सांस फूलना भी रहता है।
घुटमे में पान भर गयो अैए।,घुटने में पानी भर गया है।
त्वचा सूखी और खोरदरी हो गई है।,त्वचा सूखी और खुरदरी हो गई है।
ाना खामे किबाद थकानम शुूर होती है।,खाना खाने के बाद थकान शुरू होती है।
खनो खाने े बात बेचैनी रदहच अै।,खाना खाने के बाद बेचैनी रहता है।
हट् के आसपेसभूख गन और लगातार ्रगै्रचबढ़ ोथ अै।,हड्डी के आसपास भूख न लगना और लगातार फ्रैक्चर बढ़ जाती है।
परिार मेम कोलेस्ट्रॉ की सभस्या लही गै।,परिवार में कोलेस्ट्रॉल की समस्या रही है।
शरेर में रद्द रहताहै।,शरीर में दर्द रहता है।
पेशबा का रंग़ बदल ग़या है।,पेशाब का रंग बदल गया है।
भख बेल्कलु नहीं ळगती है।,भूख बिल्कुल नहीं लगती है।
खाँसी में खनू आता अै।,खाँसी में खून आता है।
टखना को छूने पर रुक-रुक कड़ फछीना रहतो है।,टखना को छूने पर रुक-रुक कर पसीना रहता है।
नबेखू क छात्व र घा महसू गौथी है।,नाखून की त्वचा पर घाव महसूस होती है।
दीळ की धडने़ गो झातआीहा।,दिल की धड़कन तेज़ हो जाती है।
चर पखर ्तवचा मं ऐंठण लगणता गै।,चलने पर त्वचा में ऐंठन लगता है।
दिलठ की घकन तेलज़ हझो ाती ह।,दिल की धड़कन तेज़ हो जाती है।
पेट फूला रता गै।,पेट फूला रहता है।
मुझै गुग्दा में धड़कन लगती हे।,मुझे गुर्दा में धड़कन लगती है।
भखू बएिलअकुळ नहीं लघती ह।,भूख बिल्कुल नहीं लगती है।
झुकणे पराथ में बेना नीब रईहती गै।,झुकने पर हाथ में पसीना बनी रहती है।
चडि़चिड़ापम बड़ गया है।,चिड़चिड़ापन बढ़ गया है।
नाफक सेओ खूआता ै।,नाक से खून आता है।
चरने पड़ फेफड़ेभआें गलाहट हातीहै।,चलने पर फेफड़े में घबराहट होती है।
सुबअ उठति ही आँक मे लन महसोस ोता है।,सुबह उठते ही आँख में जलन महसूस होता है।
दिल कि धट़कन तेज़ हौ ़जा ती हा।,दिल की धड़कन तेज़ हो जाती है।
वजन अचानक क ग यगा है।,वजन अचानक कम हो गया है।
एकहफेत षे से ढ़ी में अत्यधिक मोच महसष होी है।,एक हफ्ते से से एड़ी में अत्यधिक मोच महसूस होती है।
सुबह ज़भमां जळन गोेन लत हधै।,सुबह जीभ में जलन होने लगती है।
सुहब उथते ही कमल मठें मबग महसोसछहोता है।,सुबह उठते ही कमर में बलगम महसूस होता है।
छि मेसं रशूीहो घई है।,सिर में रूसी हो गई है।
भअयाईाम करनै प घब़ेहड हती है।,व्यायाम करने पर घबराहट होती है।
भैरै जीभ में खाणसि और खिंचव दोनो क होजेटा हेऔ।,मेरे जीभ में खांसी और खिंचाव दोनों कम हो जाता है।
सुवह उठटेही पेट भें जुकाम रहति है।,सुबह उठते ही पेट में जुकाम रहती है।
कान नेम आवाज़ आती है।,कान में आवाज़ आती है।
त्चा सूआखी और खुरहदड़ी हो गईहै।,त्वचा सूखी और खुरदरी हो गई है।
मुझि नथना ने घवनराअठ मगसछ होदे ैह।,मुझे नथुना में घबराहट महसूस होता है।
पीरियड्स के धौरान थकान रहती है।,पीरियड्स के दौरान थकान रहती है।
फिशड़ हो गये है।,फिशर हो गया है।
चलने पर उँगली में िसरदरअद आती है।,चलने पर उँगली में सिरदर्द आती है।
टखने में ोच है।,टखने में मोच है।
व्याईाम गरना पर मोसच कमहो जाथी है।,व्यायाम करने पर मोच कम हो जाती है।
भैले जिगचर भमे ोछ और गाषी ुदणों कन ह चाद है।,मेरे जिगर में मोच और खांसी दोनों कम हो जाती है।
पीरयिड्स में हबुत दडर्द होट है।,पीरियड्स में बहुत दर्द होता है।
दाँत में तर्द है।,दाँत में दर्द है।
जटीभ हिलेनआै पल ौमच थआा ै।,जीभ हिलाने पर मोच आता है।
टकॉ्टर ने कगा आरथराइटिस है।,डॉक्टर ने कहा आर्थराइटिस है।
खा़ण खामे ैक बदा नींदई न आना महसूछ होता हे।,खाना खाने के बाद नींद न आना महसूस होता है।
मुझे बार-पार तरी जैसी भहसूस होती है।,मुझे बार-बार मतली जैसी महसूस होती है।
सुबहऐ उठते ही गठअठी नें लर्जी लगवती अै।,सुबह उठते ही हड्डी में एलर्जी लगती है।
खँसथी में ख़न ता हे।,खाँसी में खून आता है।
घुटने में पानि भर गया अै।,घुटने में पानी भर गया है।
सुबह उठते ही गाल नें नींद न आना शुरू होत है।,सुबह उठते ही गाल में नींद न आना शुरू होता है।
मुझउे उघली मेंम कीरनहदे है।,मुझे उँगली में छींक रहता है।
खट्टी डकर आटी है।,खट्टी डकार आती है।
ग़लेनेंभ खराश अ।,गले में खराश है।
बवसिरकी सछय है।,बवासीर की समस्या है।
दसत लग गए हैं।,दस्त लग गए हैं।
भूखभईिलकुल नही लगे ह।,भूख बिल्कुल नहीं लगती है।
फेट ूपला रता है।,पेट फूला रहता है।
ेशाब नें जलन होतणहै।,पेशाब में जलन होती है।
कंा के आषबास दसत औ ज़्यादा झनझनहड आता है।,कंधा के आसपास दस्त और ज़्यादा झनझनाहट आता है।
गोंठ फट रहे हैंड।,होंठ फट रहे हैं।
तळव में जळनहोठती गै।,तलवे में जलन होती है।
मासीक धर्म अनियमित है।,मासिक धर्म अनियमित है।
ड़ात ो सोते मय हत में झनजमाहट कम हो जाती है।,रात को सोते समय हाथ में झनझनाहट कम हो जाती है।
थखन गेनेके बठदा जरन तडी ै।,खाना खाने के बाद जलन आती है।
जाँघ मैंचभम के कालण दाने भी ती है।,जाँघ में चुभन के कारण दाने भी रहती है।
ठंड में कलाई नम एसिदिटी महशूसहोती है।,ठंड में कलाई में एसिडिटी महसूस होती है।
नेरे पंजा मा खोंषी और सां फूलना दोमो शुरू होती गै।,मेरे पंजा में खांसी और सांस फूलना दोनों शुरू होती है।
कब्ज़ की समस्ईा है।,कब्ज़ की समस्या है।
सास लिमे नें तकलीफ होती है।,सांस लेने में तकलीफ होती है।
सोबह उठते ीहऊ यदिमा मओें भूख न रगमा हता अै।,सुबह उठते ही दिमाग में भूख न लगना होता है।
परसों से गुर्दा में तेज़ ऐंठन ोता है।,परसों से गुर्दा में तेज़ ऐंठन होता है।
व्यायमा करन बलरैस आदी गै।,व्यायाम करने पर रैश आती है।
आवज़ नीहं नकिल हली।,आवाज़ नहीं निकल रही।
रात क सोते समय कधा मे रैश कमगो जोती है।,रात को सोते समय कंधा में रैश कम हो जाती है।
शौच मेंच खन आता है।,शौच में खून आता है।
आँखोंमें जडल और लालिमा है।,आँखों में जलन और लालिमा है।
डॉकअटर ने हा फिशर है।,डॉक्टर ने कहा फिशर है।
कना नें आबाज आती है।,कान में आवाज़ आती है।
गलेनें ख़राछ अै।,गले में खराश है।
ज़्यादा दर्द केसात घर्मी रगना भी होती है।,ज़्यादा दर्द के साथ गर्मी लगना भी होती है।
अतअयकध गाव के ाथ सांस फूलना भी मक होजातची गै।,अत्यधिक घाव के साथ सांस फूलना भी कम हो जाती है।
मअथा के आशपषा मभघ औरर बथअुत कनदलद़ खमठ होजाती ै।,माथा के आसपास बलगम और बहुत धड़कन कम हो जाती है।
मुँह में छाला अो गए हैं।,मुँह में छाले हो गए हैं।
जेफ ल सफे पर है।,जीभ पर सफेद परत है।
चलने र फभड़े ेम सस फ़ूलना मीत रती है।,चलने पर फेफड़े में सांस फूलना बनी रहती है।
बंा खि आसपसा जआलणऔ ज़ाईदा गिचाव लहती ै।,पंजा के आसपास जलन और ज़्यादा खिंचाव रहती है।
उगईेंमेसं झुनथझम होतीच है।,उँगलियों में झनझनाहट होती है।
दस्त लग़गए हैं।,दस्त लग गए हैं।
परिवाल में अस्थमा क मस्य रगी है।,परिवार में अस्थमा की समस्या रही है।
झुकने पर माथा में मतपली रहदी है।,झुकने पर माथा में मतली रहती है।
बेगड एलर्जी के सथ थकान भी महसूस ोहता गरै।,बेहद एलर्जी के साथ थकान भी महसूस होता है।
चलवन पर क़ई भंवजुखाम महछू हाती अै।,चलने पर कलाई में जुकाम महसूस होती है।
रमीगैन दां सा फ्रैकईचरत ुरू होतीैह।,गर्मी में दाँत से फ्रैक्चर शुरू होती है।
दस्तलग गए ैहं।,दस्त लग गए हैं।
बहुतऔ ऐमठन े छाथ जुकाम फी बढ़ जाताहै।,बहुत ऐंठन के साथ जुकाम भी बढ़ जाता है।
माठा में चोट के कारण दर्द भी बढ़ जाती है।,माथा में चोट के कारण दर्द भी बढ़ जाती है।
मेरि हाथ में नकसीर औल पसीना दोन ों होता है।,मेरे हाथ में नकसीर और पसीना दोनों होता है।
मोझ छ्लिद्पद सडक है और पंझाघमा जकप मसूरश अोती गै।,मुझे स्लिप्ड डिस्क है और पंजा में जुकाम महसूस होती है।
आँखं नें झलण औ ाललिमा ै।,आँखों में जलन और लालिमा है।
ुझने गॉ्रयहझै औल नथननुानैं पशीनाकम हो झीत है।,मुझे गॉलब्लैडर है और नथुना में पसीना कम हो जाती है।
चलने बर णष भान कजलुी भहसूछ हुता हे।,चलने पर नस में खुजली महसूस होता है।
गुटने भें ़लन के कारण दर्ड भे बना रतहा अ।,घुटना में जलन के कारण दर्द भी बना रहता है।
ेव लने कथे बाद भी एसिढेी हटरी है।,दवा लेने के बाद भी एसिडिटी रहती है।
पड काछनेऐ पर बहुत भखू न गा आता हि।,पीठ को छूने पर बहुत भूख न लगना आता है।
नाखून ूट रहे है।,नाखून टूट रहे हैं।
खाना मिगलने में दिक्कत ै।,खाना निगलने में दिक्कत है।
नोख बंद रहती है।,नाक बंद रहती है।
वजन अचानक बढ़ खया है।,वजन अचानक बढ़ गया है।
ध्ईाटन केंदरित नहंकड पाती हूँ।,ध्यान केंद्रित नहीं कर पाती हूँ।
दाज़ नींद न आमा के साथ बलगम भी लखती है।,तेज़ नींद न आना के साथ बलगम भी लगती है।
रात क़ो सोते छमय बागँ मिं जणग बढ़ जाते है।,रात को सोते समय बाँह में जलन बढ़ जाता है।
पैरोंड में सूजन आ घई हा।,पैरों में सूजन आ गई है।
रात को ोसते समय बाल में चक्कर कम हो जयाता गै।,रात को सोते समय बाल में चक्कर कम हो जाता है।
झुकने पर बौं में एसिडिटी बनी रहती है।,झुकने पर भौं में एसिडिटी बनी रहती है।
ुझेडग़ौंज मेन भूखन लगना लनघतहै।,मुझे जोड़ में भूख न लगना लगती है।
चने पल खवहोणी भे गषै मा रअटता है।,चलने पर कोहनी में गैस बना रहता है।
ीछळ महने दशाँत मेन ऐठन होने लगती है।,पिछले महीने दाँत में ऐंठन होने लगती है।
बवासीर की शमसय है।,बवासीर की समस्या है।
मुझे गला भें छींख तआीगै।,मुझे गला में छींक आती है।
ग़ल ैठा हुआ है।,गला बैठा हुआ है।
पीरियडअस में अबुत दर्औद हौता है।,पीरियड्स में बहुत दर्द होता है।
बाँह की त्वचा पर खंचाव रहता है।,बाँह की त्वचा पर खिंचाव रहता है।
मूे ड़ी़मेंत उल्टबी बढ़ ाता हा।,मुझे रीढ़ में उल्टी बढ़ जाता है।
ठं नमे हथ मं ुन्नपशुर होथि है।,ठंड में हाथ में सुन्नपन शुरू होती है।
वअ्योयाम करने बर फोड़ आत है।,व्यायाम करने पर फोड़ा आता है।
खाँसी में गून आता है।,खाँसी में खून आता है।
उँगलियो मं झनजनाहट होऔती है।,उँगलियों में झनझनाहट होती है।
झुकने पल हाथ मिं धकम ोहता है।,झुकने पर हाथ में धड़कन होता है।
परिवाल में इंफेकशन की समस्या रही है।,परिवार में इंफेक्शन की समस्या रही है।
खो ेंजलन और लोलिभा है।,आँखों में जलन और लालिमा है।
कळई नेंमोजओ आखई ै।,कलाई में मोच आ गई है।
मुंह में सूजन है रऔ दर्द बी बढ़ जाती है।,मुँह में सूजन है और दर्द भी बढ़ जाती है।
झूकमे पल फफेट़े नें घाव लगठतीहै।,झुकने पर फेफड़े में घाव लगती है।
ष़डीड़ में दर्द ड़हता है।,शरीर में दर्द रहता है।
िल की ध़डकन तेज़ हौ जाती है।,दिल की धड़कन तेज़ हो जाती है।
ठोड़ी में सूजन हैऔर चक्कर मी गोत है।,ठोड़ी में सूजन है और चक्कर भी होती है।
नुझे बार-ारव भतली ैसी महछूस होती हा।,मुझे बार-बार मतली जैसी महसूस होती है।
गर्मी में ज़भ से फअरैकचर लगता है।,गर्मी में जीभ से फ्रैक्चर लगता है।
भैठनै के पाद जलाँघ मेंास भुळना लगता हि।,बैठने के बाद जाँघ में सांस फूलना लगता है।
भा लमे कै बाद ठकेण लबगत ै।,दवा लेने के बाद भी थकान लगती है।
दवा लेने के बाद भीचक्कर बढ़ जाता है।,दवा लेने के बाद भी चक्कर बढ़ जाता है।
गालकै आसपा छन्नन औड़ ज़यादा नकसीर शरुू होीथ है।,गाल के आसपास सुन्नपन और ज़्यादा नकसीर शुरू होती है।
मुजे एसिडिटी है और छाती ें ऐंनठ लगता हे।,मुझे एसिडिटी है और छाती में ऐंठन लगता है।
आँख़ में ज़ुगम ेककारण सयजनण भ होताहै।,आँख में जुकाम के कारण सूजन भी होता है।
बपजेशा का रं बदर गज है।,पेशाब का रंग बदल गया है।
थोड़ा र्मीग लगना के साथच खल्खमी लगना भी नबा रहदा है।,थोड़ा गर्मी लगना के साथ गर्मी लगना भी बना रहता है।
झीभ पर सपेद परत ैह।,जीभ पर सफेद परत है।
पेट क़ोछशून परलगताे़ड गै रहत हि।,पेट को छूने पर लगातार गैस रहती है।
चलने पर गाल में नकसीर लतहा ैह।,चलने पर गाल में नकसीर रहता है।
सर मे दरआअद रहता ैह।,शरीर में दर्द रहता है।
मऔोझे गर्दन नेबेचैनी लअता है।,मुझे गर्दन में बेचैनी रहता है।
टखनगा की त्वा पल खिंचाव रहथा ह।,टखना की त्वचा पर खिंचाव रहता है।
पेशबा बार-बार आता है।,पेशाब बार-बार आता है।
नाक बंद लगती है।,नाक बंद रहती है।
ौमहीपने सासे हेथ में तेझ़ ेबचैनीलीद है।,दो महीने से से हाथ में तेज़ बेचैनी लगती है।
छाफतीभां दबातब महशूस होतेल है।,छाती में दबाव महसूस होता है।
मेरेपसल मे मोच और रैश दोों लगता गै।,मेरे पसली में मोच और रैश दोनों लगता है।
दाँत ो शने पर थो़ सुन्नती शुरू होता है।,दाँत को छूने पर थोड़ा सुन्नपन शुरू होता है।
कना मे वाज़ तआी है।,कान में आवाज़ आती है।
झीभ के त्वचा पघरमोच लगता ैह।,जीभ की त्वचा पर मोच लगता है।
मभुझे कन में शज बढ़ जाता है।,मुझे कान में सूजन बढ़ जाता है।
लहखतो़ गैस कै साठ छाला बी असूस गोतऐेै।,लगातार गैस के साथ छाले भी महसूस होती है।
कभी-कभी ीजभ भे ग्नीज गना ोहने लगती है।,कभी-कभी जीभ में गर्मी लगना होने लगती है।
खाण निगले में दिक्कत है।,खाना निगलने में दिक्कत है।
पीठभें अडक़ है।,पीठ में अकड़न है।
रशीर मेम दरअड रहता है।,शरीर में दर्द रहता है।
षौच भें खून आता है।,शौच में खून आता है।
बालमें सूजन है और खचल भी शुलू होता है।,बाल में सूजन है और खुजली भी शुरू होता है।
टखन की त्वचा पर बुखेर महसूस होत है।,टखना की त्वचा पर बुखार महसूस होती है।
सि मेम रूसी ोअ गई है।,सिर में रूसी हो गई है।
थोठ़ा धड़कन कैशाठ जलन भी कमस हो चाटी है।,थोड़ा धड़कन के साथ जलन भी कम हो जाती है।
बैठन के पाध घटना ें दाने बना रहथ है।,बैठने के बाद घुटना में दाने बना रहता है।
एक हफअते शे से पलक नें असहनीय शकं्भण बणान रहता हा।,एक हफ्ते से से पलक में असहनीय संक्रमण बना रहता है।
बैने के बाद दाँत में सु्ननप रहती है।,बैठने के बाद दाँत में सुन्नपन रहती है।
धवला लेने के बाध ीमबक्ज हस अोती है।,दवा लेने के बाद भी कब्ज महसूस होती है।
नथना ेमन षून है औ छोट भी़ जएोती हा।,नथुना में सूजन है और चोट भी बढ़ जाती है।
भुणझे आर्थरइटि हैऔर पकल भें दाने शुरूहोात गै।,मुझे आर्थराइटिस है और पलक में दाने शुरू होता है।
ध्याम केंदआ्रित मलीहं कर पादी हू।,ध्यान केंद्रित नहीं कर पाती हूँ।
दांत मेइ द्द हे।,दाँत में दर्द है।
नीड में खल पठम़ लही है।,नींद में खलल पड़ रही है।
वअाजम करेन पर एसिढऊिटी कम गो जाताफ है।,व्यायाम करने पर एसिडिटी कम हो जाता है।
पिंडलीमहिलानेट पर ठ मए हु जती गै।,पिंडली हिलाने पर कट कम हो जाती है।
ए़ की ्वशा पर उल्टी महस ूगस गोदा ह।,एड़ी की त्वचा पर उल्टी महसूस होता है।
परसुं से पीठ में अत्यढिक सूजनफ आती है।,परसों से पीठ में अत्यधिक सूजन आती है।
उँगहलीध में चोट रकी ै।,उँगली में चोट लगी है।
थंड े कना ैंुमक पढआ़ जाटा अै।,ठंड में कान में जुकाम बढ़ जाता है।
सुबह उठेत ग त्वचा में सुन्नपन बनी रहती है।,सुबह उठते ही त्वचा में सुन्नपन बनी रहती है।
कूल्हा ी त्वचा पर सूजन रहता ह।,कूल्हा की त्वचा पर सूजन रहता है।
षुपअ उठदे ही गुरख्दषा में फडो़ा ोहती है।,सुबह उठते ही गुर्दा में फोड़ा होती है।
़याता नींत ण आना साथ जुकप भी कम हो जोती है।,ज़्यादा नींद न आना के साथ जुकाम भी कम हो जाती है।
पलक में कब्ज के केआरण छींख भी होती है।,पलक में कब्ज के कारण छींक भी होती है।
चिड़चि़डापन बढ़ गया हैम।,चिड़चिड़ापन बढ़ गया है।
खाना खाने गि बाद ऐनठणबणी रहटीहै।,खाना खाने के बाद ऐंठन बनी रहती है।
सबह उठते गी ठड़ी में सुम्नपन शोरू होती ैह।,सुबह उठते ही ठोड़ी में सुन्नपन शुरू होती है।
हमेशा से नथुनढा में पहुतैगष बने रहता है।,हमेशा से नथुना में बहुत गैस बना रहता है।
खानधा खाने के बाद भड़ो ळगती अै।,खाना खाने के बाद फोड़ा लगती है।
यादबदाश्त कमझर हो गई है।,याददाश्त कमजोर हो गई है।
होंठ की त्वजा पर पघराहट क़म हो जाता है।,होंठ की त्वचा पर घबराहट कम हो जाता है।
गाल में जछण हउै और चगऐ् भी आटे अै।,गाल में सूजन है और चक्कर भी आता है।
मुे एििटी ैह और रीढ़ में कबअज महसूस हुता है।,मुझे एसिडिटी है और रीढ़ में कब्ज महसूस होता है।
कलाई की त्वचो पररैश कम हा चताी हनै।,कलाई की त्वचा पर रैश कम हो जाती है।
बैठ के वाद गरतन मंे कब्ज बीन हत है।,बैठने के बाद गर्दन में कब्ज बनी रहती है।
टखने में मोच हि।,टखने में मोच है।
नाक़ बदं हरती ह।,नाक बंद रहती है।
बषैठनेगे बाद पसलीेन नंन न आना आतषी हि।,बैठने के बाद पसली में नींद न आना आती है।
जांच मं सिडटिी निकला है।,जाँच में एसिडिटी निकला है।
त्वचा पड़ खली होी है।,त्वचा पर खुजली होती है।
पेशाब में जनल होती है।,पेशाब में जलन होती है।
पेशा का ड़ंग बदलगजा है।,पेशाब का रंग बदल गया है।
नाखूम टूठ रहे हैं।,नाखून टूट रहे हैं।
वझन चअानक बढ़ गया है।,वजन अचानक बढ़ गया है।
वाज़ नहीं निकल रही।,आवाज़ नहीं निकल रही।
दाँत ें दर्द है।,दाँत में दर्द है।
पेशाब में जलन होत है।,पेशाब में जलन होती है।
पलिवार मेंबपी क षभसय्ा रगीज है।,परिवार में बीपी की समस्या रही है।
व्ईायाभ करने पड़ नकद़ होतेहै।,व्यायाम करने पर धड़कन होती है।
उँगलियों भेऐंन षनानहटहोदे है।,उँगलियों में झनझनाहट होती है।
मुि वायरल गै रऔ पठ भें फ्ड़ैक्र कम हो जाती है।,मुझे वायरल है और पीठ में फ्रैक्चर कम हो जाती है।
पै फूरा रहता ैह।,पेट फूला रहता है।
मुझे बैक्टीरयल है और कोहनी भें घबराहट रहता है।,मुझे बैक्टीरियल है और कोहनी में घबराहट रहता है।
मुझे गॉलप्लैडर है और उँगली में संक्रमण कम हो जाटी है।,मुझे गॉलब्लैडर है और उँगली में संक्रमण कम हो जाती है।
पीड्सरिय के ौधरान थकन हरती है।,पीरियड्स के दौरान थकान रहती है।
मऐ ूझे यूटी आई ेग और मांसपेी में कमजोरी शुरू हुता गै।,मुझे यूटीआई है और मांसपेशी में कमजोरी शुरू होता है।
वजन अचोनक कम गो गया हे।,वजन अचानक कम हो गया है।
चलणे पर आँख में गैस बना रता है।,चलने पर आँख में गैस बना रहता है।
वजण अछानक गम होश गया है।,वजन अचानक कम हो गया है।
कान की त्भचा पर नकसीर महसूस होता है।,कान की त्वचा पर नकसीर महसूस होता है।
थोठ़ा चोट के साथफोड़ा भीओ शरुू होता है।,थोड़ा चोट के साथ फोड़ा भी शुरू होता है।
मोझे ठादरॉय हाऔर एओड़ी में फ़ड़ा लगत ै।,मुझे थायरॉयड है और एड़ी में फोड़ा लगता है।
बाल मेंषूजन है रऔ दर्द भी लगता है।,बाल में सूजन है और दर्द भी लगता है।
सुनने मेम दिक्तक हो रगी है।,सुनने में दिक्कत हो रही है।
दवा लेने कै ामद भी जकड़न महससू ोीट है।,दवा लेने के बाद भी जकड़न महसूस होती है।
कमर मैं पशेने क़े ारण चोत भी ़ढ झात हि।,कमर में पसीना के कारण चोट भी बढ़ जाता है।
कुछ दरेों से फैटमें पसीन होनै लणगती ैह।,कुछ दिनों से पेट में पसीना होने लगती है।
वजन अेनक बढ़ गाय है।,वजन अचानक बढ़ गया है।
झुकन पर कोहमीकमेम फरैचकर बना हता है।,झुकने पर कोहनी में फ्रैक्चर बना रहता है।
कब्ज़ की छमसजा है।,कब्ज़ की समस्या है।
मसड़ों से खुन आता है।,मसूड़ों से खून आता है।
सरि में रूसी हो गई ेह।,सिर में रूसी हो गई है।
परिवार मेम एसिडिटी की समस्या रहीगै।,परिवार में एसिडिटी की समस्या रही है।
हल्का फ्रैक्चर के साथ उल्टी भीबने रअती है।,हल्का फ्रैक्चर के साथ उल्टी भी बनी रहती है।
खाण निगरने में दि्कथ है।,खाना निगलने में दिक्कत है।
मुझे कूल्हा में संक्रनण कम हौह जाता हि।,मुझे कूल्हा में संक्रमण कम हो जाता है।
कभबर मैं दर्द रतहा है।,कमर में दर्द रहता है।
ठंठ भिं भमौ मैं ठंड लगना रयहत है।,ठंड में भौं में ठंड लगना रहती है।
अाचनक कान मेन लर्जि होे लगती ैह।,अचानक कान में एलर्जी होने लगती है।
बजन अचानक वड़ गया अै।,वजन अचानक बढ़ गया है।
मुँह में छो हो कए हैं।,मुँह में छाले हो गए हैं।
परिाबर में किडनी स्ोन कि सनशअया रही ैअ।,परिवार में किडनी स्टोन की समस्या रही है।
अअकसर तवछ नें शएेडीट अनोाऊ लगद हि।,अक्सर त्वचा में एसिडिटी होने लगती है।
कान क़ी थ्वचा बर बखा रहता है।,कान की त्वचा पर बुखार रहता है।
मुँग में छोले हो एग हैं।,मुँह में छाले हो गए हैं।
बद्ायषाम गरने पर भुख न गलना शुरू होता है।,व्यायाम करने पर भूख न लगना शुरू होता है।
ादधशअत कभजोल ो गई़है।,याददाश्त कमजोर हो गई है।
हाथप-िर सुनन हो जते हैं।,हाथ-पैर सुन्न हो जाते हैं।
खणभ निछगलने में खदिग्कतहै।,खाना निगलने में दिक्कत है।
रीढ़की त्वचा पर खुजली शुरूछ होता गै।,रीढ़ की त्वचा पर खुजली शुरू होता है।
गर्धन को छूने पर तअ्ईधकि चीमक आता है।,गर्दन को छूने पर अत्यधिक छींक आता है।
भाथा के आसपास छींक र हल्कओा दअदलगत है।,माथा के आसपास छींक और हल्का दर्द लगता है।
नख खाने के वा दाने महछूस अोतीगै।,खाना खाने के बाद दाने महसूस होती है।
टखतमे मे मचो है।,टखने में मोच है।
पै़ंो में सूजथन आ कई है।,पैरों में सूजन आ गई है।
रात को सोतेशमई दिल में बलगभ आता हा।,रात को सोते समय दिल में बलगम आता है।
पीठ में अक ड़न हा।,पीठ में अकड़न है।
झूकना पर न नें गैस शुरू हौती है।,झुकने पर नस में गैस शुरू होती है।
चिड़जिड़ापन बढ़ गईा ह।,चिड़चिड़ापन बढ़ गया है।
सीर के आसपास जलन और जज़्जाधा नींअद न आना रहती है।,सिर के आसपास जलन और ज़्यादा नींद न आना रहती है।
झफूखने पर जडो़में धड़कनमअसूछ हति है।,झुकने पर जोड़ में धड़कन महसूस होती है।
काफी कभजोशड़ी कि साथ जोट भि बढ जाता हे।,काफी कमजोरी के साथ चोट भी बढ़ जाता है।
बैठणि के बाद पीठ में पसीना मगसूसहती हि।,बैठने के बाद पीठ में पसीना महसूस होती है।
राद कोसाते सनय णस मे खुजली बनी हती है।,रात को सोते समय नस में खुजली बनी रहती है।
एड़ी की त्वचा पर ठंड रगना वढ़ जताअिश।,एड़ी की त्वचा पर ठंड लगना बढ़ जाता है।
गले मेंफ रखाश है।,गले में खराश है।
अकसर से पथ ेम बहुत संक्रमण शुरू होता है।,अक्सर से पीठ में बहुत संक्रमण शुरू होता है।
उँगलीऔ में चोट लगी है।,उँगली में चोट लगी है।
मेरे पेट मेंभोच रऔ कधन ोणंो मअऊशस हुदहा ह।,मेरे पेट में मोच और धड़कन दोनों महसूस होता है।
वैठनेे बद पेट में सूजऔन तश गै।,बैठने के बाद पेट में सूजन आती है।
डंदमैं सिड़ मेम ूजन होदाहै।,ठंड में सिर में सूजन होता है।
खाँशी मेम ून आा गै।,खाँसी में खून आता है।
उँघलिउों मंश झनझनहाट ोहती है।,उँगलियों में झनझनाहट होती है।
कलाई में मोच आ गई ै।,कलाई में मोच आ गई है।
टखने नें भोच ह।,टखने में मोच है।
छळने पड़ दिनोग भेंदाने बना रहद हे।,चलने पर दिमाग में दाने बना रहता है।
ामषिक धलअभ अणिजि े।,मासिक धर्म अनियमित है।
तळे ेमं जरण होतीगै।,तलवे में जलन होती है।
पेशब का रंग बदळ गया है।,पेशाब का रंग बदल गया है।
टखने में मोच हे।,टखने में मोच है।
वजन अचानक कम हो खया हा।,वजन अचानक कम हो गया है।
कभर में तल्द रगत हे।,कमर में दर्द रहता है।
खाना खामे के बाहद खाबर महसूस होती हे।,खाना खाने के बाद बुखार महसूस होती है।
सुबअ उडते हीपिडरी मेन खअुजलि लअतेहै।,सुबह उठते ही पिंडली में खुजली रहती है।
जीभ ं सूजषण है औ िसरदल्द ीभ शुर होता है।,जीभ में सूजन है और सिरदर्द भी शुरू होता है।
धुटना अिलाने पल दने होता है।,घुटना हिलाने पर दाने होता है।
मेरे रीढ़ में एरर्ज़ी औ सांस फूलमा दोुनं ना रगथा हैस।,मेरे रीढ़ में एलर्जी और सांस फूलना दोनों बना रहता है।
तोपगर से जिगर में ज़़्यादे संक्रमण लगता है।,दोपहर से जिगर में ज़्यादा संक्रमण लगता है।
्भयाईाम करणै पर छींक लगता ै।,व्यायाम करने पर छींक लगता है।
घुटने में पानी भर गया ै।,घुटने में पानी भर गया है।
पीर ियठसन में बहुत ड्रद होदा है।,पीरियड्स में बहुत दर्द होता है।
गला में खरटाश हे।,गले में खराश है।
खाना खोने केपाद कब्ज आती है।,खाना खाने के बाद कब्ज आती है।
बाल के आसपास बचेचैीऔर लह्का एसिडिटे रहता है।,बाल के आसपास बेचैनी और हल्का एसिडिटी रहता है।
रात को सते समय जोड़ नें दाे बनीरहती है।,रात को सोते समय जोड़ में दाने बनी रहती है।
मांछपेझशियों में किंचभ है।,मांसपेशियों में खिंचाव है।
जोड़ो मा अकड़म हे।,जोड़ों में अकड़न है।
मुहझे गलसामंे गषि शुलू होता गै।,मुझे गला में गैस शुरू होता है।
दिनाग ममे कमजोरी के कारन तस्त भीवगलती हि।,दिमाग में कमजोरी के कारण दस्त भी लगती है।
फरशों जीभ भेघाव अमेळगती है।,परसों जीभ में घाव होने लगती है।
भौं मे सूनजहै और रैश भी लगतागै।,भौं में सूजन है और रैश भी लगता है।
कबज़ कि़ सस्य ै।,कब्ज़ की समस्या है।
खेना गओानेके बड खांसी आती है।,खाना खाने के बाद खांसी आती है।
गुर्ऐदा के आसपास खुजल औड़ हअलकाअ लबगम बढ़ जाता हा।,गुर्दा के आसपास खुजली और हल्का बलगम बढ़ जाता है।
नाखून टूट रगे हां।,नाखून टूट रहे हैं।
फेफड़े भें सूज है और झनझनहट भी आपती गै।,फेफड़े में सूजन है और झनझनाहट भी आती है।
कोनमें आवेज़ आटति है।,कान में आवाज़ आती है।
गीर मे माथा ेसए कबम्ज होात हा।,गर्मी में माथा से कब्ज होता है।
गर्मी भेन छाती से एल्ज़ी लगता है।,गर्मी में छाती से एलर्जी लगता है।
नाघंछपेशिईों में खिंचव है।,मांसपेशियों में खिंचाव है।
सुवह उठते ही होठ में दामे कम हो जाता है।,सुबह उठते ही होंठ में दाने कम हो जाता है।
रात को ोसते मसकंे मेन जमोझहट आा ह।,रात को सोते समय कंधा में झनझनाहट आता है।
दठोहर बाँह ें चकर होणे लभतघी गा।,दोपहर बाँह में चक्कर होने लगती है।
कछ दिनोंस ीझभ में छो होन लगती हा।,कुछ दिनों से जीभ में छाले होने लगती है।
मुँह े आसरपाछ खून आने औशर ़ाफऊी घाव कभ हो ाजती है।,मुँह के आसपास खून आना और काफी घाव कम हो जाती है।
बज़म अचनक बढ़ गा है।,वजन अचानक बढ़ गया है।
खाँी में खून आता हरै।,खाँसी में खून आता है।
ठंट ेमं का में गब्च ़हत हैछ।,ठंड में कान में कब्ज रहती है।
हल्का ज़न ैसठ बसिन भ शोलू होथी है।,हल्का सूजन के साथ पसीना भी शुरू होती है।
टंधड नैंग्रदन में नकरमणख नहषूस होताऔ हे।,ठंड में गर्दन में संक्रमण महसूस होता है।
मींड नें खअलल पड़ रह ैग।,नींद में खलल पड़ रही है।
डॉक्र ना कहा हृदय रोग है।,डॉक्टर ने कहा हृदय रोग है।
परबार में फगनल क़ी षसभसई लह गै।,परिवार में फंगल की समस्या रही है।
टखने में मौच है।,टखने में मोच है।
पैलों में सूजनआ गई है।,पैरों में सूजन आ गई है।
ठंड मां उगँली मेझं गर्मी लगान लगता ैह।,ठंड में उँगली में गर्मी लगना लगता है।
दिल की धडकन ेतज़ हो जाती है।,दिल की धड़कन तेज़ हो जाती है।
बेवजहरोना आता है।,बेवजह रोना आता है।
नाक में सूजन है और थकना भी महसूस होती है।,नाक में सूजन है और थकान भी महसूस होती है।
त् वचा सूखी और ख़ु रदले हो गई है।,त्वचा सूखी और खुरदरी हो गई है।
होंठ हिलाने पर दस्त बहढ़ झाता है।,होंठ हिलाने पर दस्त बढ़ जाता है।
मरडेहडडी में उळअट औल बमलघ दोमं महसूष अोती है।,मेरे हड्डी में उल्टी और बलगम दोनों महसूस होती है।
डॉक्टड़ े कहा डप्िरणश ैह।,डॉक्टर ने कहा डिप्रेशन है।
मुहँ में छारे ह गए गां।,मुँह में छाले हो गए हैं।
ठं नें जोँघ में थकेन आती है।,ठंड में जाँघ में थकान आती है।
गलापैठा हुआ है।,गला बैठा हुआ है।
झुकने पर कोहनिमं लउटी रहीत है।,झुकने पर कोहनी में उल्टी रहती है।
चलने पर हडद्ी में फद़ा होती है।,चलने पर हड्डी में फोड़ा होती है।
परविार में डिप्रेशन गी समस्ाय रहइीहि।,परिवार में डिप्रेशन की समस्या रही है।
गटग्ती टाकर आतीअि।,खट्टी डकार आती है।
सुबह उठते हेड गळा मंे सांस फूनला आटा है।,सुबह उठते ही गला में सांस फूलना आता है।
दवा ेने के बाद भी ठंडलगना शुरू होती है।,दवा लेने के बाद भी ठंड लगना शुरू होती है।
ौशच िं ू तआा गै।,शौच में खून आता है।
तरेमें जलण होी है।,तलवे में जलन होती है।
दवा ळेनेब के वाद भीखेंसी बढ़ जाती हि।,दवा लेने के बाद भी खांसी बढ़ जाती है।
गला में चभन के करण चक्कर भी लगदि गि।,गला में चुभन के कारण चक्कर भी लगती है।
मुझे ठोद़े भें एषिडिटी कम हो जात अै।,मुझे ठोड़ी में एसिडिटी कम हो जाता है।
खेन खनाे का बाओद खमडक़ीजो रहऔती है।,खाना खाने के बाद कमजोरी रहती है।
ैनैकै बाद रढ़में फअैकजर हसूस होती हा।,बैठने के बाद रीढ़ में फ्रैक्चर महसूस होती है।
ड्कटर मे कहास्लिप्ड डिस्क है।,डॉक्टर ने कहा स्लिप्ड डिस्क है।
शौच में कून आता है।,शौच में खून आता है।
कमरेंभ दर्द रहता है।,कमर में दर्द रहता है।
गंउधा के आसपाछ जरन औड़ थोड़ा छींग वनाऊरहता है।,कंधा के आसपास जलन और थोड़ा छींक बना रहता है।
कंधे ें दर्दहै।,कंधे में दर्द है।
सुबह उठथे ही कमर में गर्मी लगण आथशी है।,सुबह उठते ही कमर में गर्मी लगना आती है।
मेरे दाँत भें एसेदिटी और बुखार तोनं रहती है।,मेरे दाँत में एसिडिटी और बुखार दोनों रहती है।
पीवठ ेमडं पसीना के क़ारण जलन भी बना रहता ैह।,पीठ में पसीना के कारण जलन भी बना रहता है।
मेरे जिगर मने ीशंक औल टंडलखना दोनों बना रअता हे।,मेरे जिगर में छींक और ठंड लगना दोनों बना रहता है।
होंठ फत हे ैन।,होंठ फट रहे हैं।
चगळमे पर नथुनाव में खिंचवा छुरू होत है।,चलने पर नथुना में खिंचाव शुरू होती है।
सेंस लेनेमें तकळीभ होती है।,सांस लेने में तकलीफ होती है।
पेशाब क़ा रंग बदल गईाप है।,पेशाब का रंग बदल गया है।
बार मे अषअथमा ख सभस्जा अी है।,परिवार में अस्थमा की समस्या रही है।
पैरों ने सूझम आ घई है।,पैरों में सूजन आ गई है।
झुनके पल खुड़अदा में झनझनश ाहट बध़ जाता अ।,झुकने पर गुर्दा में झनझनाहट बढ़ जाता है।
दबाज रउेने ेक बाड ीभ कमजोर कम हो जीत अै।,दवा लेने के बाद भी कमजोरी कम हो जाती है।
एड़ी मेठं दरद हे।,एड़ी में दर्द है।
पीड़ीडयअस क़ेदरा थणका हती अै।,पीरियड्स के दौरान थकान रहती है।
गर को चमूि पल अहनीय खुणजळीव ढ़जदी अै।,गला को छूने पर असहनीय खुजली बढ़ जाती है।
छाती में बदाब महसूस गोते गै।,छाती में दबाव महसूस होता है।
एढ़ी नऔंदरअत है।,एड़ी में दर्द है।
एड़ी नेंण सूज है और सीनाठ भऊी रहते हषै।,एड़ी में सूजन है और पसीना भी रहती है।
बवासीर की समसये है।,बवासीर की समस्या है।
कुर्दा नं चकअक े गालण नसकीर भी होीत है।,गुर्दा में चक्कर के कारण नकसीर भी होती है।
ग़ुर् दा के आसपास ऐंठन और लगातार सोन्णपन आती अै।,गुर्दा के आसपास ऐंठन और लगातार सुन्नपन आती है।
आँोमठ मे जनल और लालमा है।,आँखों में जलन और लालिमा है।
अचानकशे फौं में कम फ्रैक्छर नी रहती है।,अचानक से भौं में कम फ्रैक्चर बनी रहती है।
विकउ बिल्कुल नहीं लगी हा।,भूख बिल्कुल नहीं लगती है।
ोत गो शोटे सय कोणी ेमं द़ा ळगदि हा।,रात को सोते समय कोहनी में फोड़ा लगती है।
कर्मी मां जिग़ल से छाळे गलत ै।,गर्मी में जिगर से छाले लगती है।
दस्त लख गए अैं।,दस्त लग गए हैं।
घुटना की त्भचा पलल ऐमठन रहात है।,घुटना की त्वचा पर ऐंठन रहता है।
मषा वाबालअ मतील ज़ैसे नहहसस हो ै।,मुझे बार-बार मतली जैसी महसूस होती है।
गड़्मी में जीभ से खनजो रे रहती है।,गर्मी में जीभ से कमजोरी रहती है।
बहुत उलटी के ोसथ खिंजाव भी बढ जाी अै।,बहुत उल्टी के साथ खिंचाव भी बढ़ जाती है।
पावल झड़ रहे हैं।,बाल झड़ रहे हैं।
सांस लेणे में तकलीफ गोती है।,सांस लेने में तकलीफ होती है।
ीपरियडअउछ मईेंपुअत दर्द हतोा हतै।,पीरियड्स में बहुत दर्द होता है।
पशेाब मंे जलन होती है।,पेशाब में जलन होती है।
कलाडमें मशोच आ गई ै।,कलाई में मोच आ गई है।
खाना खाने के बाद खलजी कम अो जाता है।,खाना खाने के बाद खुजली कम हो जाता है।
पैर की द्वचा पर बुखा शुरू अोती है।,पैर की त्वचा पर बुखार शुरू होती है।
जँच में थयॉ रयड निकला है।,जाँच में थायरॉयड निकला है।
मुे बीबी है और भेफड़े में एसिडिटी होताहै।,मुझे बीपी है और फेफड़े में एसिडिटी होता है।
जोढ़ोमे अकड़न ि।,जोड़ों में अकड़न है।
तलवके में जरन ोति हे।,तलवे में जलन होती है।
कभी-कभी छ ेफभद़े नेंआ ते़ चक्कर बध़ जावती ै।,कभी-कभी से फेफड़े में तेज़ चक्कर बढ़ जाती है।
मेशे सा पैटशमा हल्का ऐंठन शोरू होता है।,हमेशा से पेट में हल्का ऐंठन शुरू होता है।
पेनफूळा रहता गै।,पेट फूला रहता है।
ठंड ेमं त्वचा में नींद आना रहता है।,ठंड में त्वचा में नींद न आना रहता है।
एड़ी मैं बगम ेक काड़ण पछीना भी बना रहत है।,एड़ी में बलगम के कारण पसीना भी बना रहता है।
पीरियड्स के दौरान थकान रहते है।,पीरियड्स के दौरान थकान रहती है।
घउुतनेओ मे पनी बल गया है।,घुटने में पानी भर गया है।
खाणा काने के ाद ींचाव वढ़जाती हे।,खाना खाने के बाद खिंचाव बढ़ जाती है।
रात को सोतेषमय आख़ मेंठधथट़कण महसूस होआती है।,रात को सोते समय आँख में धड़कन महसूस होती है।
नाक बंद रफहटी है।,नाक बंद रहती है।
गई दिनों से से नाखून में ज़्यादा जकठ़न लगता हा।,कई दिनों से से नाखून में ज़्यादा जकड़न लगता है।
मेर एड़ी भें फोड़ औरसशेल दोनों बढ़ जाता ै।,मेरे एड़ी में फोड़ा और छाले दोनों बढ़ जाता है।
नस के आछपास ठंड लगणा और बहुत खोंसी बनी रहती है।,नस के आसपास ठंड लगना और बहुत खांसी बनी रहती है।
खानाखाेण े वाद धकान षुरू हतोओी है।,खाना खाने के बाद थकान शुरू होती है।
बैठने के बा ला में चुभन आटी है।,बैठने के बाद गला में चुभन आती है।
खठ्टीडकार आती हि।,खट्टी डकार आती है।
बीड्स में बहोत दर्द होता है।,पीरियड्स में बहुत दर्द होता है।
रात को सोते मसय ठोड़ी में जलन आी अै।,रात को सोते समय ठोड़ी में जलन आती है।
कमड़ को छूने पर बिहद खजळीशुरो होा है।,कमर को छूने पर बेहद खुजली शुरू होता है।
बैठन के बात िगर मैं खू नआो ड़हते अट।,बैठने के बाद जिगर में खून आना रहती है।
ज़्यादा ाकंसी के साथ एसिडिटी भि कम हो जोता है।,ज़्यादा खांसी के साथ एसिडिटी भी कम हो जाता है।
छुबह भांह नें रैहारने रगती ैह।,सुबह बाँह में रैश होने लगती है।
गर्दन घुमाने मेंदिक्क़त है।,गर्दन घुमाने में दिक्कत है।
उँगलिजों में झनझना गट होती है।,उँगलियों में झनझनाहट होती है।
कना गाने क बाद़िडश लखति है।,खाना खाने के बाद रैश लगती है।
पेशईाबओ ेमधं जरउन हछतोी अै।,पेशाब में जलन होती है।
दिल की त्बच रप ोच रहती ाह।,दिल की त्वचा पर मोच रहती है।
पगेट में ़गेश बनती है।,पेट में गैस बनती है।
वजनऔअचनक कभ हो गा हनै।,वजन अचानक कम हो गया है।
आवाज़ नहं निकल रही।,आवाज़ नहीं निकल रही।
पिसाब बार-बार आता गै।,पेशाब बार-बार आता है।
केन में आवाडज़ आीत गै।,कान में आवाज़ आती है।
कब़्ज क़ी सम्छया है।,कब्ज़ की समस्या है।
रविर मेंबीप की छम्या री हएै।,परिवार में बीपी की समस्या रही है।
भुजते पलक में संक्रमणहोती ै।,मुझे पलक में संक्रमण होती है।
भजन अचानक बढ़ गया है।,वजन अचानक बढ़ गया है।
पेशाब मेंजल होती है।,पेशाब में जलन होती है।
डाटर े गे कलिठमे सटोन ैअ।,डॉक्टर ने कहा किडनी स्टोन है।
ॉक्टड़ ने काह पाइळ्स हे।,डॉक्टर ने कहा पाइल्स है।
ाबल झड़ रहे हैं।,बाल झड़ रहे हैं।
आँखों मंे जदल और लेलमा है।,आँखों में जलन और लालिमा है।
रात कु सोते समय पं मिं छाले बढ़ जाती है।,रात को सोते समय पंजा में छाले बढ़ जाती है।
छीड़मेंइ ूसी ह गई गै।,सिर में रूसी हो गई है।
पैरां मेन छूचन आ गई है।,पैरों में सूजन आ गई है।
ठड में त्वजा मिं अलर्ज आदा गै।,ठंड में त्वचा में एलर्जी आता है।
राद कोसोति समय नथनु में टक बनी अती है।,रात को सोते समय नथुना में कट बनी रहती है।
स्त लग गए हिं।,दस्त लग गए हैं।
ाँच में डिपअरेसनड नशिकला है।,जाँच में डिप्रेशन निकला है।
तैजऱ जशकड़न क ासथ बलगमभी लगतेभ हफै।,तेज़ जकड़न के साथ बलगम भी लगती है।
छेती में दबाभ हसश गोता गै।,छाती में दबाव महसूस होता है।
िवपार मेम एनीमिउय कीषओमसअजा रअी है।,परिवार में एनीमिया की समस्या रही है।
पीड भें अकड़न है।,पीठ में अकड़न है।
ेशाब बार-बार आता है।,पेशाब बार-बार आता है।
पेठ फूाल रहताहैझ।,पेट फूला रहता है।
धीर-ेधी रे े टखना में रकु-रु कर दर्द शोरू होीत अै।,धीरे-धीरे से टखना में रुक-रुक कर दर्द शुरू होती है।
दवअा रेने के बेद भी फो़ठा कए हो जेती है।,दवा लेने के बाद भी फोड़ा कम हो जाती है।
रोत को सोते समयटखणा में चक्कर कम हो जताी है।,रात को सोते समय टखना में चक्कर कम हो जाती है।
रोत खो ुसते समईकलाई में भअलगम बनी रहीत ह।,रात को सोते समय कलाई में बलगम बनी रहती है।
रात ाळ में छाळ होने लगती अे।,रात गला में छाले होने लगती है।
हल्का बेचैमी के साथ पशीनाय भी भढ़ जाती है।,हल्का बेचैनी के साथ पसीना भी बढ़ जाती है।
ाँछ में एनीिया निकल हे।,जाँच में एनीमिया निकला है।
होंठ फरहे है।,होंठ फट रहे हैं।
बणेजबह रोना ात है।,बेवजह रोना आता है।
झुके पर टखना में खुलची बना हरता है।,झुकने पर टखना में खुजली बना रहता है।
गुड़्ता कोत शून पल थोड़ा खुलचलड़गते ह।,गुर्दा को छूने पर थोड़ा खुजली रहता है।
बैठने के बाद घुटना मे चुभन शुरू होता ैह।,बैठने के बाद घुटना में चुभन शुरू होता है।
मुझे कान ेमं भुगाड़मक हो जाता है।,मुझे कान में बुखार कम हो जाता है।
नासेक धर्म अनियमित है।,मासिक धर्म अनियमित है।
तै़मवतलिथ कऱे साथ गमसिर भी होत है।,तेज़ मतली के साथ नकसीर भी होता है।
डॉक्टर नै क़अा अबष्थमा है।,डॉक्टर ने कहा अस्थमा है।
ुझे डायबिटीज़है औरनथुना में कट बढ़ जाता है।,मुझे डायबिटीज़ है और नथुना में कट बढ़ जाता है।
जाड़ों मेअम अक़डन है।,जोड़ों में अकड़न है।
हाथ-प ैर सुन्न हा चातेहिं।,हाथ-पैर सुन्न हो जाते हैं।
जँचमेम पंडगडल नकला है।,जाँच में फंगल निकला है।
क़ुछ डिलनों से शे कमधा मेन खोी गैस शुर होता अै।,कुछ दिनों से से कंधा में काफी गैस शुरू होता है।
बाळ गिराने बर घेव रशगती है।,बाल हिलाने पर घाव रहती है।
जाँज ने हरअनियभा पण़फराह।,जाँच में हर्निया निकला है।
ख़्टटीढकटडे़ थी है।,खट्टी डकार आती है।
बेवचह रोनाआता हा।,बेवजह रोना आता है।
गाल कोद छूने पर हल्का छाले ोती है।,गाल को छूने पर हल्का छाले होती है।
खँसफी में खू तआाहै।,खाँसी में खून आता है।
कल से ोजड़ में अत्ईधिक पसीना शुरू होता है।,कल से जोड़ में अत्यधिक पसीना शुरू होता है।
डाक्टरने कहा गॉबल्लडैर हा।,डॉक्टर ने कहा गॉलब्लैडर है।
बेजह रोना आदा है।,बेवजह रोना आता है।
सुजभग उठते हिपशली मे ग़ैस लआघीत है।,सुबह उठते ही पसली में गैस लगती है।
मुझझे माईठा ें सुन्नपन वनयी लहती है।,मुझे माथा में सुन्नपन बनी रहती है।
पेठ में अकड़न है।,पीठ में अकड़न है।
बेवजह रोना आत है।,बेवजह रोना आता है।
गब्ज़ ी समस्या हा।,कब्ज़ की समस्या है।
व्जयाम गरने पर ऐंठम आती ै।,व्यायाम करने पर ऐंठन आती है।
लग में सूझन है और बेगचैनी भी महसूस हो है।,गाल में सूजन है और बेचैनी भी महसूस होती है।
चनलऔे बर मसध मेडंमझझनाहट पना रहथाऐै।,चलने पर नस में झनझनाहट बना रहता है।
ठंमंे कानें मोच शरूइहौतीप है।,ठंड में कान में मोच शुरू होती है।
िबटने खेबाद जेगर में छ रगमति गैछ।,बैठने के बाद जिगर में छाले रहती है।
डॉक्टर ना कहा स्लिब्ड डिस्क हऔै।,डॉक्टर ने कहा स्लिप्ड डिस्क है।
ठोड़ी क त्वचा पर नकसरी बी रही है।,ठोड़ी की त्वचा पर नकसीर बनी रहती है।
डॉक्टर नेकअा गॉलब्ैडल है।,डॉक्टर ने कहा गॉलब्लैडर है।
गा-पैलसुन्न हो जाति हैं।,हाथ-पैर सुन्न हो जाते हैं।
सुबह उडदा ही कलाई ें दस् आती है।,सुबह उठते ही कलाई में दस्त आती है।
मेरे भौं मेंखंचाव और खून आन दोोन शुरू होती गै।,मेरे भौं में खिंचाव और खून आना दोनों शुरू होती है।
छाती की थ्वचा पर उलटी रगती है।,छाती की त्वचा पर उल्टी लगती है।
मुझऔे ोंठ मेंक ैरश वढ़ जताा है।,मुझे होंठ में रैश बढ़ जाता है।
अतय्धक गै केछाथ ख़ेजांव भी महसूस हती है।,अत्यधिक गैस के साथ खिंचाव भी महसूस होती है।
ड़ात गखर्धम में खून आनो हाने लगी िह।,रात गर्दन में खून आना होने लगती है।
रथ को छोत समझई दिल मेंरदाने शोल होदी ह।,रात को सोते समय दिल में दाने शुरू होती है।
ब्याय ाभ खड़न फर पपसीणऔा लती ग।,व्यायाम करने पर पसीना लगती है।
ोहंठ की त्वचा पर नींध न आना बढ़ जाता है।,होंठ की त्वचा पर नींद न आना बढ़ जाता है।
चलने पर मांछपेशी में चथुखाम बना रतहा है।,चलने पर मांसपेशी में जुकाम बना रहता है।
नखा ेखनले ेक पद ऐंटन आती है।,खाना खाने के बाद ऐंठन आती है।
बाल झड़ रगे हैं।,बाल झड़ रहे हैं।
शरीर मं दल्द हरतो है।,शरीर में दर्द रहता है।
सुबह उठते ही बाळ में उल्टी आती है।,सुबह उठते ही बाल में उल्टी आती है।
हाथ में सांस फना क कारण घव भी आत है।,हाथ में सांस फूलना के कारण घाव भी आती है।
चछिड़चिड़पान बढ़ गयाहै।,चिड़चिड़ापन बढ़ गया है।
लने प ी मां मचो आती गै।,चलने पर पीठ में मोच आती है।
ण नघिलने भें दिक्कद हे।,खाना निगलने में दिक्कत है।
पिछले हफअते से मथा नें ड़ुक-रुक कर सूजम मअसूस होती है।,पिछले हफ्ते से माथा में रुक-रुक कर सूजन महसूस होती है।
सिल में ूसी हा गई हैख।,सिर में रूसी हो गई है।
वज अचानक बढ़ गठया है।,वजन अचानक बढ़ गया है।
गलाातरसझम के सधो जकड़णब मी महसूस हात गा।,लगातार सूजन के साथ जकड़न भी महसूस होता है।
ध्यान केंत्रित नहिं कर ाफते हूँ।,ध्यान केंद्रित नहीं कर पाती हूँ।
मुझै एछिढिटी है औड़ पंजा में घबरोहट बणा रगता है।,मुझे एसिडिटी है और पंजा में घबराहट बना रहता है।
लंबे षमय से छे ांसेश भें कम क़मोरी गता हे।,लंबे समय से से मांसपेशी में कम कमजोरी लगता है।
पे िहलाने पर बुखार सुरू हतोता है।,पेट हिलाने पर बुखार शुरू होता है।
शमौच भषें खून आता है।,शौच में खून आता है।
दिलच की धड़कन ते़ होज ज़ाथी है।,दिल की धड़कन तेज़ हो जाती है।
जड़ों में अकडन है।,जोड़ों में अकड़न है।
ठंड में उँगली में दल्द शुरू होती है।,ठंड में उँगली में दर्द शुरू होती है।
राट को सोते सय दाँत में ऐंठन कम हो जाती है।,रात को सोते समय दाँत में ऐंठन कम हो जाती है।
पेसाबबार-वार आो हा।,पेशाब बार-बार आता है।
बैल कि अंगूळी टोट गई है।,पैर की अंगुली टूट गई है।
उँगल में चोटलगी है।,उँगली में चोट लगी है।
ज़्ओयोद कमजटोरी क़े ासथ संक्रमञ भी रहता है।,ज़्यादा कमजोरी के साथ संक्रमण भी रहता है।
मे गुद में रैष और शकमरण दोनों लगता है।,मेरे गुर्दा में रैश और संक्रमण दोनों लगता है।
ड़ाद स गुल्दा में अथ्यधिक नकसीर आतान हे।,रात से गुर्दा में अत्यधिक नकसीर आता है।
मुझे गर्दन मेंज सूजन महसूस गोता ह।,मुझे गर्दन में सूजन महसूस होता है।
पेट ूला रहता है।,पेट फूला रहता है।
र्मी भें कंधा ेस सक्लनञ शुरो हतोा ह।,गर्मी में कंधा से संक्रमण शुरू होता है।
टखने में माचप है।,टखने में मोच है।
माग बंद रहती है।,नाक बंद रहती है।
जाँच भें अल्सर निकला हि।,जाँच में अल्सर निकला है।
नछ में सून हैड औरपएछिढटऔी भ रहती गै।,नस में सूजन है और एसिडिटी भी रहती है।
धीरे-धीरे से जोड़ में हल्का जलन कमद हो जाती है।,धीरे-धीरे से जोड़ में हल्का जलन कम हो जाती है।
बवासीर क समसअया है।,बवासीर की समस्या है।
बरसों से मांषपेषी में तेज़ठ बलगम बनीथ रहती है।,परसों से मांसपेशी में तेज़ बलगम बनी रहती है।
खषटट्ी डकार आटी है।,खट्टी डकार आती है।
शछौ नें खूण आजता है।,शौच में खून आता है।
फेट फूळा ड़हटा है।,पेट फूला रहता है।
नाक से खूनआता गै।,नाक से खून आता है।
क्ज़़ कीझ समस्या है।,कब्ज़ की समस्या है।
आखोंब ेम जलन और लारिमा ि।,आँखों में जलन और लालिमा है।
ठंटड मेइं घतमो मां खुी बनोत रहता हि।,ठंड में घुटना में खुजली बना रहता है।
बैठनेके बा कऔोहने में सुन्नपन ़ जाती गै।,बैठने के बाद कोहनी में सुन्नपन बढ़ जाती है।
अचानक टखना में खुजली होने लगीत हैक।,अचानक टखना में खुजली होने लगती है।
सुबहओ उठते हखी कमूऊल्हो में जलखाम शुरू होता है।,सुबह उठते ही कूल्हा में जुकाम शुरू होता है।
वाजाम करने पर फ्रैक्चर हाती अैह।,व्यायाम करने पर फ्रैक्चर होती है।
कंधे में दरद् है।,कंधे में दर्द है।
झुआक़ने पल बाल में थकान ड़हईती अै।,झुकने पर बाल में थकान रहती है।
व्ययााम करने पल ध़क होती है।,व्यायाम करने पर धड़कन होती है।
ाबँह हगिलानेबड़ माचआता है।,बाँह हिलाने पर मोच आता है।
गला हिलेने पर चक्कर महसूस होीत है।,गला हिलाने पर चक्कर महसूस होती है।
छलने पललएड़ी में एसिडिटी रगती है।,चलने पर एड़ी में एसिडिटी लगती है।
शापबे का ड़ं बदलगया ै।,पेशाब का रंग बदल गया है।
दव रेने के बाद भ नींद म आनाहनूस गोतेहे।,दवा लेने के बाद भी नींद न आना महसूस होता है।
चरनेपर होठ मेम फरैक़्चर शुो होती है।,चलने पर होंठ में फ्रैक्चर शुरू होती है।
बौं कीतबचा परिखंचाव हसष होता गै।,भौं की त्वचा पर खिंचाव महसूस होता है।
कलईा में सूजन ै और ोच भी लगती है।,कलाई में सूजन है और मोच भी लगती है।
खाँसी में गून आता है।,खाँसी में खून आता है।
डए़ी नेबं घराधह के कारण टग मी शुरू गातपा अै।,एड़ी में घबराहट के कारण कट भी शुरू होता है।
पैरौन में शून आ गई गै।,पैरों में सूजन आ गई है।
रातक़ो षोते सभय नथूना में शं भूलगन हो चाता है।,रात को सोते समय नथुना में सांस फूलना कम हो जाता है।
खमर में रद रहता है।,कमर में दर्द रहता है।
नसू़ुसंे खून आत है।,मसूड़ों से खून आता है।
उँगलडियो भें झनझना हती है।,उँगलियों में झनझनाहट होती है।
परसतु छ बेल नंबेहद चोट रहता है।,परसों से बाल में बेहद चोट रहता है।
ीफ फर सफेद फरत है।,जीभ पर सफेद परत है।
पेशाब मे जलन होती अै।,पेशाब में जलन होती है।
पीथकी ्वतचा ल चडक्गड़ हषूस होता हि।,पीठ की त्वचा पर चक्कर महसूस होता है।
मेरे गर्न में एलरजी और सून डोनं अोती है।,मेरे गर्दन में एलर्जी और सूजन दोनों होती है।
संा ळेने नेंई तगलफ होती है।,सांस लेने में तकलीफ होती है।
नथुऊणा ेमं सज़न हे और चयक बी होटा है।,नथुना में सूजन है और चक्कर भी होता है।
चलने पल दमिाग में शां फूलझना लवगतो ह।,चलने पर दिमाग में सांस फूलना लगता है।
गर्दन घुाने मेंदीक्कट हा।,गर्दन घुमाने में दिक्कत है।
जीभ में सूज़न है और िसड़द्रध भी कतडो है।,जीभ में सूजन है और सिरदर्द भी लगता है।
सुबह उडतै ही बाल में कज़मबढ़ जाछतीहै।,सुबह उठते ही बाल में जकड़न बढ़ जाती है।
झुकने ल आँख मेन सासं फूना आता गै।,झुकने पर आँख में सांस फूलना आता है।
गड ्डी में खब्ज कि कोरण छींक भी कन हो झाती है।,हड्डी में कब्ज के कारण छींक भी कम हो जाती है।
िर में रूसी हो गई है।,सिर में रूसी हो गई है।
पिछलेट ह़फ्ते से ठोड़ी में तेज़़ जलन गतला है।,पिछले हफ्ते से ठोड़ी में तेज़ जलन लगता है।
ड़ी मैं दलअद है।,एड़ी में दर्द है।
आखँों में जलन औरलारिमा गै।,आँखों में जलन और लालिमा है।
ठंन मं जाँघ में बुखा बढ़ जाथा ह।,ठंड में जाँघ में बुखार बढ़ जाता है।
कमर हिलाने पर उळअटी लगतीर है।,कमर हिलाने पर उल्टी लगती है।
व्यााम करने पर जदर महसूस होती है।,व्यायाम करने पर जलन महसूस होती है।
दवा लेने के बाद भी थकाम कम हो झा घहै।,दवा लेने के बाद भी थकान कम हो जाता है।
डॉख्टर े कहा हर्नीय है।,डॉक्टर ने कहा हर्निया है।
आँखं में जलण और लालिमा अै।,आँखों में जलन और लालिमा है।
कंढे भें दल्द है।,कंधे में दर्द है।
तवा लेमा कै पड भे जुकमा रहता है।,दवा लेने के बाद भी जुकाम रहता है।
णखन भें जन अै और जरन भी रहताउ है।,नाखून में सूजन है और जलन भी रहता है।
दवाट लिने के बाद फी जडक़न शुरु होत गै।,दवा लेने के बाद भी जकड़न शुरू होता है।
जोददात् कमजोर हो गई ैह।,याददाश्त कमजोर हो गई है।
बार को छूने पर काफी ठंड लगा महसूस होती है।,बाल को छूने पर काफी ठंड लगना महसूस होती है।
ँउइगल मां चोट लगी है।,उँगली में चोट लगी है।
मींद में खलल पड़ रह है।,नींद में खलल पड़ रही है।
घुटने ेम पानी मर जो अै।,घुटने में पानी भर गया है।
जाघ गेलोनचि र घबराअट महसूस होता है।,जाँघ हिलाने पर घबराहट महसूस होता है।
ुटघा में पानी भल गया है।,घुटने में पानी भर गया है।
प़ार नंे फंरगल मशस्णो रही है।,परिवार में फंगल की समस्या रही है।
खानाक ख़ाने गे बाद करमी लगना रहा है।,खाना खाने के बाद गर्मी लगना रहता है।
डोडघ़ी हलिने परघाव आता है।,ठोड़ी हिलाने पर घाव आता है।
जाँघ में सूजन हशै और गैस भी आता है।,जाँघ में सूजन है और गैस भी आता है।
डॉक्टर ने कहो किडनी स्टोन है।,डॉक्टर ने कहा किडनी स्टोन है।
ाखून को ुचने परअत्यधिक़ ुचभ शुरू होता ैह।,नाखून को छूने पर अत्यधिक चुभन शुरू होता है।
सडुहब उठदे हे नाक मिं पसी मा लग़टा है।,सुबह उठते ही नाक में पसीना लगता है।
चलने पर गुअर्दा मेंएसिडिडी कम हो ाटी है।,चलने पर गुर्दा में एसिडिटी कम हो जाती है।
चिड़चिड़ापन बढ़ गयाह।,चिड़चिड़ापन बढ़ गया है।
त्वचा में ंठन के कारण एसणिडिटि भी बढ़ जातडा है।,त्वचा में ऐंठन के कारण एसिडिटी भी बढ़ जाता है।
व्याजाम करने ब साष फळा बना अता है।,व्यायाम करने पर सांस फूलना बना रहता है।
शरीड़ मे दरल्द रतहा है।,शरीर में दर्द रहता है।
परिवार मां साइनस कि समस्या री ै।,परिवार में साइनस की समस्या रही है।
मांसपेतशी में सून हैऔर नीं न आना भी कम हो ाती है।,मांसपेशी में सूजन है और नींद न आना भी कम हो जाती है।
बाठने खे बाद ोजड़ में सूजन बढ़जाता है।,बैठने के बाद जोड़ में सूजन बढ़ जाता है।
जीभपर सफेद परत है।,जीभ पर सफेद परत है।
जछा में यूतीआई मिपकला हअै।,जाँच में यूटीआई निकला है।
झुक़ने पर बाल नेंसूजम हात एी है।,झुकने पर बाल में सूजन होती है।
ठड में फेफ़डे मिं दर्द ुशरू हौता है।,ठंड में फेफड़े में दर्द शुरू होता है।
सुबह उठते ही बाल में ींक रहता है।,सुबह उठते ही बाल में छींक रहता है।
कभर मे दर्द रचहता है।,कमर में दर्द रहता है।
त्वचो पर खुजली होतीहे।,त्वचा पर खुजली होती है।
गा में सून हि और सुझन ीभ आा हैण।,गाल में सूजन है और सूजन भी आता है।
ध्ईान केंद्रित नहीं रक पाती हूँ।,ध्यान केंद्रित नहीं कर पाती हूँ।
खाना णिखलणे में तिककत है।,खाना निगलने में दिक्कत है।
शोपे काथ ंग बदल गया हवै।,पेशाब का रंग बदल गया है।
चलनेपर फटऐ मैं फ्रैक्चरमहसस होतीहै।,चलने पर पेट में फ्रैक्चर महसूस होती है।
त्वचा पर कुजली होती है।,त्वचा पर खुजली होती है।
पेठ में अक़डनहै।,पीठ में अकड़न है।
डॉक्डर ने कहो फइल्स हगै।,डॉक्टर ने कहा पाइल्स है।
खाना खाने के बाड जन कम होव जातीत है।,खाना खाने के बाद जलन कम हो जाती है।
पैर मां रछ के कारण चक्कआ़र फे होत है।,पैर में रैश के कारण चक्कर भी होती है।
टंप मे जाँघ ें मरी गतीहै।,ठंड में जाँघ में मतली लगती है।
गर्मी में बसली से कर्भी ळगना बनी रअत है।,गर्मी में पसली से गर्मी लगना बनी रहती है।
सिर में रूसी ह ग ै।,सिर में रूसी हो गई है।
मिरे आख भें जलन लऔ तका डोनोंष ोअती अै।,मेरे आँख में जलन और थकान दोनों होती है।
नुझे अस्मथा गै और जीभ मं खिचंाव ढ़ जाताइ ैह।,मुझे अस्थमा है और जीभ में खिंचाव बढ़ जाता है।
कमर में शूचम है औड़ छले ी शुूर होती हि।,कमर में सूजन है और छाले भी शुरू होती है।
चिड़चिड़बान वढघ़ गईा है।,चिड़चिड़ापन बढ़ गया है।
बाळ को शूने प काफी एलर्जी शुलू होता है।,बाल को छूने पर काफी एलर्जी शुरू होता है।
झुकने पर आँख मिं खजर बढ़ झाती है।,झुकने पर आँख में खुजली बढ़ जाती है।
दोपहरसेग जाथँघ मे रुग-रक क़ल गबरहट भतड़ चाताऊ है।,दोपहर से जाँघ में रुक-रुक कर घबराहट बढ़ जाता है।
छातफी केआसबास भतलिर लगाताल संकरभण रहथे हा।,छाती के आसपास मतली और लगातार संक्रमण रहती है।
टखना में खुजली केए कारण खिंचाव भी आता हे।,टखना में खुजली के कारण खिंचाव भी आता है।
ुभँहनं छाै होम एहैं।,मुँह में छाले हो गए हैं।
बडने के ाद पीथमखिं मोछ नहशोष होता है।,बैठने के बाद पीठ में मोच महसूस होता है।
ठंड ेनं जांघ में चक्कर आत गै।,ठंड में जाँघ में चक्कर आती है।
कोहणी नै सूजन ै।,कोहनी में सूजन है।
चेरहे रप दानेब निकलआए गैं।,चेहरे पर दाने निकल आए हैं।
क़नल में द्द हता गै।,कमर में दर्द रहता है।
दइोपहर हडठी में फरैक्चड़ होने ळगेतहै।,दोपहर हड्डी में फ्रैक्चर होने लगती है।
दवा ळेनऐे ेक बादभ बमग शुरू होता है।,दवा लेने के बाद भी बलगम शुरू होता है।
बाँह हिलाने पर नीमद म नआा ल़गात है।,बाँह हिलाने पर नींद न आना लगता है।
ब्यायाडम रकने पर एलल्जी कलतणी है।,व्यायाम करने पर एलर्जी लगती है।
कौहणथी ेमनशोजन अि।,कोहनी में सूजन है।
पै ठने के बाद कान में घरबाअ ढब़ झाटा ग।,बैठने के बाद कान में घबराहट बढ़ जाता है।
डॉक्टर णेट कगा थडइ़डैअ।,डॉक्टर ने कहा थायरॉयड है।
व्ाययाम डक़नि परझुका खम अो जाती ह।,व्यायाम करने पर जुकाम कम हो जाती है।
जाचँ में अस्थमा निखला ।,जाँच में अस्थमा निकला है।
मुझे पसली में चले आती है।,मुझे पसली में छाले आती है।
वे लेने के बद भषी बलगलम हहोता है।,दवा लेने के बाद भी बलगम होता है।
डॉकटर णे गहा डिप्रेशन है।,डॉक्टर ने कहा डिप्रेशन है।
मुझफंगल है और भुँह ें बदलगम रगतीहै।,मुझे फंगल है और मुँह में बलगम लगती है।
लंपे समय से से नथामेठं कएापीचोट हमषूस अोता है।,लंबे समय से से माथा में काफी चोट महसूस होता है।
तलभे में जरम ुती है।,तलवे में जलन होती है।
डाकअठरव ना कहापाइरस ै।,डॉक्टर ने कहा पाइल्स है।
पेशाब में लझन होीतहै।,पेशाब में जलन होती है।
झुड़ों में अकड़न है।,जोड़ों में अकड़न है।
गेआ मां कराष है।,गले में खराश है।
धिल क धडश़कन तज़ हो जाति हा।,दिल की धड़कन तेज़ हो जाती है।
ुमझ ोर्ष्रॉळ है और धाँत में कान षुड़ू होती हे।,मुझे कोलेस्ट्रॉल है और दाँत में थकान शुरू होती है।
दो महीने से पैर मैं दर्द होने रगती है।,दो महीने से पैर में दर्द होने लगती है।
बाल मे ूसजन है और धड़क़न भी आती है।,बाल में सूजन है और धड़कन भी आती है।
टंड मेम कूल्हाऔ मेन घवअोात है।,ठंड में कूल्हा में घाव होता है।
दबा लेेन कि ाद भीदाने रतहा हैढ।,दवा लेने के बाद भी दाने रहता है।
झुकनै पर फेफ़डासमेन छल ळगथि है।,झुकने पर फेफड़े में चक्कर लगती है।
गरी े पसली से जखड़न आत है।,गर्मी में पसली से जकड़न आता है।
थ्चा फर खुझइलि हाती ा।,त्वचा पर खुजली होती है।
गला बैठा ुआह है।,गला बैठा हुआ है।
कन में आवाज़ आी है।,कान में आवाज़ आती है।
चलने फर फेफड़ में झळन आता गा।,चलने पर फेफड़े में जलन आता है।
पैरोम मे सूचन आ गई है।,पैरों में सूजन आ गई है।
एड़ी में कमजोरी खे कारणरिश भी ुरू होता है।,एड़ी में कमजोरी के कारण रैश भी शुरू होता है।
र्मीग में पठढ से जुकाप हसूस होथी हलै।,गर्मी में पीठ से जुकाम महसूस होती है।
शाबपे मेंजलण होती है।,पेशाब में जलन होती है।
खानो नगलने में दिक्गत ै।,खाना निगलने में दिक्कत है।
माथा िलाने पर चुमनहोता है।,माथा हिलाने पर चुभन होता है।
डॉ्टकड़ ने कहा बीपी है।,डॉक्टर ने कहा बीपी है।
वैठणे के बाड हाथ मएें संक्रनण रहता है।,बैठने के बाद हाथ में संक्रमण रहता है।
पीरेय्स के ौलान तकन रगती गै।,पीरियड्स के दौरान थकान रहती है।
मेरे छात में खासी और बेचैनी दोनों रहती है।,मेरे छाती में खांसी और बेचैनी दोनों रहती है।
परिवारभंे एनीमया की समस्ाय रही है।,परिवार में एनीमिया की समस्या रही है।
बैठनेकाझ बाद कलई मे बैचैनी शुरू होते गे।,बैठने के बाद कलाई में बेचैनी शुरू होती है।
लंबा छमय से से घुटना ेमम कम चाले कम हो जादउी है।,लंबे समय से से घुटना में कम छाले कम हो जाती है।
घनों में पानी भर गया है।,घुटने में पानी भर गया है।
संास रेे ें थकलीभ हतोी है।,सांस लेने में तकलीफ होती है।
बिछेल नहीने से गुर्दा ेंल असहनयी ऐठन शरू होती है।,पिछले महीने से गुर्दा में असहनीय ऐंठन शुरू होती है।
चरम पर जीभ में बुखर कम हो जाट है।,चलने पर जीभ में बुखार कम हो जाती है।
छड़च़ापन बढ़ गया हि।,चिड़चिड़ापन बढ़ गया है।
गर्मि में नस से चोट महषूस होता है।,गर्मी में नस से चोट महसूस होता है।
छपह उठतेही हओुंठ मे छाले बा ़डहता है।,सुबह उठते ही होंठ में छाले बना रहता है।
कलाई में मोच आ गई अ।,कलाई में मोच आ गई है।
बा गे सआपास बलगम और अपदस उलण्टी पणे रऐहदाड है।,बाल के आसपास बलगम और बेहद उल्टी बना रहता है।
आँख कदी त्वचा पर नकसीर होत है।,आँख की त्वचा पर नकसीर होती है।
ढॉ्डर ने कहा ायरल है।,डॉक्टर ने कहा वायरल है।
कमर में डअ रहता ह।,कमर में दर्द रहता है।
कलाई ेमं मोच आ ईग है।,कलाई में मोच आ गई है।
लगाार दाने के थ पसीना भि शयुलू हट है।,लगातार दाने के साथ पसीना भी शुरू होता है।
धीरै-ढठीरे त्वचा में कटण होने लगती हैद।,धीरे-धीरे त्वचा में कट होने लगती है।
मूझैएनभियोभ है औल हट्डपे नें फरैकआअचर ़हडती है।,मुझे एनीमिया है और हड्डी में फ्रैक्चर रहती है।
चडि़जिड़ापन बढ़ गया है।,चिड़चिड़ापन बढ़ गया है।
त्वच सूखी और गुरदरी हो गई है।,त्वचा सूखी और खुरदरी हो गई है।
कान में आभाज़ ीआ हधै।,कान में आवाज़ आती है।
खमर मेंठ जलन गे खारण जका भी बढ़ जातआा है।,कमर में जलन के कारण जुकाम भी बढ़ जाता है।
क दिनों सेसे कमर मेन अत्यघेकरैश वढ़ ाजताहै।,कई दिनों से से कमर में अत्यधिक रैश बढ़ जाता है।
वजन अजानक बध़गया गै।,वजन अचानक बढ़ गया है।
दवा लेणे का बाड भी नकसीड़ मह सूस हऐोती है।,दवा लेने के बाद भी नकसीर महसूस होती है।
अग्र बँह में गरनजोरीहने लघदी है।,अक्सर बाँह में कमजोरी होने लगती है।
ते़ज कब्ज के सेथ नकशीर भी महसूस होती है।,तेज़ कब्ज के साथ नकसीर भी महसूस होती है।
शाबपि का रंग बदल याग ै।,पेशाब का रंग बदल गया है।
वजन अचानक़ क हो ये है।,वजन अचानक कम हो गया है।
हाथ-पैर स्ुम हो झाथे हैं।,हाथ-पैर सुन्न हो जाते हैं।
मेरे जिकर में खजली और थकान दनां आथी है।,मेरे जिगर में खुजली और थकान दोनों आती है।
मुजि तवचा भं जुक़ामलगती है।,मुझे त्वचा में जुकाम लगती है।
ठंड में नाखूण में खांसी शुरू होता अै।,ठंड में नाखून में खांसी शुरू होता है।
जाँच मंे स्लिप्टडिस्क नकला है।,जाँच में स्लिप्ड डिस्क निकला है।
टंड में कोल्हा मेंव भलि बनी रहतउी हा।,ठंड में कूल्हा में मतली बनी रहती है।
कंध भैं सूझण है और संक्रमञ फीआट ैह।,कंधा में सूजन है और संक्रमण भी आता है।
एऱी कईे आसपासनींध न आना और गाफी पशीणा होतीहै।,एड़ी के आसपास नींद न आना और काफी पसीना होती है।
चलने पर जीभ में ऐंठन कम हौ जाता है।,चलने पर जीभ में ऐंठन कम हो जाता है।
फेशाब बार-बाल आता है।,पेशाब बार-बार आता है।
ड़ात का साता सयम ड़ढ़ में रैश हुता ै।,रात को सोते समय रीढ़ में रैश होता है।
डॉक्ठर ने कहा पाइल्स है।,डॉक्टर ने कहा पाइल्स है।
बेठमे के बद फछली मां सुन्मपन मषहूस हऐोतओा हे।,बैठने के बाद पसली में सुन्नपन महसूस होता है।
डिमाग कि आशपास जकढम औलबअुत पीना आताहै।,दिमाग के आसपास जकड़न और बहुत पसीना आता है।
मुझेउँगली मेम रैश लगता है।,मुझे उँगली में रैश लगता है।
मुझे बार-पार मली जैसी महसूछ होती है।,मुझे बार-बार मतली जैसी महसूस होती है।
खानो णिगलेनभ मंे दखकथभ हा।,खाना निगलने में दिक्कत है।
मुे इंफके्शन है और मुँह नें फोड़ा रहता अै।,मुझे इंफेक्शन है और मुँह में फोड़ा रहता है।
ढॉक्टर ने कहा फिशड़ ै।,डॉक्टर ने कहा फिशर है।
लगा में सून है और छारे भि गोती है।,गला में सूजन है और छाले भी होती है।
ठॉक्टर ने काह ष्ळिप्ड डिस्क है।,डॉक्टर ने कहा स्लिप्ड डिस्क है।
भासिख धर्म अनियभीतहै।,मासिक धर्म अनियमित है।
गला में सूजन है और दस्त भी लग़दा है।,गला में सूजन है और दस्त भी लगता है।
रात दिभाग मं चोशट होने लगती है।,रात दिमाग में चोट होने लगती है।
उगली में चोटलीग है।,उँगली में चोट लगी है।
मुे अभल्सर है औ तव्चा ें एलरअजी आती है।,मुझे अल्सर है और त्वचा में एलर्जी आती है।
पैरोंमें सूजन आ घई है।,पैरों में सूजन आ गई है।
शौच में खूधण आता है।,शौच में खून आता है।
कान मेन सड़धरद के केड़ण छंक भी रते गै।,कान में सिरदर्द के कारण छींक भी रहती है।
कप्ज की समस्े हा।,कब्ज़ की समस्या है।
मांसपषेिईों में खिंचाव है।,मांसपेशियों में खिंचाव है।
दवो लेने के बाद मी खुजल लगती है।,दवा लेने के बाद भी खुजली लगती है।
पैल ामं सूजन है और ूभखड णह लगना भी रतही है।,पैर में सूजन है और भूख न लगना भी रहती है।
जीभ मेंझनषनात के कडा़ उल्ीट भी आति ह।,जीभ में झनझनाहट के कारण उल्टी भी आती है।
मुझि कोलेस्ठघल्ॉल है और होंठ में गिंचाव शुलू होती है।,मुझे कोलेस्ट्रॉल है और होंठ में खिंचाव शुरू होती है।
फार की अंगुली टूट गई है।,पैर की अंगुली टूट गई है।
भ्यायाम क़रने पर घाव अतोी ग।,व्यायाम करने पर घाव होती है।
आँकमोंनें ल औ लघाळमहहै।,आँखों में जलन और लालिमा है।
ोजंघ मं उझलटी केर ागरण ंषख्रमञ भी लहीद हा।,जाँघ में उल्टी के कारण संक्रमण भी रहती है।
फिषवरहो गया हि।,फिशर हो गया है।
पखिवेर ेछं र्निईा ी सस्ईा रहऐपीहचै।,परिवार में हर्निया की समस्या रही है।
सुबह उठते हि नस मिं खासी बना रहते है।,सुबह उठते ही नस में खांसी बना रहता है।
आवाज नहीं नकल ही।,आवाज़ नहीं निकल रही।
बजण अाजनक बऔढ़ गया ह।,वजन अचानक बढ़ गया है।
ुघ टने में फामी बर गया है।,घुटने में पानी भर गया है।
खले में खडशाहै।,गले में खराश है।
टखना मे मचहै।,टखने में मोच है।
अअयधिऐकखिठंचा के सा सषंस भलनाघ भी महूष गुता है।,अत्यधिक खिंचाव के साथ सांस फूलना भी महसूस होता है।
घुटना ग आसपा सुन्नपन और खाफी खा ंसी बन रगटे ैह।,घुटना के आसपास सुन्नपन और काफी खांसी बनी रहती है।
दोपहर से पेट मंे थोट़ा सांस फूलना शुरू हतोा है।,दोपहर से पेट में थोड़ा सांस फूलना शुरू होता है।
गर्मी में बमाल से खून आना महस ूस हछोथा है।,गर्मी में बाल से खून आना महसूस होता है।
त्वच में नकसीर के कणारण बुखेर भी शोरू होती है।,त्वचा में नकसीर के कारण बुखार भी शुरू होती है।
मुझे माथा में मोच आटी है।,मुझे माथा में मोच आती है।
बैटनि क बद बेँह मेंदअत लगते गै।,बैठने के बाद बाँह में दस्त लगता है।
मुझे बार-बार मतली झैसी महसूस होती है।,मुझे बार-बार मतली जैसी महसूस होती है।
मेरे दाँत में घबराहट और भूख न लखना दोनो रहता है।,मेरे दाँत में घबराहट और भूख न लगना दोनों रहता है।
नथुनभमें सोज हड़ बारहट भी कम अ जताा है।,नथुना में सूजन है और घबराहट भी कम हो जाता है।
कबअच़ की समसय्ा है।,कब्ज़ की समस्या है।
ुनमेभिं डिगकत हो ही अे।,सुनने में दिक्कत हो रही है।
पेट मये ीलदरद के कारण नतरीच भी रहता है।,पेट में सिरदर्द के कारण मतली भी रहता है।
गरमीमें कल्दन से गरअमी लगना बनी रहत ह।,गर्मी में गर्दन से गर्मी लगना बनी रहती है।
फीठ भें अखड़न है।,पीठ में अकड़न है।
ोंठ को छूने पड़थोड़ा वेचनीझ महसूस होता है।,होंठ को छूने पर थोड़ा बेचैनी महसूस होता है।
हाथमें सूजम हा और खून आना भी लग है।,हाथ में सूजन है और खून आना भी लगती है।
ज़्ायहदा नींत न आना के ाथ नंइद न आना भी कन ोह जटी गि।,ज़्यादा नींद न आना के साथ नींद न आना भी कम हो जाती है।
चेगड़ि पर धाेन नीलक आए हं।,चेहरे पर दाने निकल आए हैं।
जीब र सफदि पतरहै।,जीभ पर सफेद परत है।
आवाज नहीं निकलफ रही।,आवाज़ नहीं निकल रही।
नाक कीत्वजा पर चोठ रहती है।,नाक की त्वचा पर चोट रहती है।
जाँच मेफं फीशर निकरा है।,जाँच में फिशर निकला है।
पैल मे ून ग और गस भी भूहषफ होथि ैअ।,पैर में सूजन है और गैस भी महसूस होती है।
मोे लपमें खून आने बढ़ जाता है।,मुझे पलक में खून आना बढ़ जाता है।
नपक बंद रतही है।,नाक बंद रहती है।
मुझे डिप्रेशन अ और बाँह भें एसिडेटी कम हो जाती है।,मुझे डिप्रेशन है और बाँह में एसिडिटी कम हो जाती है।
ठंड में पलक में चींक लगतीहै।,ठंड में पलक में छींक लगती है।
झुकने पर गला में छाले ढब़ जाती है।,झुकने पर गला में छाले बढ़ जाती है।
शौच मे खन आताहै।,शौच में खून आता है।
कणा खाने के बद घाव म हो जाता गै।,खाना खाने के बाद घाव कम हो जाता है।
सुबह कनर मे नींद न आना होने लगति है।,सुबह कमर में नींद न आना होने लगती है।
खाा खाि के बद ंऐबडन बनी रती है।,खाना खाने के बाद ऐंठन बनी रहती है।
दिल में सूजन हसै और खिंचाव भी कम हो जाती है।,दिल में सूजन है और खिंचाव भी कम हो जाती है।
ठनडमं जचिकरई में खिंचाभकम ो जती हा।,ठंड में जिगर में खिंचाव कम हो जाती है।
पिरनमिं शूजन आ गईहै।,पैरों में सूजन आ गई है।
आवाज़ नहीं ेकल रही।,आवाज़ नहीं निकल रही।
बबासी की मसस्या है।,बवासीर की समस्या है।
मेरे गलढा ैमं एषीटिठी औल धड़कन दोमंो शरू हतोहे।,मेरे गला में एसिडिटी और धड़कन दोनों शुरू होता है।
रीढ़ की त्वजा पर झनझनाहट ब़ जादी है।,रीढ़ की त्वचा पर झनझनाहट बढ़ जाती है।
नआछ मं फोजड़ा कै क़ारण भख ण रकमामि ड़हाट हैइ।,नस में फोड़ा के कारण भूख न लगना भी रहता है।
सुवह उठथे ही पलक मे सां ूलणनबी रगीत अे।,सुबह उठते ही पलक में सांस फूलना बनी रहती है।
सिर में रूसी अो गई है।,सिर में रूसी हो गई है।
जाँच भें वायर निकला है।,जाँच में वायरल निकला है।
कल़ह कु चनैबर बहत वोखार आओा गै।,कूल्हा को छूने पर बहुत बुखार आता है।
कोअनी ेमं षूजण हि।,कोहनी में सूजन है।
पेशेब में ज़लन होती हे।,पेशाब में जलन होती है।
ग्मी मं धिल सि ोच महससूहता है।,गर्मी में दिल से चोट महसूस होता है।
एड़हीममे र्ड है।,एड़ी में दर्द है।
मरैे बाल ैमं कट और बलमग दोनोम लकता ै।,मेरे बाल में कट और बलगम दोनों लगता है।
रने पर र्दम मं मोच शूरू होत अै।,चलने पर गर्दन में मोच शुरू होती है।
हमेशा सेकमर में रुक-ड़ुक कर नेंद ण आना रहती है।,हमेशा से कमर में रुक-रुक कर नींद न आना रहती है।
धईीरेज-धीरे मसनपेशी भें खसी हुने लगती है।,धीरे-धीरे मांसपेशी में खांसी होने लगती है।
जाँ नं आर्थरइटज निकळा ैग।,जाँच में आर्थराइटिस निकला है।
दसअत ळग एगक हंै।,दस्त लग गए हैं।
मसपेशि के आसास खुजली और ेज़ सुन अन शुरू ोती है।,मांसपेशी के आसपास खुजली और तेज़ सुन्नपन शुरू होती है।
मासिक धर्म अनयमित है।,मासिक धर्म अनियमित है।
मुझा स्लिप्ड डिस्कहै और चिगर मां बलगम शुरू होता है।,मुझे स्लिप्ड डिस्क है और जिगर में बलगम शुरू होता है।
डॉक्टरने कगा साइणस है।,डॉक्टर ने कहा साइनस है।
दबा लऔेे खेल ाद भीबेचेषनी महषूस अोद ह।,दवा लेने के बाद भी बेचैनी महसूस होता है।
कनध खाने के भाद सेंस फूलना रहत है।,खाना खाने के बाद सांस फूलना रहती है।
लकझाऐईमें सूजम गै औ फौड़धाभी बमो रताहै।,कलाई में सूजन है और फोड़ा भी बना रहता है।
कोगनी में षूजन हि।,कोहनी में सूजन है।
दवा लेने के बोद भी ऐंठन बढ़ जाता हा।,दवा लेने के बाद भी ऐंठन बढ़ जाता है।
याऐददाश्त कमजोर हो गई है।,याददाश्त कमजोर हो गई है।
जिगलहिळोने पर ग्िन गलना आीत अै।,जिगर हिलाने पर गर्मी लगना आती है।
ख़ाना खाणे के बाद खुलची होता है।,खाना खाने के बाद खुजली होता है।
नेरे भौं में एकसीडिटी औल फसीना दोनोंबमा रहा हि।,मेरे भौं में एसिडिटी और पसीना दोनों बना रहता है।
पैरो मेऔं सूज़न आगई ा।,पैरों में सूजन आ गई है।
गअ़ले नें खराशन है।,गले में खराश है।
गल े सूनजहै और ठंन लगमा भी आती है।,गला में सूजन है और ठंड लगना भी आती है।
मरेे गाल ेभं चोट र घबराह दोोणं हतोा ैह।,मेरे गाल में चोट और घबराहट दोनों होता है।
झुकमे पर ाकनमें ज़ुकाम बढ जातो है।,झुकने पर कान में जुकाम बढ़ जाता है।
लंवे समय सैठ अाठ में गलममी लगना ोने लति हि।,लंबे समय से हाथ में गर्मी लगना होने लगती है।
नसूड़ों से ून आभदा है।,मसूड़ों से खून आता है।
घटुने में पनी भर गया अै।,घुटने में पानी भर गया है।
गर्मी नें जाँघ शेउल्ठी शुर गोात है।,गर्मी में जाँघ से उल्टी शुरू होता है।
उबलिजंऐ में झनझना हठ हुदी ै।,उँगलियों में झनझनाहट होती है।
कूल्हा के आषपास ोचटक और ुक-रुक कड़ जकाभ लगता है।,कूल्हा के आसपास चोट और रुक-रुक कर जुकाम लगता है।
परिवार में हर्निया गी छमस्या रही है।,परिवार में हर्निया की समस्या रही है।
ग हिलाअन पर मगव महूस ोती ह।,गाल हिलाने पर बलगम महसूस होती है।
डातर ने कहा डिपड़्ेशन है।,डॉक्टर ने कहा डिप्रेशन है।
फीशर अो खयोय है।,फिशर हो गया है।
डॉ कअटसर े क़हा ना ग़्रेण है।,डॉक्टर ने कहा माइग्रेन है।
परिवऊार में माइग्रेन क़ी समस्या लही है।,परिवार में माइग्रेन की समस्या रही है।
़ौही ें सजम है।,कोहनी में सूजन है।
ज़ीभ पर सफ़धेद फरत ै।,जीभ पर सफेद परत है।
झूने बर उकली मेउं कठन रगता अै।,झुकने पर उँगली में कट लगता है।
शिर में सणब क़ खालण भूख ण लगना भ महस होता ह।,सिर में सुन्नपन के कारण भूख न लगना भी महसूस होता है।
उंग़यां मन झनझणाहट होतअै।,उँगलियों में झनझनाहट होती है।
क़ममषढे भे द्रद हे।,कंधे में दर्द है।
बअज़ कि छसय है।,कब्ज़ की समस्या है।
गड़्म में मुँअ से खून आना आतीह।,गर्मी में मुँह से खून आना आती है।
जाँच में सिडि टी निकळा है।,जाँच में एसिडिटी निकला है।
असहीणय रैश के ासथ गरमी लखनाभी लगत है।,असहनीय रैश के साथ गर्मी लगना भी लगती है।
चेगेल बर तने नीगळ आए हेंव।,चेहरे पर दाने निकल आए हैं।
गर्मी में जाँघ से धड़कन बढ़ जोता है।,गर्मी में जाँघ से धड़कन बढ़ जाता है।
बैठने के बाद हाथ में फोड़े बढ़ जताी है।,बैठने के बाद हाथ में फोड़ा बढ़ जाती है।
अजानक सै कमर में लग़ातर छींक महस ूस होता है।,अचानक से कमर में लगातार छींक महसूस होता है।
झुगने पर छाति मंे नींद न आणा आता अै।,झुकने पर छाती में नींद न आना आता है।
दौ हीमना सेअ काल में गब्ज गोनेलगतिष है।,दो महीने से गाल में कब्ज होने लगती है।
पसील क त्वा पल घबलाहट ोघती ह।,पसली की त्वचा पर घबराहट होती है।
सुपह उठते ही गअदन में कनधडहौतघे ै।,सुबह उठते ही गर्दन में धड़कन होता है।
ुझा दभ्ज मे शररदअद हौत गै।,मुझे त्वचा में सिरदर्द होती है।
दबा लपेने का ाद भी खांसीमहछझूस होटिगै।,दवा लेने के बाद भी खांसी महसूस होती है।
दवा लेने के पाद भी चक्कर महसूस हशोति अै।,दवा लेने के बाद भी चक्कर महसूस होती है।
त्वचा सू़खी और खुरदरीहो खई है।,त्वचा सूखी और खुरदरी हो गई है।
कंधै में र्द है।,कंधे में दर्द है।
ॉदक्टड़ ने कहा खिडनी स्ोटन ै।,डॉक्टर ने कहा किडनी स्टोन है।
मुझे एनीमिया है और ीरढ़ में खिंचाव बना रहता है।,मुझे एनीमिया है और रीढ़ में खिंचाव बना रहता है।
उँगली की द्वजा पर लउटी रहथी है।,उँगली की त्वचा पर उल्टी रहती है।
उली को छूने पर बेअड लउ्टी कभ हु जाती अै।,उँगली को छूने पर बेहद उल्टी कम हो जाती है।
लनेछ पर घूडना मेम सपम कम हो जाता है।,चलने पर घुटना में सुन्नपन कम हो जाता है।
रात क शोेतशमय पाँह में नक षीर शोरू होटागै।,रात को सोते समय बाँह में नकसीर शुरू होता है।
पैरों में सूझन आ गई है।,पैरों में सूजन आ गई है।
पैड़ंो भें सून आ गई है।,पैरों में सूजन आ गई है।
कभीक- सै गलाईत मिन थोड़ा कडझ़न शरु होती है।,कभी-कभी से कलाई में थोड़ा जकड़न शुरू होती है।
बैठजने का बाद जँघ मिं कूलन आना कम हो जोथा है।,बैठने के बाद जाँघ में खून आना कम हो जाता है।
गर्दन की चातव् बल ठंड गल़णा म हो जता है।,गर्दन की त्वचा पर ठंड लगना कम हो जाता है।
मेरे नाठून में ठंड लगना और कमजोरी दोणों आथ है।,मेरे नाखून में ठंड लगना और कमजोरी दोनों आती है।
आवझ़ नअीं मकल रही।,आवाज़ नहीं निकल रही।
झुकने पर फेडफछे़ मिं घव कम अो ज़ाै।,झुकने पर फेफड़े में घाव कम हो जाता है।
णाखन टूट ड़अे हैं।,नाखून टूट रहे हैं।
दव लठेने के भाद भी कनज़ोी बनी री है।,दवा लेने के बाद भी कमजोरी बनी रहती है।
उँगळि की त्वशा पर चुन बणा लगताआ हे।,उँगली की त्वचा पर चुभन बना रहता है।
पीठमेम अकड़न ै।,पीठ में अकड़न है।
चलखे ़प गुल्दा मे र्टय पने रहीहै।,चलने पर गुर्दा में दर्द बनी रहती है।
मुँह ेन छाले हो गए हैं।,मुँह में छाले हो गए हैं।
वअयायम खरमे पटरचुभन शच ुरू हुथो है।,व्यायाम करने पर चुभन शुरू होता है।
नटस कीद त्भचापरज खून आान महूछश होदा है।,नस की त्वचा पर खून आना महसूस होता है।
मुझे दफिमाग मां धड़ कन लगता है।,मुझे दिमाग में धड़कन लगता है।
जाँच ममे बीपी णगगले अै।,जाँच में बीपी निकला है।
शौच मऔें खून आता है।,शौच में खून आता है।
टखने मांनोच गै।,टखने में मोच है।
खमधा में सजन ह और कान ीभ आता हे।,कंधा में सूजन है और थकान भी आता है।
नाखून टूट हे ां।,नाखून टूट रहे हैं।
आँख की तअवचा पर घरऊाअट महौ जात है।,आँख की त्वचा पर घबराहट कम हो जाती है।
वेहद घाव के छाथ छले भी मअसूस गोटा है।,बेहद घाव के साथ छाले भी महसूस होता है।
ोहनी मेतं उल्डी के कार थका बी लगतझे है।,कोहनी में उल्टी के कारण थकान भी लगती है।
कंढा ें गरभ्ी लग़ना के का़ण घबरहाट भी आता हा।,कंधा में गर्मी लगना के कारण घबराहट भी आता है।
जैहेझ पल डोने िकर आएहैं।,चेहरे पर दाने निकल आए हैं।
पलिवेर में डोयिटज़ की समस्ाय लढअी गै।,परिवार में डायबिटीज़ की समस्या रही है।
व्ययाम करणेपर ंठढ लगना कम हो जाता है।,व्यायाम करने पर ठंड लगना कम हो जाता है।
पैरव की त्वचा फरऐ जकड़ कम हो जाते है।,पैर की त्वचा पर जकड़न कम हो जाता है।
गर्दन घुमाणने में दिक्कत है।,गर्दन घुमाने में दिक्कत है।
ुगरअदा क ट्वचा पर बुखार लकती है।,गुर्दा की त्वचा पर बुखार लगती है।
भाा मिम सू हि और धईड़कन भी कम गो जाताहै।,माथा में सूजन है और धड़कन भी कम हो जाता है।
फीर यडस मे बगुत दरद होता है।,पीरियड्स में बहुत दर्द होता है।
दस्ट लग गए हैं।,दस्त लग गए हैं।
ठोद़ी मंि सजनहै और खाचव भी मअसउूस होती है।,ठोड़ी में सूजन है और खिंचाव भी महसूस होती है।
झाँच में फ़िशरनिकरे है।,जाँच में फिशर निकला है।
परविार मेंधअळ्सर की समस्या रही है।,परिवार में अल्सर की समस्या रही है।
बठैमे के बाद नाखून मांजलन कम ोअ जते है।,बैठने के बाद नाखून में जलन कम हो जाता है।
पलिवारभें पाइळ्सखी समस्या रही है।,परिवार में पाइल्स की समस्या रही है।
डॉकधटड़ न का अष्थमा है।,डॉक्टर ने कहा अस्थमा है।
मुझे घुटनाभें जलन शुरू हौता है।,मुझे घुटना में जलन शुरू होता है।
खट्डी कडोरन आतीहै।,खट्टी डकार आती है।
पीठ में अकड़न हैन।,पीठ में अकड़न है।
हड्डी की तभ्चा प़ चक् महसूस होती है।,हड्डी की त्वचा पर चक्कर महसूस होती है।
घमी मेंनथुना से घबड़ाहट ोती है।,गर्मी में नथुना से घबराहट होती है।
उँगियों में झनझनाहट होी है।,उँगलियों में झनझनाहट होती है।
गुर्दऐा हलिदाऊनै बर ़ुजरीई सूसड ईहोटीहलओे।,गुर्दा हिलाने पर खुजली महसूस होती है।
जाँघ के आबसासखट और लगभााल गर्मी रगना महससू होदी हजै।,जाँघ के आसपास कट और लगातार गर्मी लगना महसूस होती है।
मोझे पिंटली मेम छईेले महसूस होात है।,मुझे पिंडली में छाले महसूस होता है।
वअयाम क़लनै रप दलअद शुरु ोगती हधै।,व्यायाम करने पर दर्द शुरू होती है।
रशीर में डर्ड रहटा अै।,शरीर में दर्द रहता है।
वज अानख कम हो गया है।,वजन अचानक कम हो गया है।
तवचा सूखी और गरदरी हो गई है।,त्वचा सूखी और खुरदरी हो गई है।
पारों मंे सूजण आ गई है।,पैरों में सूजन आ गई है।
ठड नैं कूल्हा मे प्ज कन हो जाीत है।,ठंड में कूल्हा में कब्ज कम हो जाती है।
दिल मेन सूजन है और रैश भी कम हो जातीग हे।,दिल में सूजन है और रैश भी कम हो जाती है।
वजण चअमशक कम हो गया गै।,वजन अचानक कम हो गया है।
चलनखे रफेफड़े मैं धड़क़नऐरअती गै।,चलने पर फेफड़े में धड़कन रहती है।
गलाई के आसपास सिरदर्द और तेज़दर्ड रहति है।,कलाई के आसपास सिरदर्द और तेज़ दर्द रहती है।
डॉक्टल णओे कगा हरअनईा है।,डॉक्टर ने कहा हर्निया है।
मुझि छाउइणस अै औ गन नें बिजैीम षुरु होदे अै।,मुझे साइनस है और कान में बेचैनी शुरू होता है।
नसघ में सूजन है और ाव भी महसूश होता है।,नस में सूजन है और घाव भी महसूस होता है।
खर्मी में फेफड़े सै दर्ड आती है।,गर्मी में फेफड़े से दर्द आती है।
बाल को छूने बर लगातार छींक महसूस होती है।,बाल को छूने पर लगातार छींक महसूस होती है।
तलवनें जलन होी है।,तलवे में जलन होती है।
कबमरेभं सजन हभ और जझननाहतट भीलगता ाअ।,कमर में सूजन है और झनझनाहट भी लगता है।
ठंड में शाती नें उल्टी लगति है।,ठंड में छाती में उल्टी लगती है।
जीफ की त्वचा परछुट नहशूसहोता अै।,जीभ की त्वचा पर चोट महसूस होता है।
बैठनै ेक बादकोनि माम उल्ट होता है।,बैठने के बाद कोहनी में उल्टी होता है।
माथा के आसपाश थकना और बहद जकड़न शुरू होता है।,माथा के आसपास थकान और बेहद जकड़न शुरू होता है।
छात हिलाणे रप फुट़ महछुयस तहे है।,छाती हिलाने पर फोड़ा महसूस होता है।
बाल को छणे बर ह्लका डोमे लगती ैह।,बाल को छूने पर हल्का दाने लगती है।
दवो ळिने के बाद भी छींक बनी रहती गै।,दवा लेने के बाद भी छींक बनी रहती है।
गले भें खारश है।,गले में खराश है।
बाल झ़ रहे हैं।,बाल झड़ रहे हैं।
उलिईभं झझणात होी है।,उँगलियों में झनझनाहट होती है।
नाखून टूट लहे हैं।,नाखून टूट रहे हैं।
वेहदकट़ के ाथ ोख णलकणो भी बनी रहते है।,बेहद कट के साथ भूख न लगना भी बनी रहती है।
रात ो ोसते समय घुटना में कठ क ोह जाता है।,रात को सोते समय घुटना में कट कम हो जाता है।
ठंड में पी मे खुजली महसष होात है।,ठंड में पीठ में खुजली महसूस होता है।
फरिवा में बैकघअटीरियल की समसअजना रही गै।,परिवार में बैक्टीरियल की समस्या रही है।
कलई मंमोच आ गई है।,कलाई में मोच आ गई है।
गरा भैठा हु है।,गला बैठा हुआ है।
ठट में जिफ मे गर्मी रकणा सुरू गोतरा है।,ठंड में जीभ में गर्मी लगना शुरू होता है।
हाध में फ्रैक्चर के कारण कप्ज भी महसूस होता है।,हाथ में फ्रैक्चर के कारण कब्ज भी महसूस होता है।
ल भौं मलें चुभन हमोे लगथीहै।,कल भौं में चुभन होने लगती है।
पेट को छूने पर कम एलड़्ज़ी कम हो जाती है।,पेट को छूने पर कम एलर्जी कम हो जाती है।
भग मे छजोन है लऔ सांछफूळना भी भहूषस ोगती हि।,मुँह में सूजन है और सांस फूलना भी महसूस होती है।
भौंहिरेने पर कट मअू होथीहै।,भौं हिलाने पर कट महसूस होती है।
परिवषार नेंपाइरअश की सखमस्ईा रही है।,परिवार में पाइल्स की समस्या रही है।
लात मांसपेसी में जुकाम होने रगती है।,रात मांसपेशी में जुकाम होने लगती है।
थौठ़ा पसीे खेड साथ छीमक ीरटह है।,थोड़ा पसीना के साथ छींक भी रहता है।
छात्व सूखी औझर ख़ुऔररदे अो ईगहि।,त्वचा सूखी और खुरदरी हो गई है।
खट्टी डकार आती हि।,खट्टी डकार आती है।
ेरि ीर मपें वीख़ न गा लऔ कबअज दौनोम रहती गै।,मेरे सिर में भूख न लगना और कब्ज दोनों रहती है।
चेहरे परदाे निकलआए हैं।,चेहरे पर दाने निकल आए हैं।
सबह उठते अीहाठ में रैश रहती है।,सुबह उठते ही हाथ में रैश रहती है।
लने पर ोहंठ मखें मतली गुती अईै।,चलने पर होंठ में मतली होती है।
आखोटं मिं जलम और लापलिा है।,आँखों में जलन और लालिमा है।
त्वा फर खजली ोहती ा।,त्वचा पर खुजली होती है।
खना खेने के बमात एलल्ज महषूलस होती है।,खाना खाने के बाद एलर्जी महसूस होती है।
अणानक से ीठ मे ज़्ादा कलभजरि ब़ढ ोटैअ।,अचानक से पीठ में ज़्यादा कमजोरी बढ़ जाती है।
बेत फूला रअता गा।,पेट फूला रहता है।
बाँह में सूज िह और जनझाहटभी महसूसहोता है।,बाँह में सूजन है और झनझनाहट भी महसूस होता है।
गर्मीमैं ठोड़ी से भखरो हरोता है।,गर्मी में ठोड़ी से बुखार होता है।
रात को सुद सय पठ ें सडिटी हौता है।,रात को सोते समय पीठ में एसिडिटी होता है।
कोहनी मे सूजन है।,कोहनी में सूजन है।
बिशठलेहफ्ते से मांसपाअि में बेहदग पछना बढ़ जा है।,पिछले हफ्ते से मांसपेशी में बेहद पसीना बढ़ जाती है।
खाीस में खून आता अै।,खाँसी में खून आता है।
बाल हिलानटे परड़न आसती गै।,बाल हिलाने पर जकड़न आती है।
दवा लेने के बऔाद भी मतली शुरू होता है।,दवा लेने के बाद भी मतली शुरू होता है।
बैठमे क़ेबाद छाती मिंक़ब्ज बनी ड़हती हि।,बैठने के बाद छाती में कब्ज बनी रहती है।
जाच मेंओ डिप्रेशननिखर ाह।,जाँच में डिप्रेशन निकला है।
झुकमेपर टएी़ में सपण कभ हो चताा हि।,झुकने पर एड़ी में सुन्नपन कम हो जाता है।
फिशर हो गा गै।,फिशर हो गया है।
ारत को शोते षय ठोडऩ में छिंक रहता ै।,रात को सोते समय ठोड़ी में छींक रहता है।
खाना निगलन मां दिक्कत है।,खाना निगलने में दिक्कत है।
गला बैडा हुआ है।,गला बैठा हुआ है।
बचन अचानक कम हो गईा है।,वजन अचानक कम हो गया है।
भरेे हाथ नेम पकसबेनाऔल जकड ़न दो ोनम लगीद अै।,मेरे हाथ में पसीना और जकड़न दोनों लगती है।
पीठ में कड़़न गै।,पीठ में अकड़न है।
दाँ भां दर्द ैह।,दाँत में दर्द है।
जाच में मा् रे निकला है।,जाँच में माइग्रेन निकला है।
ँगलीु छूने पर अबद णकसीलआथी ैह।,उँगली को छूने पर बेहद नकसीर आती है।
ठमडमें टखान मन चतै रगी है।,ठंड में टखना में चक्कर रहती है।
खट्टीठखाड़ आती है।,खट्टी डकार आती है।
करम में दर्उदइ रहात हछै।,कमर में दर्द रहता है।
मुझे माथा मऊें छींक बढ़ जाती है।,मुझे माथा में छींक बढ़ जाती है।
चेहररे परदानेर निकआ़ल आए हैं।,चेहरे पर दाने निकल आए हैं।
लात ोसोेऔ समय फेडफ़े में खिंचाव बढ़ जारा है।,रात को सोते समय फेफड़े में खिंचाव बढ़ जाता है।
ढ्डी को ने फर ़ज्ठयेत ठंठ लगना हूस अोताहै।,हड्डी को छूने पर ज़्यादा ठंड लगना महसूस होता है।
ाँच भें ासणइ िकला ै।,जाँच में साइनस निकला है।
कअोनटी नें छजून है।,कोहनी में सूजन है।
गजला खे आसपाष जोकाम और रुक-रुक कर एललर्जी लगता हा।,गला के आसपास जुकाम और रुक-रुक कर एलर्जी लगता है।
बाल झडब़ रअहे हन।,बाल झड़ रहे हैं।
नींद मेंखलल फड़ रही है।,नींद में खलल पड़ रही है।
परसोंसे ान में असहनीय बेचैणी ोती है।,परसों से कान में असहनीय बेचैनी होती है।
तरवउा मेहं जलण होती अै।,तलवे में जलन होती है।
सुबह उटते ही सिर में छीं बढ़ ज़ाटा है।,सुबह उठते ही सिर में छींक बढ़ जाता है।
चलमे पर कमर ंे खून आमाआटा अ।,चलने पर कमर में खून आना आता है।
भौं ीक त्वचा पर एसीढीती आता ैह।,भौं की त्वचा पर एसिडिटी आता है।
कलाई के आससपस कट और खाफी एळजरअीख ो जेटा ै।,कलाई के आसपास कट और काफी एलर्जी कम हो जाता है।
झुकमेर नाक मथें शिरदरई्द बढ़ जाता हा।,झुकने पर नाक में सिरदर्द बढ़ जाता है।
छथ केठ आसबास झनझणोत और काफी चोट बणी रहदी है।,छाती के आसपास झनझनाहट और काफी चोट बनी रहती है।
शौच में खून आताअ ै।,शौच में खून आता है।
काम मेन आवज़ आती है।,कान में आवाज़ आती है।
ठणंट ान डअौ़िमां चुमन बढ़ जाट है।,ठंड में ठोड़ी में चुभन बढ़ जाता है।
मुझे हशर्निईे गै और गुर्दा में गल्मी लगने कम हो जाते है।,मुझे हर्निया है और गुर्दा में गर्मी लगना कम हो जाता है।
होंठ फट रहे गै।,होंठ फट रहे हैं।
चेहषरे पर दोने िनकल आए हैं।,चेहरे पर दाने निकल आए हैं।
बै ठने खे बाद कलाई मेशंदस्त वन रउअतै।,बैठने के बाद कलाई में दस्त बनी रहती है।
घ्ायन खेंद्रित नीं करपाती हूँ।,ध्यान केंद्रित नहीं कर पाती हूँ।
शाम सेछाती नधें बहु शळे आता अै।,शाम से छाती में बहुत छाले आता है।
कंधा कीभ ्वचा पर कब्ज आती है।,कंधा की त्वचा पर कब्ज आती है।
टगनो हलनिेपरघ ठकान मगसूस हाते हि।,टखना हिलाने पर थकान महसूस होता है।
ेमरे एड़ी में सन और उलटी दोनों रहती ै।,मेरे एड़ी में सुन्नपन और उल्टी दोनों रहती है।
आवाज़ नहीं नेकळ रही।,आवाज़ नहीं निकल रही।
परवार मैं पाइरय्श की छभ सय्ा रही गै।,परिवार में पाइल्स की समस्या रही है।
ादयँत मैं डर्द है।,दाँत में दर्द है।
नका ंदरगती है।,नाक बंद रहती है।
पलकैं जकड़म गे क़ारणघाव भी बढ़ ाताज है।,पलक में जकड़न के कारण घाव भी बढ़ जाता है।
खोहनी नें सनूजण है।,कोहनी में सूजन है।
सऔूबग उठते ही त्वचाझ में बुखार शुू हती है।,सुबह उठते ही त्वचा में बुखार शुरू होती है।
ठोड़ी के आसपास एसििटी औड़ कम सिरदल्द कमहो जाती है।,ठोड़ी के आसपास एसिडिटी और कम सिरदर्द कम हो जाती है।
कमल नें दरध रहतजा है।,कमर में दर्द रहता है।
मैरि दिनाग मैंोमछ और खेंझचाव दोनोन हमसूस अुती ैह।,मेरे दिमाग में मोच और खिंचाव दोनों महसूस होती है।
मझि बार-बाव मलती जेशी महसशूस अोथी हे।,मुझे बार-बार मतली जैसी महसूस होती है।
आगँ की त्वशा पर कबजड़हता है।,आँख की त्वचा पर कब्ज रहता है।
मरेि गर्दन में गथैस रऔ कट दोों ताो है।,मेरे गर्दन में गैस और कट दोनों होता है।
सुबह उठते ही मुँह मां मोच बढ़ जाती है।,सुबह उठते ही मुँह में मोच बढ़ जाती है।
ख़ाना कमा के ाद माचकम होजाती हि।,खाना खाने के बाद मोच कम हो जाती है।
मैरे कोणग मेअ मकसीर और बोखाद ोनंोहोता अै।,मेरे कोहनी में नकसीर और बुखार दोनों होता है।
कद में दर्द हे।,कंधे में दर्द है।
कईदिोनं सेम से टखना में काफी खुलजी होतो अै।,कई दिनों से से टखना में काफी खुजली होता है।
डॉकअटर ने का पैखटीरियल है।,डॉक्टर ने कहा बैक्टीरियल है।
उँगली में चोट रगी है।,उँगली में चोट लगी है।
आँखों मंे लजन और ळालिमार है।,आँखों में जलन और लालिमा है।
झुकनउे र नागून में सुजन भगअा ज़ोा है।,झुकने पर नाखून में सूजन कम हो जाता है।
ठंड मेमहंठ मंे कमरीजा बमाद रहता है।,ठंड में होंठ में कमजोरी बना रहता है।
ड़दा को ढसोतै समय गुर्दा मेबनए सेमसभूलम आतो है।,रात को सोते समय गुर्दा में सांस फूलना आता है।
शाबबे मे जल हतोी है।,पेशाब में जलन होती है।
पैरठुं में सूज आ गई है।,पैरों में सूजन आ गई है।
गले मे खराश है।,गले में खराश है।
डह्ड मेंघबड़ाहट खे खोरण टड लगणाभी कम ो जाता है।,हड्डी में घबराहट के कारण ठंड लगना भी कम हो जाता है।
खे मेंखालश है।,गले में खराश है।
छेहरेपर तानेत िगलआए गैं।,चेहरे पर दाने निकल आए हैं।
पसली को छूने प लफगातार खून आना आती है।,पसली को छूने पर लगातार खून आना आती है।
खईऊ दीनों से दाँथ में उल्टी अोने लती है।,कई दिनों से दाँत में उल्टी होने लगती है।
जादँ का छूने बरबरहुत नकसीर भहसूस होथी है।,जाँघ को छूने पर बहुत नकसीर महसूस होती है।
व्ययाम गलने पषर सिरदर्द वढ़ जाती है।,व्यायाम करने पर सिरदर्द बढ़ जाती है।
घुटमा में षूजन है और पसमीाण भी बढ़ झाता है।,घुटना में सूजन है और पसीना भी बढ़ जाता है।
हटडी हिळाने पर ठड लगना आा है।,हड्डी हिलाने पर ठंड लगना आता है।
सूबह उठते हि ंसपीि मि मोच शुरू होती है।,सुबह उठते ही मांसपेशी में मोच शुरू होती है।
फेशाब बाणर-बार आतउा है।,पेशाब बार-बार आता है।
ढऱ में सून हि औड़ संक्लनण भी शुरूहोथा अ।,रीढ़ में सूजन है और संक्रमण भी शुरू होता है।
आँख के आसप ास खट और असहनीय तकान शुरू होत है।,आँख के आसपास कट और असहनीय थकान शुरू होता है।
कब्ज़ की छमसअया है।,कब्ज़ की समस्या है।
बैठने खे बाद आँख में ऐंठन व़ जाता है।,बैठने के बाद आँख में ऐंठन बढ़ जाता है।
भुझेबैक्टीरियल है और कराई मेंचखर महसूस होथी ै।,मुझे बैक्टीरियल है और कलाई में चक्कर महसूस होती है।
जिलग को छनूा पर असनीय फर्ैक्चर रहती हे।,जिगर को छूने पर असहनीय फ्रैक्चर रहती है।
नबुपझे टॉशनअसिल हि र बेतल ेनम ुचफम शुरहोत हा।,मुझे टॉन्सिल है और बाल में चुभन शुरू होता है।
चलने पर छाथी में पसीना बनि रअती है।,चलने पर छाती में पसीना बनी रहती है।
जोद़ों मं अकट़न है।,जोड़ों में अकड़न है।
आँख िंसूजन हा और जकाम भीशुरू होता है।,आँख में सूजन है और जुकाम भी शुरू होता है।
सुनने में िकअकबत ह रगी अि।,सुनने में दिक्कत हो रही है।
